<?xml version="1.0" encoding="UTF-8"?>
<jcr:root xmlns:sling="http://sling.apache.org/jcr/sling/1.0" xmlns:cq="http://www.day.com/jcr/cq/1.0" xmlns:jcr="http://www.jcp.org/jcr/1.0" xmlns:nt="http://www.jcp.org/jcr/nt/1.0"
    jcr:primaryType="cq:Page">
    <jcr:content
        cq:lastModified="{Date}2022-03-04T02:59:55.689-06:00"
        cq:lastModifiedBy="Praveen.Vatchavayi@mercmarine.com"
        cq:template="/conf/delcity/settings/wcm/templates/delcity-generic-template"
        jcr:primaryType="cq:PageContent"
        jcr:title="Benefits of Automotive LED Replacement Bulbs"
        sling:resourceType="delcity/components/structure/page">
        <root
            jcr:primaryType="nt:unstructured"
            sling:resourceType="wcm/foundation/components/responsivegrid">
            <footer
                jcr:created="{Date}2021-06-21T14:21:52.357+05:30"
                jcr:createdBy="admin"
                jcr:lastModified="{Date}2022-02-01T17:04:20.028+05:30"
                jcr:lastModifiedBy="admin"
                jcr:primaryType="nt:unstructured"
                sling:resourceType="delcity/components/structure/footer"
                menutitle1="About Us"
                sendIcon="/content/dam/delcity/images/Icon-send@2x.png">
                <aboutus jcr:primaryType="nt:unstructured">
                    <item0
                        jcr:primaryType="nt:unstructured"
                        pagetitle="About Us"/>
                    <item1
                        jcr:primaryType="nt:unstructured"
                        pagetitle="Contact Us"/>
                    <item2
                        jcr:primaryType="nt:unstructured"
                        pagetitle="FAQs"/>
                </aboutus>
            </footer>
            <responsivegrid
                jcr:created="{Date}2021-06-21T14:21:44.042+05:30"
                jcr:createdBy="admin"
                jcr:lastModified="{Date}2022-02-01T17:04:38.578+05:30"
                jcr:lastModifiedBy="admin"
                jcr:primaryType="nt:unstructured"
                sling:resourceType="wcm/foundation/components/responsivegrid">
                <blogteaser
                    jcr:created="{Date}2022-02-22T19:27:02.174+05:30"
                    jcr:createdBy="admin"
                    jcr:lastModified="{Date}2022-02-22T19:30:03.919+05:30"
                    jcr:lastModifiedBy="admin"
                    jcr:primaryType="nt:unstructured"
                    sling:resourceType="ecomm-framework/components/content/blogteaser"
                    authoringDate="August 14, 2016"
                    authorName="Kelsey Scherf"
                    blogImage="/content/dam/delcity/images/blogs/image-not-available-image.png"
                    selectBrand="DC"
                    teaserHeader="Benefits of Automotive LED Replacement Bulbs">
                    <categoryList jcr:primaryType="nt:unstructured">
                        <item0
                            jcr:primaryType="nt:unstructured"
                            delcitycategories="Automotive"/>
                        <item1
                            jcr:primaryType="nt:unstructured"
                            delcitycategories="Lighting"/>
                    </categoryList>
                    <cq:responsive jcr:primaryType="nt:unstructured">
                        <default
                            jcr:primaryType="nt:unstructured"
                            offset="0"
                            width="12"/>
                    </cq:responsive>
                </blogteaser>
                <responsivegrid
                    jcr:created="{Date}2022-02-22T19:26:45.843+05:30"
                    jcr:createdBy="admin"
                    jcr:lastModified="{Date}2022-02-22T19:26:45.843+05:30"
                    jcr:lastModifiedBy="admin"
                    jcr:primaryType="nt:unstructured"
                    sling:resourceType="wcm/foundation/components/responsivegrid">
                    <cq:responsive jcr:primaryType="nt:unstructured"/>
                    <text
                        jcr:created="{Date}2022-02-22T19:32:12.939+05:30"
                        jcr:createdBy="admin"
                        jcr:lastModified="{Date}2022-02-22T19:32:18.093+05:30"
                        jcr:lastModifiedBy="admin"
                        jcr:primaryType="nt:unstructured"
                        sling:resourceType="delcity/components/content/text"
                        text="&lt;p>If you are in the market to replace your vehicle lighting, consider the new LED automotive bulbs.&lt;/p>&#xd;&#xa;"
                        textIsRich="true">
                        <cq:responsive jcr:primaryType="nt:unstructured">
                            <default
                                jcr:primaryType="nt:unstructured"
                                offset="0"
                                width="11"/>
                        </cq:responsive>
                    </text>
                    <image
                        jcr:created="{Date}2022-02-22T19:32:26.983+05:30"
                        jcr:createdBy="admin"
                        jcr:lastModified="{Date}2022-02-22T19:38:27.565+05:30"
                        jcr:lastModifiedBy="admin"
                        jcr:primaryType="nt:unstructured"
                        sling:resourceType="ecomm-framework/components/content/image"
                        altValueFromDAM="true"
                        displayPopupTitle="true"
                        fileReference="/content/dam/delcity/images/blogs/image-not-available-image.png"
                        isDecorative="false"
                        titleValueFromDAM="true">
                        <cq:responsive jcr:primaryType="nt:unstructured">
                            <default
                                jcr:primaryType="nt:unstructured"
                                offset="1"
                                width="3"/>
                        </cq:responsive>
                    </image>
                    <image_346556783
                        jcr:created="{Date}2022-02-22T19:32:37.459+05:30"
                        jcr:createdBy="admin"
                        jcr:lastModified="{Date}2022-02-22T19:38:34.829+05:30"
                        jcr:lastModifiedBy="admin"
                        jcr:primaryType="nt:unstructured"
                        sling:resourceType="ecomm-framework/components/content/image"
                        altValueFromDAM="true"
                        displayPopupTitle="true"
                        fileReference="/content/dam/delcity/images/blogs/image-not-available-image.png"
                        isDecorative="false"
                        titleValueFromDAM="true">
                        <cq:responsive jcr:primaryType="nt:unstructured">
                            <default
                                jcr:primaryType="nt:unstructured"
                                offset="0"
                                width="3"/>
                        </cq:responsive>
                    </image_346556783>
                    <image_216567675
                        jcr:created="{Date}2022-02-22T19:32:42.705+05:30"
                        jcr:createdBy="admin"
                        jcr:lastModified="{Date}2022-02-22T19:38:42.455+05:30"
                        jcr:lastModifiedBy="admin"
                        jcr:primaryType="nt:unstructured"
                        sling:resourceType="ecomm-framework/components/content/image"
                        altValueFromDAM="true"
                        displayPopupTitle="true"
                        fileReference="/content/dam/delcity/images/blogs/image-not-available-image.png"
                        isDecorative="false"
                        titleValueFromDAM="true">
                        <cq:responsive jcr:primaryType="nt:unstructured">
                            <default
                                jcr:primaryType="nt:unstructured"
                                offset="0"
                                width="3"/>
                        </cq:responsive>
                    </image_216567675>
                    <text_1154434030
                        jcr:created="{Date}2022-02-22T19:32:58.224+05:30"
                        jcr:createdBy="admin"
                        jcr:lastModified="{Date}2022-02-23T10:24:22.465+05:30"
                        jcr:lastModifiedBy="admin"
                        jcr:primaryType="nt:unstructured"
                        sling:resourceType="delcity/components/content/text"
                        text="&lt;p>&lt;b>LEDs are energy efficient, long-lasting, &amp;amp; enhance safety.&lt;/b>&lt;/p>&#xd;&#xa;"
                        textIsRich="true">
                        <cq:responsive jcr:primaryType="nt:unstructured">
                            <default
                                jcr:primaryType="nt:unstructured"
                                offset="0"
                                width="11"/>
                        </cq:responsive>
                    </text_1154434030>
                    <text_1957191049
                        jcr:created="{Date}2022-02-22T19:33:25.873+05:30"
                        jcr:createdBy="admin"
                        jcr:lastModified="{Date}2022-02-22T19:33:30.478+05:30"
                        jcr:lastModifiedBy="admin"
                        jcr:primaryType="nt:unstructured"
                        sling:resourceType="ecomm-framework/components/content/text"
                        text="&lt;p>One benefit of&amp;nbsp;&lt;a href=&quot;https://www.delcity.net/store/LED-Automotive-Bulbs/p_817844&quot;>LED automotive bulbs&lt;/a>&amp;nbsp;is that they are extremely energy efficient. They consume up to 90% less power than incandescent bulbs and offer a brighter light at lower power consumption. The lower energy consumption offers less maintenance costs due to the longer operational life time of LED lighting.&lt;/p>&#xd;&#xa;"
                        textIsRich="true"/>
                    <text_987345533
                        jcr:created="{Date}2022-02-22T19:33:41.668+05:30"
                        jcr:createdBy="admin"
                        jcr:lastModified="{Date}2022-02-22T19:33:46.138+05:30"
                        jcr:lastModifiedBy="admin"
                        jcr:primaryType="nt:unstructured"
                        sling:resourceType="ecomm-framework/components/content/text"
                        text="&lt;p>By selecting&amp;nbsp;&lt;a href=&quot;http://www.delcity.net/store/LED-Automotive-Bulbs/p_817844&quot;>automotive LED replacement bulbs&lt;/a>&amp;nbsp;for your vehicle, you are purchasing a longer lasting bulb. According to the US Department of Energy, LEDs have an estimated lifetime between 35,000- 50,000 hours. LEDs offer 10 times the lifespan of&amp;nbsp;&lt;a href=&quot;http://www.delcity.net/store/Incandescent-Bulbs/p_798153&quot;>incandescent bulbs&lt;/a>, and in most cases that means the lifetime of the vehicle.&amp;nbsp;&lt;/p>&#xd;&#xa;&lt;p>Another benefit of&amp;nbsp;&lt;a href=&quot;https://blog.delcity.net/benefits-of-automotive-led-replacement-bulbs/automotive%20LED%20replacement%20bulbs&quot;>automotive LED replacement bulbs&lt;/a>&amp;nbsp;is enhanced safety. When a vehicle’s brake lights are applied, LEDs respond instantaneously with its bright illumination. In addition, minimize the chances of a brake light or turn signal indicator being burnt out, which can cause a major safety issue. With a quick illumination response and expected longevity of these lights, LEDs are proving to be a safer option.&lt;/p>&#xd;&#xa;&lt;p>Del City now offers a wide-range of interior and exterior&amp;nbsp;&lt;a href=&quot;https://www.delcity.net/store/LED-Automotive-Bulbs/p_817844&quot;>LED automotive&amp;nbsp;bulbs&lt;/a>&amp;nbsp;in a variety of styles and lumens. Select from headlights, tail lights, dome lights and more. Each of the LED lights offered are measured in lumens, which determine the brightness of the lighting.&amp;nbsp;&lt;/p>&#xd;&#xa;&lt;p>Want to learn more? Visit www.delcity.net, call our Technical Specialists at 1.800.654.4757, or email us at info@delcity.net.&lt;/p>&#xd;&#xa;"
                        textIsRich="true"/>
                    <text_2105918782
                        jcr:created="{Date}2022-02-22T19:34:00.125+05:30"
                        jcr:createdBy="admin"
                        jcr:lastModified="{Date}2022-02-22T19:34:08.791+05:30"
                        jcr:lastModifiedBy="admin"
                        jcr:primaryType="nt:unstructured"
                        sling:resourceType="ecomm-framework/components/content/text"
                        text="&lt;p>Posted in&amp;nbsp;&lt;a href=&quot;https://blog.delcity.net/category/automotive/&quot;>Automotive&lt;/a>,&amp;nbsp;&lt;a href=&quot;https://blog.delcity.net/category/lighting/&quot;>Lighting&lt;/a>.&lt;/p>&#xd;&#xa;"
                        textIsRich="true"/>
                    <separator
                        jcr:created="{Date}2022-02-22T19:34:18.005+05:30"
                        jcr:createdBy="admin"
                        jcr:lastModified="{Date}2022-02-22T19:34:18.005+05:30"
                        jcr:lastModifiedBy="admin"
                        jcr:primaryType="nt:unstructured"
                        sling:resourceType="ecomm-framework/components/content/separator"/>
                    <button
                        jcr:created="{Date}2022-02-22T19:34:30.853+05:30"
                        jcr:createdBy="admin"
                        jcr:lastModified="{Date}2022-02-22T19:35:09.732+05:30"
                        jcr:lastModifiedBy="admin"
                        jcr:primaryType="nt:unstructured"
                        jcr:title=" Choosing the Right Electrical Wire…"
                        sling:resourceType="ecomm-framework/components/content/button"
                        icon="&lt;---"
                        link="https://blog.delcity.net/choosing-the-right-electrical-wire-for-your-install/">
                        <cq:responsive jcr:primaryType="nt:unstructured">
                            <default
                                jcr:primaryType="nt:unstructured"
                                offset="1"
                                width="3"/>
                        </cq:responsive>
                    </button>
                    <button_662426028
                        jcr:created="{Date}2022-02-22T19:35:35.751+05:30"
                        jcr:createdBy="admin"
                        jcr:lastModified="{Date}2022-02-22T19:37:17.443+05:30"
                        jcr:lastModifiedBy="admin"
                        jcr:primaryType="nt:unstructured"
                        jcr:title="New Product Announcement: Triplex and… "
                        sling:resourceType="ecomm-framework/components/content/button"
                        icon="--->"
                        link="https://blog.delcity.net/new-product-announcement-triplex-and-quadplex-brake-cable/">
                        <cq:responsive jcr:primaryType="nt:unstructured">
                            <default
                                jcr:primaryType="nt:unstructured"
                                offset="4"
                                width="3"/>
                        </cq:responsive>
                    </button_662426028>
                </responsivegrid>
            </responsivegrid>
        </root>
    </jcr:content>
</jcr:root>
