<?xml version="1.0" encoding="UTF-8"?>
<jcr:root xmlns:sling="http://sling.apache.org/jcr/sling/1.0" xmlns:cq="http://www.day.com/jcr/cq/1.0" xmlns:jcr="http://www.jcp.org/jcr/1.0" xmlns:nt="http://www.jcp.org/jcr/nt/1.0"
    jcr:primaryType="cq:Page">
    <jcr:content
        cq:lastModified="{Date}2022-02-25T08:21:10.462+05:30"
        cq:lastModifiedBy="admin"
        cq:template="/conf/delcity/settings/wcm/templates/delcity-generic-template"
        jcr:primaryType="cq:PageContent"
        jcr:title="Self-Cutting Cable Ties"
        sling:resourceType="delcity/components/structure/page">
        <root
            jcr:primaryType="nt:unstructured"
            sling:resourceType="wcm/foundation/components/responsivegrid">
            <footer
                jcr:created="{Date}2021-06-21T14:21:52.357+05:30"
                jcr:createdBy="admin"
                jcr:lastModified="{Date}2022-02-01T17:04:20.028+05:30"
                jcr:lastModifiedBy="admin"
                jcr:primaryType="nt:unstructured"
                sling:resourceType="delcity/components/structure/footer"
                menutitle1="About Us"
                sendIcon="/content/dam/delcity/images/Icon-send@2x.png">
                <aboutus jcr:primaryType="nt:unstructured">
                    <item0
                        jcr:primaryType="nt:unstructured"
                        pagetitle="About Us"/>
                    <item1
                        jcr:primaryType="nt:unstructured"
                        pagetitle="Contact Us"/>
                    <item2
                        jcr:primaryType="nt:unstructured"
                        pagetitle="FAQs"/>
                </aboutus>
            </footer>
            <responsivegrid
                jcr:created="{Date}2021-06-21T14:21:44.042+05:30"
                jcr:createdBy="admin"
                jcr:lastModified="{Date}2022-02-01T17:04:38.578+05:30"
                jcr:lastModifiedBy="admin"
                jcr:primaryType="nt:unstructured"
                sling:resourceType="wcm/foundation/components/responsivegrid">
                <blogteaser_copy_copy
                    jcr:created="{Date}2022-02-23T15:55:01.820+05:30"
                    jcr:createdBy="admin"
                    jcr:lastModified="{Date}2022-02-25T08:15:43.009+05:30"
                    jcr:lastModifiedBy="admin"
                    jcr:primaryType="nt:unstructured"
                    sling:resourceType="ecomm-framework/components/content/blogteaser"
                    authoringDate="June 14, 2016"
                    authorName="Kelsey Scherf"
                    blogImage="/content/dam/delcity/images/blogs/image-not-available-image.png"
                    selectBrand="DC"
                    teaserHeader="Self-Cutting Cable Ties">
                    <cq:responsive jcr:primaryType="nt:unstructured">
                        <default
                            jcr:primaryType="nt:unstructured"
                            offset="0"
                            width="12"/>
                    </cq:responsive>
                    <categoryList jcr:primaryType="nt:unstructured">
                        <item0
                            jcr:primaryType="nt:unstructured"
                            delcitycategories="Del City News"/>
                        <item1
                            jcr:primaryType="nt:unstructured"
                            delcitycategories="Industry News"/>
                    </categoryList>
                </blogteaser_copy_copy>
                <text_copy_copy_copy
                    jcr:created="{Date}2022-02-23T16:17:50.335+05:30"
                    jcr:createdBy="admin"
                    jcr:lastModified="{Date}2022-02-25T08:17:27.300+05:30"
                    jcr:lastModifiedBy="admin"
                    jcr:primaryType="nt:unstructured"
                    sling:resourceType="delcity/components/content/text"
                    text="&lt;p>Sometimes a cable tie is more than just a cable tie.&amp;nbsp; We are so excited to introduce a brand new innovation in cable ties – the&amp;nbsp;&lt;a href=&quot;https://www.delcity.net/store/Self!Cutting-Cable-Ties/p_824307.h_810130&quot;>Self-Cutting Cable Tie&lt;/a>.&amp;nbsp;&lt;/p>&#xd;&#xa;&lt;p>Traditional ties require the use of a cutting tool to remove the excess material after installation, usually leaving a jagged edge that can cut hands or scratch surfaces.&amp;nbsp; The new Self-Cutting cable tie solves this problem with a patented new design that features a small cutting blade integrated into the head of each tie.&lt;/p>&#xd;&#xa;&lt;p>&amp;nbsp;&lt;/p>&#xd;&#xa;&lt;p>To use them, you simply insert the tail into the head and tighten as you would a regular cable tie.&amp;nbsp; After tightening to the desired position, rather than using a cutting tool to remove the excess, you simply twist the tail of the cable tie, causing the integrated blade to cleanly shear off the excess material while leaving no jagged edges.&amp;nbsp;&lt;/p>&#xd;&#xa;"
                    textIsRich="true">
                    <cq:responsive jcr:primaryType="nt:unstructured">
                        <default
                            jcr:primaryType="nt:unstructured"
                            offset="0"
                            width="11"/>
                    </cq:responsive>
                </text_copy_copy_copy>
                <image_copy_copy
                    jcr:created="{Date}2022-02-23T16:18:06.552+05:30"
                    jcr:createdBy="admin"
                    jcr:lastModified="{Date}2022-02-23T16:18:11.585+05:30"
                    jcr:lastModifiedBy="admin"
                    jcr:primaryType="nt:unstructured"
                    sling:resourceType="ecomm-framework/components/content/image"
                    altValueFromDAM="true"
                    displayPopupTitle="true"
                    fileReference="/content/dam/delcity/images/blogs/image-not-available-image.png"
                    isDecorative="false"
                    titleValueFromDAM="true">
                    <cq:responsive jcr:primaryType="nt:unstructured">
                        <default
                            jcr:primaryType="nt:unstructured"
                            offset="4"
                            width="4"/>
                    </cq:responsive>
                </image_copy_copy>
                <image_copy_copy_645557345
                    jcr:created="{Date}2022-02-23T16:18:06.552+05:30"
                    jcr:createdBy="admin"
                    jcr:lastModified="{Date}2022-02-23T16:18:11.585+05:30"
                    jcr:lastModifiedBy="admin"
                    jcr:primaryType="nt:unstructured"
                    sling:resourceType="ecomm-framework/components/content/image"
                    altValueFromDAM="true"
                    displayPopupTitle="true"
                    fileReference="/content/dam/delcity/images/blogs/image-not-available-image.png"
                    isDecorative="false"
                    titleValueFromDAM="true">
                    <cq:responsive jcr:primaryType="nt:unstructured">
                        <default
                            jcr:primaryType="nt:unstructured"
                            offset="4"
                            width="4"/>
                    </cq:responsive>
                </image_copy_copy_645557345>
                <text_copy_copy_copy_1571288362
                    jcr:created="{Date}2022-02-23T16:17:50.335+05:30"
                    jcr:createdBy="admin"
                    jcr:lastModified="{Date}2022-02-25T08:18:44.720+05:30"
                    jcr:lastModifiedBy="admin"
                    jcr:primaryType="nt:unstructured"
                    sling:resourceType="delcity/components/content/text"
                    text="&lt;p>You may have seen ties elsewhere that feature a twist design to remove excess material after installation.&amp;nbsp; Unlike the other “twist” ties, however, our patented design doesn’t require a reduction in the strength or durability of the cable tie material, or multiple rotations to achieve a break in the tie.&amp;nbsp; Other ties also leave jagged edges as they can only be twisted off at predetermined notches, where ours can be twisted and cut anywhere along the length of the tie, leaving a clean cut with no jagged edges.&lt;/p>&#xd;&#xa;&lt;p>The new&amp;nbsp;&lt;a href=&quot;https://www.delcity.net/store/Self!Cutting-Cable-Ties/p_824307.h_810130&quot;>Self-Cutting Cable Ties&lt;/a>&amp;nbsp;are made from durable Nylon 6/6 and provide 50 pounds of tensile strength.&amp;nbsp; They are available in packs of 100 in 8”, 11”, or 14”, and in UV Black or Natural.&lt;/p>&#xd;&#xa;"
                    textIsRich="true">
                    <cq:responsive jcr:primaryType="nt:unstructured">
                        <default
                            jcr:primaryType="nt:unstructured"
                            offset="0"
                            width="11"/>
                    </cq:responsive>
                </text_copy_copy_copy_1571288362>
                <text_2008467253_copy
                    jcr:created="{Date}2022-02-25T08:06:40.583+05:30"
                    jcr:createdBy="admin"
                    jcr:lastModified="{Date}2022-02-25T08:19:13.217+05:30"
                    jcr:lastModifiedBy="admin"
                    jcr:primaryType="nt:unstructured"
                    sling:resourceType="delcity/components/content/text"
                    text="&lt;h6>Posted in&amp;nbsp;&lt;a href=&quot;https://blog.delcity.net/category/del-city-news/&quot;>Del City News&lt;/a>,&amp;nbsp;&lt;a href=&quot;https://blog.delcity.net/category/industry-news/&quot;>Industry News&lt;/a>.&lt;/h6>&#xd;&#xa;"
                    textIsRich="true">
                    <cq:responsive jcr:primaryType="nt:unstructured">
                        <default
                            jcr:primaryType="nt:unstructured"
                            offset="0"
                            width="10"/>
                    </cq:responsive>
                </text_2008467253_copy>
                <separator_copy
                    jcr:created="{Date}2022-02-25T08:07:52.400+05:30"
                    jcr:createdBy="admin"
                    jcr:lastModified="{Date}2022-02-25T08:07:52.400+05:30"
                    jcr:lastModifiedBy="admin"
                    jcr:primaryType="nt:unstructured"
                    sling:resourceType="ecomm-framework/components/content/separator">
                    <cq:responsive jcr:primaryType="nt:unstructured">
                        <default
                            jcr:primaryType="nt:unstructured"
                            offset="0"
                            width="12"/>
                    </cq:responsive>
                </separator_copy>
                <button_copy_copy
                    jcr:created="{Date}2022-02-23T16:27:11.256+05:30"
                    jcr:createdBy="admin"
                    jcr:lastModified="{Date}2022-02-25T08:20:14.787+05:30"
                    jcr:lastModifiedBy="admin"
                    jcr:primaryType="nt:unstructured"
                    jcr:title=" How to Upgrade to LED Lights"
                    sling:resourceType="ecomm-framework/components/content/button"
                    icon="&lt;---"
                    link="https://blog.delcity.net/how-to-upgrade-to-led-lights-2/">
                    <cq:responsive jcr:primaryType="nt:unstructured">
                        <default
                            jcr:primaryType="nt:unstructured"
                            offset="1"
                            width="3"/>
                    </cq:responsive>
                </button_copy_copy>
                <button_copy_copy_cop
                    jcr:created="{Date}2022-02-23T16:27:11.256+05:30"
                    jcr:createdBy="admin"
                    jcr:lastModified="{Date}2022-02-25T08:21:10.449+05:30"
                    jcr:lastModifiedBy="admin"
                    jcr:primaryType="nt:unstructured"
                    jcr:title="What Is Primary Wire? "
                    sling:resourceType="ecomm-framework/components/content/button"
                    icon="--->"
                    link="https://blog.delcity.net/what-is-primary-wire/">
                    <cq:responsive jcr:primaryType="nt:unstructured">
                        <default
                            jcr:primaryType="nt:unstructured"
                            offset="4"
                            width="3"/>
                    </cq:responsive>
                </button_copy_copy_cop>
            </responsivegrid>
        </root>
    </jcr:content>
</jcr:root>
