<?xml version="1.0" encoding="UTF-8"?>
<jcr:root xmlns:sling="http://sling.apache.org/jcr/sling/1.0" xmlns:cq="http://www.day.com/jcr/cq/1.0" xmlns:jcr="http://www.jcp.org/jcr/1.0" xmlns:nt="http://www.jcp.org/jcr/nt/1.0"
    jcr:primaryType="cq:Page">
    <jcr:content
        cq:lastModified="{Date}2022-03-04T07:34:24.359-06:00"
        cq:lastModifiedBy="Anagha.Dwajan@mercmarine.com"
        cq:template="/conf/delcity/settings/wcm/templates/delcity-generic-template"
        jcr:primaryType="cq:PageContent"
        jcr:title="Top 5 Reasons To Switch To LED Lighting"
        sling:resourceType="delcity/components/structure/page">
        <root
            jcr:primaryType="nt:unstructured"
            sling:resourceType="wcm/foundation/components/responsivegrid">
            <footer
                jcr:created="{Date}2021-06-21T14:21:52.357+05:30"
                jcr:createdBy="admin"
                jcr:lastModified="{Date}2022-02-01T17:04:20.028+05:30"
                jcr:lastModifiedBy="admin"
                jcr:primaryType="nt:unstructured"
                sling:resourceType="delcity/components/structure/footer"
                menutitle1="About Us"
                sendIcon="/content/dam/delcity/images/Icon-send@2x.png">
                <aboutus jcr:primaryType="nt:unstructured">
                    <item0
                        jcr:primaryType="nt:unstructured"
                        pagetitle="About Us"/>
                    <item1
                        jcr:primaryType="nt:unstructured"
                        pagetitle="Contact Us"/>
                    <item2
                        jcr:primaryType="nt:unstructured"
                        pagetitle="FAQs"/>
                </aboutus>
            </footer>
            <responsivegrid
                jcr:created="{Date}2021-06-21T14:21:44.042+05:30"
                jcr:createdBy="admin"
                jcr:lastModified="{Date}2022-02-01T17:04:38.578+05:30"
                jcr:lastModifiedBy="admin"
                jcr:primaryType="nt:unstructured"
                sling:resourceType="wcm/foundation/components/responsivegrid">
                <blogteaser_copy_copy
                    jcr:created="{Date}2022-02-24T11:19:35.192+05:30"
                    jcr:createdBy="admin"
                    jcr:lastModified="{Date}2022-03-04T07:34:18.396-06:00"
                    jcr:lastModifiedBy="Anagha.Dwajan@mercmarine.com"
                    jcr:primaryType="nt:unstructured"
                    sling:resourceType="ecomm-framework/components/content/blogteaser"
                    authoringDate="February 05, 2018"
                    authorName="Kelsey Scherf"
                    blogImage="/content/dam/delcity/images/blogs/image-not-available-image.png"
                    selectBrand="DC"
                    teaserHeader="Top 5 Reasons To Switch To LED Lighting">
                    <categoryList jcr:primaryType="nt:unstructured">
                        <item0
                            jcr:primaryType="nt:unstructured"
                            delcitycategories="Lighting"/>
                    </categoryList>
                </blogteaser_copy_copy>
                <responsivegrid
                    jcr:created="{Date}2022-02-25T16:48:48.756+05:30"
                    jcr:createdBy="admin"
                    jcr:lastModified="{Date}2022-02-25T16:48:48.756+05:30"
                    jcr:lastModifiedBy="admin"
                    jcr:primaryType="nt:unstructured"
                    sling:resourceType="wcm/foundation/components/responsivegrid">
                    <cq:responsive jcr:primaryType="nt:unstructured"/>
                    <text
                        jcr:created="{Date}2022-02-25T16:51:55.047+05:30"
                        jcr:createdBy="admin"
                        jcr:lastModified="{Date}2022-02-25T16:52:17.245+05:30"
                        jcr:lastModifiedBy="admin"
                        jcr:primaryType="nt:unstructured"
                        sling:resourceType="delcity/components/content/text"
                        text="&lt;p>&lt;a href=&quot;https://www.delcity.net/store/Lighting/&quot;>&lt;u>Light Emitting Diode (LED) lights&lt;/u>&lt;/a>&amp;nbsp;have skyrocketed in popularity the past couple of years. These are great for multi-purpose applications as well as provide some unique benefits against incandescent or halogen lights. Before purchasing LED lights, read on for the 5 things the educated buyer should know!&lt;/p>&#xd;&#xa;&lt;p>&lt;b>1. LED Lights may be pricier, but they pay themselves off&lt;/b>&lt;/p>&#xd;&#xa;"
                        textIsRich="true"/>
                    <image_1923576167_cop
                        jcr:created="{Date}2022-02-24T11:33:06.818+05:30"
                        jcr:createdBy="admin"
                        jcr:lastModified="{Date}2022-02-24T11:41:18.424+05:30"
                        jcr:lastModifiedBy="admin"
                        jcr:primaryType="nt:unstructured"
                        sling:resourceType="ecomm-framework/components/content/image"
                        altValueFromDAM="true"
                        displayPopupTitle="true"
                        fileReference="/content/dam/delcity/images/blogs/image-not-available-image.png"
                        isDecorative="false"
                        titleValueFromDAM="true">
                        <cq:responsive jcr:primaryType="nt:unstructured">
                            <default
                                jcr:primaryType="nt:unstructured"
                                offset="1"
                                width="3"/>
                        </cq:responsive>
                    </image_1923576167_cop>
                    <text_1664427483_copy
                        cq:styleIds="[1629979540972]"
                        jcr:created="{Date}2022-02-24T11:33:18.393+05:30"
                        jcr:createdBy="admin"
                        jcr:lastModified="{Date}2022-02-25T16:53:30.530+05:30"
                        jcr:lastModifiedBy="admin"
                        jcr:primaryType="nt:unstructured"
                        sling:resourceType="delcity/components/content/text"
                        text="&lt;p>One of the common misconceptions about LED lights is that they are pricier, so the cheaper option&lt;/p>&#xd;&#xa;&lt;p>is your best choice. Rather, LED lights last so much longer than their counterparts,&amp;nbsp;you will end up saving in the long run. Not only can LED lights last up to 50x longer than incandescent fixtures,&amp;nbsp;they are also more energy efficient. This means you can also expect a decrease in energy costs by switching your bulbs as well!&amp;nbsp;Basically, don’t be scared off by the higher price tag. Over time, these will be worth the extra money and then some!&amp;nbsp;&lt;/p>&#xd;&#xa;"
                        textIsRich="true">
                        <cq:responsive jcr:primaryType="nt:unstructured">
                            <default
                                jcr:primaryType="nt:unstructured"
                                offset="0"
                                width="7"/>
                        </cq:responsive>
                    </text_1664427483_copy>
                    <text_1418127462_copy
                        jcr:created="{Date}2022-02-23T13:36:27.302+05:30"
                        jcr:createdBy="admin"
                        jcr:lastModified="{Date}2022-02-25T16:57:32.548+05:30"
                        jcr:lastModifiedBy="admin"
                        jcr:primaryType="nt:unstructured"
                        sling:resourceType="delcity/components/content/text"
                        text="&lt;p>&lt;b>2. LED Lights are significantly more energy efficient&lt;/b>&lt;/p>&#xd;&#xa;&lt;p>This was mentioned briefly in point #1, but the benefits of being energy efficient don’t stop at helping out your wallet. This efficiency also helps out your surrounding environment by producing less waste. With up to 80% more&amp;nbsp;efficiency than traditional lighting structures, LED converts 95% of its energy into light. This comes out to only 5% wasted as heat. On the complete opposite spectrum, fluorescent lights convert 5% of the energy into light and waste the other 95%. Clearly this is a huge difference, and should really make someone considering switching their light source&lt;/p>&#xd;&#xa;"
                        textIsRich="true">
                        <cq:responsive jcr:primaryType="nt:unstructured">
                            <default
                                jcr:primaryType="nt:unstructured"
                                offset="1"
                                width="8"/>
                        </cq:responsive>
                    </text_1418127462_copy>
                    <image_1433581_copy_c
                        jcr:created="{Date}2022-02-23T13:36:42.461+05:30"
                        jcr:createdBy="admin"
                        jcr:lastModified="{Date}2022-02-23T13:43:17.379+05:30"
                        jcr:lastModifiedBy="admin"
                        jcr:primaryType="nt:unstructured"
                        sling:resourceType="ecomm-framework/components/content/image"
                        altValueFromDAM="true"
                        displayPopupTitle="true"
                        fileReference="/content/dam/delcity/images/blogs/image-not-available-image.png"
                        isDecorative="false"
                        titleValueFromDAM="true">
                        <cq:responsive jcr:primaryType="nt:unstructured">
                            <default
                                jcr:primaryType="nt:unstructured"
                                offset="0"
                                width="3"/>
                        </cq:responsive>
                    </image_1433581_copy_c>
                    <text_723711583
                        cq:styleIds="[1629979540972]"
                        jcr:created="{Date}2022-02-25T16:58:50.844+05:30"
                        jcr:createdBy="admin"
                        jcr:lastModified="{Date}2022-02-25T17:05:00.924+05:30"
                        jcr:lastModifiedBy="admin"
                        jcr:primaryType="nt:unstructured"
                        sling:resourceType="delcity/components/content/text"
                        text="&lt;p>LED lights are also more energy efficient when it comes to wattage. Usually, an incandescent or fluorescent bulb can be replaced with a lower wattage LED bulb. This still gives the same level of light, but uses less energy. When less energy is used, we are able to decrease greenhouse gas emissions as well as what is needed from power plants. What an easy way to protect the planet!&lt;/p>&#xd;&#xa;&lt;p> &lt;/p>&#xd;&#xa;"
                        textIsRich="true"/>
                    <text_1418127462_copy_1965696587
                        jcr:created="{Date}2022-02-23T13:36:27.302+05:30"
                        jcr:createdBy="admin"
                        jcr:lastModified="{Date}2022-02-25T17:01:22.222+05:30"
                        jcr:lastModifiedBy="admin"
                        jcr:primaryType="nt:unstructured"
                        sling:resourceType="delcity/components/content/text"
                        text="&lt;p>&lt;b>3. LED lights shine in more than just household applications&lt;/b>&lt;/p>&#xd;&#xa;&lt;p>When it comes to industrial, marine, or&amp;nbsp;automotive applications, an LED light will truly put your&amp;nbsp;troubles at ease. These environments often require higher levels of light, which is where the energy efficiency of LED lights comes into play.&amp;nbsp;&lt;u style=&quot;font-size: 0.8125rem;&quot;>&lt;a href=&quot;https://www.delcity.net/store/LED-Headlights/p_821652.h_821653&quot;>LED headlights&lt;/a>&amp;nbsp;&lt;/u>can easily replace standard halogen or HID headlights that are commonly found in various automotive vehicles. The same concept goes for&amp;nbsp;&lt;a href=&quot;https://www.delcity.net/store/LED-Stop,-Tail,-Turn-Lights/p_809822&quot;>&lt;u>stop&lt;/u>, &lt;u>tail&lt;/u>, &lt;u>or turn lights&lt;/u>&lt;/a>. Not only will these lights provide 100,000 hours of illumination, they are resistant to moisture and vibration to give you the most reliable light possible.&lt;br>&#xd;&#xa;&lt;/p>&#xd;&#xa;"
                        textIsRich="true">
                        <cq:responsive jcr:primaryType="nt:unstructured">
                            <default
                                jcr:primaryType="nt:unstructured"
                                offset="1"
                                width="8"/>
                        </cq:responsive>
                    </text_1418127462_copy_1965696587>
                    <image_1433581_copy_c_1157407591
                        jcr:created="{Date}2022-02-23T13:36:42.461+05:30"
                        jcr:createdBy="admin"
                        jcr:lastModified="{Date}2022-02-23T13:43:17.379+05:30"
                        jcr:lastModifiedBy="admin"
                        jcr:primaryType="nt:unstructured"
                        sling:resourceType="ecomm-framework/components/content/image"
                        altValueFromDAM="true"
                        displayPopupTitle="true"
                        fileReference="/content/dam/delcity/images/blogs/image-not-available-image.png"
                        isDecorative="false"
                        titleValueFromDAM="true">
                        <cq:responsive jcr:primaryType="nt:unstructured">
                            <default
                                jcr:primaryType="nt:unstructured"
                                offset="0"
                                width="3"/>
                        </cq:responsive>
                    </image_1433581_copy_c_1157407591>
                    <text_1948865182
                        cq:styleIds="[1629979540972]"
                        jcr:created="{Date}2022-02-25T17:06:01.007+05:30"
                        jcr:createdBy="admin"
                        jcr:lastModified="{Date}2022-02-25T17:09:59.730+05:30"
                        jcr:lastModifiedBy="admin"
                        jcr:primaryType="nt:unstructured"
                        sling:resourceType="delcity/components/content/text"
                        text="&lt;p>Not only are common headlights and tail lights being replaced by LED lighting, but many more!&amp;nbsp;&lt;a href=&quot;https://www.delcity.net/store/Back!Up-Lights/p_809850.h_821699&quot;>Back-up lights&lt;/a>,&amp;nbsp;&lt;a href=&quot;https://www.delcity.net/store/License-Plate-Lights/p_809844&quot;>license plate lights&lt;/a>, and&amp;nbsp;&lt;a href=&quot;https://www.delcity.net/store/LED-Flexible-Light-Strips-&amp;amp;-Accessories/p_809337&quot;>interior lights&lt;/a>&amp;nbsp;are also commonly found. Looking for something for your RV or trailer? LED lights are now making their way to&amp;nbsp;&lt;a href=&quot;https://www.delcity.net/store/LED-Clearance-Marker-Lights/p_809841&quot;>clearance marker lights&lt;/a>&amp;nbsp;and&amp;nbsp;&lt;a href=&quot;https://www.delcity.net/store/Utility-Lights/p_818683.h_821701&quot;>utility lights&lt;/a>&amp;nbsp;as well!&lt;/p>&#xd;&#xa;&lt;p>&amp;nbsp;&lt;/p>&#xd;&#xa;&lt;p>&lt;b>4. LED lights can lower some common safety risks with lighting&lt;/b>&lt;/p>&#xd;&#xa;&lt;p>&amp;nbsp;&lt;/p>&#xd;&#xa;&lt;p>With halogen or incandescent lights, there is always the chance of combustion. Those types of lights, as mentioned earlier, release significantly more heat than LED lights. This causes them to be much higher in temperature, with the possibility of rupturing. Both the consumer as well as items around the combusting bulb can be damaged, as well as the possibility of fire. LED lights mitigate this risk as well as being safer to the touch is handling a lit bulb*.&amp;nbsp;&lt;/p>&#xd;&#xa;&lt;p>&amp;nbsp;&lt;/p>&#xd;&#xa;&lt;p>*We recommended for safety reasons to always unplug/turn off any kind of bulb before handling it yourself&lt;/p>&#xd;&#xa;&lt;p>&amp;nbsp;&lt;/p>&#xd;&#xa;&lt;p>&lt;b>5. LED lights are often much brighter than other types of bulbs&lt;/b>&lt;/p>&#xd;&#xa;&lt;p>&amp;nbsp;&lt;/p>&#xd;&#xa;"
                        textIsRich="true"/>
                    <image_1923576167_cop_1782579681
                        jcr:created="{Date}2022-02-24T11:33:06.818+05:30"
                        jcr:createdBy="admin"
                        jcr:lastModified="{Date}2022-02-24T11:41:18.424+05:30"
                        jcr:lastModifiedBy="admin"
                        jcr:primaryType="nt:unstructured"
                        sling:resourceType="ecomm-framework/components/content/image"
                        altValueFromDAM="true"
                        displayPopupTitle="true"
                        fileReference="/content/dam/delcity/images/blogs/image-not-available-image.png"
                        isDecorative="false"
                        titleValueFromDAM="true">
                        <cq:responsive jcr:primaryType="nt:unstructured">
                            <default
                                jcr:primaryType="nt:unstructured"
                                offset="1"
                                width="3"/>
                        </cq:responsive>
                    </image_1923576167_cop_1782579681>
                    <text_1664427483_copy_731394917
                        cq:styleIds="[1629979540972]"
                        jcr:created="{Date}2022-02-24T11:33:18.393+05:30"
                        jcr:createdBy="admin"
                        jcr:lastModified="{Date}2022-02-25T17:10:35.579+05:30"
                        jcr:lastModifiedBy="admin"
                        jcr:primaryType="nt:unstructured"
                        sling:resourceType="delcity/components/content/text"
                        text="&lt;p>When in need of a brighter bulb, often incandescent lights can’t live up to the task. Because of the difference in how each bulb functions, LED lighting usually looks significantly whiter than&amp;nbsp;incandescent lights, which provide more of a yellow glow. This white lighting can provide for better visibility, which proves especially useful in automotive settings. For example, if you are in a vehicle in harsh weather conditions, having&amp;nbsp;&lt;a href=&quot;https://www.delcity.net/store/LED-Headlights/p_821652.h_821653&quot;>&lt;u>LED headlights&lt;/u>&lt;/a>&amp;nbsp;would prove to be a significant advantage.&lt;/p>&#xd;&#xa;"
                        textIsRich="true">
                        <cq:responsive jcr:primaryType="nt:unstructured">
                            <default
                                jcr:primaryType="nt:unstructured"
                                offset="0"
                                width="7"/>
                        </cq:responsive>
                    </text_1664427483_copy_731394917>
                    <text_1800563695
                        cq:styleIds="[1629979540972]"
                        jcr:created="{Date}2022-02-25T17:10:57.020+05:30"
                        jcr:createdBy="admin"
                        jcr:lastModified="{Date}2022-02-25T17:12:50.667+05:30"
                        jcr:lastModifiedBy="admin"
                        jcr:primaryType="nt:unstructured"
                        sling:resourceType="delcity/components/content/text"
                        text="&lt;p>The lights themselves are brighter because of the lack of waste they release as heat. If halogen or incandescent lights were able to convert 95% of their energy into light, they would also have the brightness LED bulbs are able to provide. This brightness is measured in lumens, and LEDs can provide up to 4,000 lumens of light. Incandescent bulbs can provide up to only 300 while fluorescents usually reach a max of 100.&lt;/p>&#xd;&#xa;&lt;p>&amp;nbsp;&lt;/p>&#xd;&#xa;&lt;p>Overall, LEDs provide numerous benefits against the bulbs from the past. These lights can go above and beyond and may be useful for your specific application. Looking for more info? Check out&amp;nbsp;&lt;a href=&quot;https://blog.delcity.net/all-about-ecco-lighting/&quot;>&lt;u>All About Ecco Lighting&lt;/u>&lt;/a>&amp;nbsp;for a look into some of the highest quality lights on the market. Want some details for how you can switch? Check out&amp;nbsp;&lt;a href=&quot;http://blog.delcity.net/how-to-install-led-light-strips&quot;>&lt;u>How to Install LED Light Strips&lt;/u>&lt;/a>&amp;nbsp;or&amp;nbsp;&lt;a href=&quot;https://blog.delcity.net/how-to-upgrade-to-led-lights-2/&quot;>&lt;u>How to Upgrade to LED Lights&lt;/u>&lt;/a>&amp;nbsp;from out blog, “The Current.” And don’t forget, our Technical Support can be reached at 1.800.654.4757 to answer your questions!&lt;/p>&#xd;&#xa;&lt;p>&amp;nbsp;&lt;/p>&#xd;&#xa;&lt;p>&amp;nbsp;&lt;/p>&#xd;&#xa;&lt;h6>&amp;nbsp; &amp;nbsp; &amp;nbsp; &amp;nbsp;Posted in&amp;nbsp;&lt;a href=&quot;https://blog.delcity.net/category/lighting/&quot;>&lt;u>Lighting&lt;/u>&lt;/a>.&lt;/h6>&#xd;&#xa;&lt;h6>&amp;nbsp;&lt;/h6>&#xd;&#xa;"
                        textIsRich="true"/>
                    <separator
                        jcr:created="{Date}2022-02-25T17:13:00.105+05:30"
                        jcr:createdBy="admin"
                        jcr:lastModified="{Date}2022-02-25T17:13:00.105+05:30"
                        jcr:lastModifiedBy="admin"
                        jcr:primaryType="nt:unstructured"
                        sling:resourceType="ecomm-framework/components/content/separator"/>
                    <button_copy
                        jcr:created="{Date}2022-02-24T15:54:13.279+05:30"
                        jcr:createdBy="admin"
                        jcr:lastModified="{Date}2022-02-25T17:20:17.136+05:30"
                        jcr:lastModifiedBy="admin"
                        jcr:primaryType="nt:unstructured"
                        jcr:title="All About ECCO® Lighting"
                        sling:resourceType="ecomm-framework/components/content/button"
                        link="https://blog.delcity.net/all-about-ecco-lighting/">
                        <cq:responsive jcr:primaryType="nt:unstructured">
                            <default
                                jcr:primaryType="nt:unstructured"
                                offset="1"
                                width="4"/>
                        </cq:responsive>
                    </button_copy>
                    <button_1794941023_co
                        jcr:created="{Date}2022-02-24T15:54:24.970+05:30"
                        jcr:createdBy="admin"
                        jcr:lastModified="{Date}2022-02-25T17:21:20.242+05:30"
                        jcr:lastModifiedBy="admin"
                        jcr:primaryType="nt:unstructured"
                        jcr:title="How To Install Anderson Powerpole® Connectors"
                        sling:resourceType="ecomm-framework/components/content/button"
                        link="https://blog.delcity.net/how-to-install-anderson-powerpole-connectors/">
                        <cq:responsive jcr:primaryType="nt:unstructured">
                            <default
                                jcr:primaryType="nt:unstructured"
                                offset="3"
                                width="3"/>
                        </cq:responsive>
                    </button_1794941023_co>
                    <text_1417263066
                        jcr:created="{Date}2022-02-25T17:14:36.487+05:30"
                        jcr:createdBy="admin"
                        jcr:lastModified="{Date}2022-02-25T17:14:36.487+05:30"
                        jcr:lastModifiedBy="admin"
                        jcr:primaryType="nt:unstructured"
                        sling:resourceType="delcity/components/content/text"/>
                </responsivegrid>
            </responsivegrid>
        </root>
    </jcr:content>
</jcr:root>
