<?xml version="1.0" encoding="UTF-8"?>
<jcr:root xmlns:sling="http://sling.apache.org/jcr/sling/1.0" xmlns:cq="http://www.day.com/jcr/cq/1.0" xmlns:jcr="http://www.jcp.org/jcr/1.0" xmlns:mix="http://www.jcp.org/jcr/mix/1.0" xmlns:nt="http://www.jcp.org/jcr/nt/1.0"
    jcr:primaryType="cq:Page">
    <jcr:content
        cq:lastModified="{Date}2022-03-04T05:09:48.745-06:00"
        cq:lastModifiedBy="Anagha.Dwajan@mercmarine.com"
        cq:lastReplicated="{Date}2022-03-01T04:51:32.929-06:00"
        cq:lastReplicatedBy="Anagha.Dwajan@mercmarine.com"
        cq:lastReplicationAction="Activate"
        cq:template="/conf/delcity/settings/wcm/templates/delcity-generic-template"
        jcr:isCheckedOut="{Boolean}true"
        jcr:mixinTypes="[mix:versionable]"
        jcr:primaryType="cq:PageContent"
        jcr:title="How To Keep Your Boat Safe and Efficient"
        jcr:uuid="74830a5c-bdc6-4bd9-9e3c-8b74a3462eb4"
        sling:resourceType="delcity/components/structure/page">
        <root
            jcr:primaryType="nt:unstructured"
            sling:resourceType="wcm/foundation/components/responsivegrid">
            <footer
                jcr:created="{Date}2021-06-21T14:21:52.357+05:30"
                jcr:createdBy="admin"
                jcr:lastModified="{Date}2022-02-01T17:04:20.028+05:30"
                jcr:lastModifiedBy="admin"
                jcr:primaryType="nt:unstructured"
                sling:resourceType="delcity/components/structure/footer"
                menutitle1="About Us"
                sendIcon="/content/dam/delcity/images/Icon-send@2x.png">
                <aboutus jcr:primaryType="nt:unstructured">
                    <item0
                        jcr:primaryType="nt:unstructured"
                        pagetitle="About Us"/>
                    <item1
                        jcr:primaryType="nt:unstructured"
                        pagetitle="Contact Us"/>
                    <item2
                        jcr:primaryType="nt:unstructured"
                        pagetitle="FAQs"/>
                </aboutus>
            </footer>
            <responsivegrid
                jcr:created="{Date}2021-06-21T14:21:44.042+05:30"
                jcr:createdBy="admin"
                jcr:lastModified="{Date}2022-02-01T17:04:38.578+05:30"
                jcr:lastModifiedBy="admin"
                jcr:primaryType="nt:unstructured"
                sling:resourceType="wcm/foundation/components/responsivegrid">
                <blogteaser
                    jcr:created="{Date}2022-02-23T13:23:54.657+05:30"
                    jcr:createdBy="admin"
                    jcr:lastModified="{Date}2022-03-04T05:09:48.735-06:00"
                    jcr:lastModifiedBy="Anagha.Dwajan@mercmarine.com"
                    jcr:primaryType="nt:unstructured"
                    sling:resourceType="ecomm-framework/components/content/blogteaser"
                    authoringDate="May 23, 2018"
                    authorName="Kelsey Scherf"
                    blogImage="/content/dam/delcity/images/blogs/image-not-available-image.png"
                    selectBrand="DC"
                    teaserHeader="How To Keep Your Boat Safe and Efficient">
                    <categoryList jcr:primaryType="nt:unstructured">
                        <item0
                            jcr:primaryType="nt:unstructured"
                            delcitycategories="How-To"/>
                        <item1
                            jcr:primaryType="nt:unstructured"
                            delcitycategories="Marine"/>
                    </categoryList>
                </blogteaser>
                <responsivegrid
                    jcr:created="{Date}2022-02-23T13:23:28.030+05:30"
                    jcr:createdBy="admin"
                    jcr:lastModified="{Date}2022-02-23T13:23:28.030+05:30"
                    jcr:lastModifiedBy="admin"
                    jcr:primaryType="nt:unstructured"
                    sling:resourceType="wcm/foundation/components/responsivegrid">
                    <cq:responsive jcr:primaryType="nt:unstructured"/>
                    <text
                        jcr:created="{Date}2022-02-23T13:30:18.772+05:30"
                        jcr:createdBy="admin"
                        jcr:lastModified="{Date}2022-02-23T13:30:47.883+05:30"
                        jcr:lastModifiedBy="admin"
                        jcr:primaryType="nt:unstructured"
                        sling:resourceType="delcity/components/content/text"
                        text="&lt;p>Marine and boat applications can be a tricky beast to handle. These applications are subjected to harsh environments on a frequent basis, which can lead to electrical problems. A small electrical&amp;nbsp;problem could result in a safety hazard for those on board and the boat itself. It is best to take care of your marine application before these problems even start. A boat is a job that should take no shortcuts.&lt;/p>&#xd;&#xa;"
                        textIsRich="true">
                        <cq:responsive jcr:primaryType="nt:unstructured">
                            <default
                                jcr:primaryType="nt:unstructured"
                                offset="0"
                                width="8"/>
                        </cq:responsive>
                    </text>
                    <image
                        jcr:created="{Date}2022-02-23T13:26:34.627+05:30"
                        jcr:createdBy="admin"
                        jcr:lastModified="{Date}2022-02-23T13:39:34.952+05:30"
                        jcr:lastModifiedBy="admin"
                        jcr:primaryType="nt:unstructured"
                        sling:resourceType="ecomm-framework/components/content/image"
                        altValueFromDAM="true"
                        displayPopupTitle="true"
                        fileReference="/content/dam/delcity/images/blogs/image-not-available-image.png"
                        isDecorative="false"
                        titleValueFromDAM="true">
                        <cq:responsive jcr:primaryType="nt:unstructured">
                            <default
                                jcr:primaryType="nt:unstructured"
                                offset="0"
                                width="3"/>
                        </cq:responsive>
                    </image>
                    <text_443029826
                        cq:styleIds="[1629979540972]"
                        jcr:created="{Date}2022-02-23T13:28:34.251+05:30"
                        jcr:createdBy="admin"
                        jcr:lastModified="{Date}2022-02-23T13:52:45.979+05:30"
                        jcr:lastModifiedBy="admin"
                        jcr:primaryType="nt:unstructured"
                        sling:resourceType="delcity/components/content/text"
                        text="&lt;p style=&quot;text-align: left;&quot;>According to BoatUS Marine Insurance, electrical system failure is the cause of 32% of onboard fires. This is the highest of any other category. A high quality wiring and connection job can prevent these issues as well as keep your marine application running stronger for longer.&lt;/p>&#xd;&#xa;&lt;p style=&quot;text-align: left;&quot;>&amp;nbsp;&lt;/p>&#xd;&#xa;"
                        textIsRich="true"/>
                    <image_777226126
                        jcr:created="{Date}2022-02-23T13:42:15.693+05:30"
                        jcr:createdBy="admin"
                        jcr:lastModified="{Date}2022-02-23T13:43:00.588+05:30"
                        jcr:lastModifiedBy="admin"
                        jcr:primaryType="nt:unstructured"
                        sling:resourceType="ecomm-framework/components/content/image"
                        altValueFromDAM="true"
                        displayPopupTitle="true"
                        fileReference="/content/dam/delcity/images/blogs/image-not-available-image.png"
                        isDecorative="false"
                        titleValueFromDAM="true">
                        <cq:responsive jcr:primaryType="nt:unstructured">
                            <default
                                jcr:primaryType="nt:unstructured"
                                offset="1"
                                width="3"/>
                        </cq:responsive>
                    </image_777226126>
                    <text_2074569161
                        cq:styleIds="[1629979540972]"
                        jcr:created="{Date}2022-02-23T13:42:23.642+05:30"
                        jcr:createdBy="admin"
                        jcr:lastModified="{Date}2022-02-23T13:42:55.072+05:30"
                        jcr:lastModifiedBy="admin"
                        jcr:primaryType="nt:unstructured"
                        sling:resourceType="delcity/components/content/text"
                        text="&lt;p>“Regular” wire cannot stand up to the environment that marine applications face. Del City recommends a&amp;nbsp;&lt;a href=&quot;https://www.delcity.net/store/Marine-Grade-Tinned-Wire/p_365&quot;>&lt;u>tinned marine grade wire.&lt;/u>&lt;/a>. The electroplated tinned copper wire and PVC jacket, makes Ancor wire compliant to UL1426, BC-5W2, US Coast Guard Charterboat CRF Title 46, ABYC, and CSA TEW standards. What do all these certifications mean? Your wire will hit marine grade status, which can&amp;nbsp;withstand flame, moisture, corrosion, chemicals, UV threats, and temperatures up to 105° C (221° F.) Tinned marine cable must also be oil resistant in engine compartments, be watertight where moisture may accumulate, and be marked with size and type to fit these specifications.&lt;/p>&#xd;&#xa;"
                        textIsRich="true">
                        <cq:responsive jcr:primaryType="nt:unstructured">
                            <default
                                jcr:primaryType="nt:unstructured"
                                offset="0"
                                width="7"/>
                        </cq:responsive>
                    </text_2074569161>
                    <text_699553533
                        cq:styleIds="[1629979540972]"
                        jcr:created="{Date}2022-02-23T13:51:35.538+05:30"
                        jcr:createdBy="admin"
                        jcr:lastModified="{Date}2022-02-23T13:52:29.723+05:30"
                        jcr:lastModifiedBy="admin"
                        jcr:primaryType="nt:unstructured"
                        sling:resourceType="delcity/components/content/text"
                        text="&lt;p>Not only is the proper wire necessary for a safe marine application, but a proper connection as well. Many wire problems happen at the connection point. According to the American Boat and Yacht Council (ABYC), a connection should not only be soldered, but be connected manually as well.&amp;nbsp;&lt;u>&lt;a href=&quot;https://www.delcity.net/store/Crimping-Tools/p_229&quot;>Crimping&lt;/a>&lt;/u>&amp;nbsp;can provide extra protection to “cold joints” which could break under lower temperatures or cause strain. When in doubt, use marine grade products. Water applications can face rougher or more unique environments than normal electrical applications, and can cause danger if not handled properly.&lt;/p>&#xd;&#xa;"
                        textIsRich="true"/>
                    <text_1418127462
                        jcr:created="{Date}2022-02-23T13:36:27.302+05:30"
                        jcr:createdBy="admin"
                        jcr:lastModified="{Date}2022-02-23T13:37:27.895+05:30"
                        jcr:lastModifiedBy="admin"
                        jcr:primaryType="nt:unstructured"
                        sling:resourceType="delcity/components/content/text"
                        text="&lt;p>When it comes to the other parts of your electrical application, a land and marine job should not&amp;nbsp;be treated the same. For example, a normal battery fuse could be severely harmed if water were to come in contact with the fuse. You will need a&amp;nbsp;&lt;a href=&quot;https://www.delcity.net/store/Marine-Rated-Battery-Fuses/p_808921.h_808922&quot;>&lt;u>marine rated fuse&lt;/u>&lt;/a>&amp;nbsp;that adds high current protection as well as protection from the environment. The same philosophy works with circuit breakers where not all are created equal. A&amp;nbsp;&lt;a href=&quot;https://www.delcity.net/store/EATON-Hi!Amp-Marine-Breakers/p_823677.h_795461&quot;>&lt;u>marine circuit breaker&lt;/u>&lt;/a>&amp;nbsp;is both weatherproof and waterproof with a different design for heavy-duty or high amp applications. Without a protected electrical circuit system, your boat is susceptible to a multitude of safety hazards, non-compliance, or even complete system shutdown.&lt;/p>&#xd;&#xa;"
                        textIsRich="true">
                        <cq:responsive jcr:primaryType="nt:unstructured">
                            <default
                                jcr:primaryType="nt:unstructured"
                                offset="1"
                                width="8"/>
                        </cq:responsive>
                    </text_1418127462>
                    <image_1433581
                        jcr:created="{Date}2022-02-23T13:36:42.461+05:30"
                        jcr:createdBy="admin"
                        jcr:lastModified="{Date}2022-02-23T13:43:17.379+05:30"
                        jcr:lastModifiedBy="admin"
                        jcr:primaryType="nt:unstructured"
                        sling:resourceType="ecomm-framework/components/content/image"
                        altValueFromDAM="true"
                        displayPopupTitle="true"
                        fileReference="/content/dam/delcity/images/blogs/image-not-available-image.png"
                        isDecorative="false"
                        titleValueFromDAM="true">
                        <cq:responsive jcr:primaryType="nt:unstructured">
                            <default
                                jcr:primaryType="nt:unstructured"
                                offset="0"
                                width="3"/>
                        </cq:responsive>
                    </image_1433581>
                    <text_2027982101
                        cq:styleIds="[1629979540972]"
                        jcr:created="{Date}2022-02-23T13:37:45.257+05:30"
                        jcr:createdBy="admin"
                        jcr:lastModified="{Date}2022-02-28T10:21:24.056+05:30"
                        jcr:lastModifiedBy="admin"
                        jcr:primaryType="nt:unstructured"
                        sling:resourceType="delcity/components/content/text"
                        text="&lt;p>The bottom line on marine applications is better safe than sorry. More copper in your tinned&amp;nbsp;&lt;u>&lt;a href=&quot;https://www.delcity.net/store/Marine-Grade-Tinned-Wire/p_365&quot;>marine grade cable&lt;/a>&amp;nbsp;&lt;/u>makes for a more secure connection under harsh environments while the tinned aspect makes it more resistant to corrosion. Del City wants you to be safe with you boat and offers&amp;nbsp;&lt;a href=&quot;https://www.delcity.net/store/Marine-Grade-Tinned-Wire/p_365&quot;>&lt;u>marine grade&lt;/u> &lt;/a>&lt;u>&lt;a href=&quot;https://www.delcity.net/store/Marine-Grade-Tinned-Wire/p_365&quot;>wire&lt;/a>,&amp;nbsp;&lt;a href=&quot;https://www.delcity.net/store/Marine-Cable/p_356.h_181036&quot;>marine cable&lt;/a>,&amp;nbsp;&lt;a href=&quot;https://www.delcity.net/store/EATON-Hi!Amp-Marine-Breakers/p_823677.h_795461&quot;>circuit breakers&lt;/a>,&amp;nbsp;&lt;a href=&quot;https://www.delcity.net/store/Marine-Rated-Battery-Fuses/p_808921.h_808922&quot;>fuses&lt;/a>&lt;/u>, and&amp;nbsp;&lt;a href=&quot;https://www.delcity.net/store/Terminals/&quot;>&lt;u>terminals&lt;/u>&lt;/a>.&lt;/p>&#xd;&#xa;&lt;p>&amp;nbsp;&lt;/p>&#xd;&#xa;&lt;p>More questions? Don’t hesitate to reach out to our technical support at 1-800-654-4757 or check our our other&amp;nbsp;&lt;a href=&quot;https://blog.delcity.net/&quot;>&lt;u>blog posts!&lt;/u>&lt;/a>&lt;/p>&#xd;&#xa;&lt;p>&amp;nbsp;&lt;/p>&#xd;&#xa;&lt;h6>&amp;nbsp; &amp;nbsp; &amp;nbsp; &amp;nbsp;Posted in&amp;nbsp;&lt;a href=&quot;https://blog.delcity.net/category/how-to/&quot;>&lt;u>How To&lt;/u>&lt;/a>,&amp;nbsp;&lt;a href=&quot;https://blog.delcity.net/category/marine/&quot;>&lt;u>Marine&lt;/u>&lt;/a>.&lt;/h6>&#xd;&#xa;&lt;p>&amp;nbsp;&lt;/p>&#xd;&#xa;"
                        textIsRich="true"/>
                    <separator
                        jcr:created="{Date}2022-02-23T13:45:25.507+05:30"
                        jcr:createdBy="admin"
                        jcr:lastModified="{Date}2022-02-23T13:45:25.507+05:30"
                        jcr:lastModifiedBy="admin"
                        jcr:primaryType="nt:unstructured"
                        sling:resourceType="ecomm-framework/components/content/separator"/>
                    <button
                        jcr:created="{Date}2022-02-23T13:45:32.512+05:30"
                        jcr:createdBy="admin"
                        jcr:lastModified="{Date}2022-02-23T13:46:17.235+05:30"
                        jcr:lastModifiedBy="admin"
                        jcr:primaryType="nt:unstructured"
                        jcr:title="How To Increase Trailer Efficiency and Longevity"
                        sling:resourceType="ecomm-framework/components/content/button"
                        link="https://blog.delcity.net/how-to-increase-trailer-efficiency-and-longevity/">
                        <cq:responsive jcr:primaryType="nt:unstructured">
                            <default
                                jcr:primaryType="nt:unstructured"
                                offset="1"
                                width="5"/>
                        </cq:responsive>
                    </button>
                    <button_1571626590
                        jcr:created="{Date}2022-02-23T13:45:38.880+05:30"
                        jcr:createdBy="admin"
                        jcr:lastModified="{Date}2022-02-23T13:47:14.605+05:30"
                        jcr:lastModifiedBy="admin"
                        jcr:primaryType="nt:unstructured"
                        jcr:title="What Happens When You Blow A Fuse?"
                        sling:resourceType="ecomm-framework/components/content/button"
                        link="https://blog.delcity.net/what-happens-when-you-blow-a-fuse/">
                        <cq:responsive jcr:primaryType="nt:unstructured">
                            <default
                                jcr:primaryType="nt:unstructured"
                                offset="2"
                                width="4"/>
                        </cq:responsive>
                    </button_1571626590>
                    <text_1812659871
                        jcr:created="{Date}2022-02-23T13:47:33.865+05:30"
                        jcr:createdBy="admin"
                        jcr:lastModified="{Date}2022-02-23T13:47:33.865+05:30"
                        jcr:lastModifiedBy="admin"
                        jcr:primaryType="nt:unstructured"
                        sling:resourceType="delcity/components/content/text"/>
                </responsivegrid>
            </responsivegrid>
        </root>
    </jcr:content>
</jcr:root>
