<?xml version="1.0" encoding="UTF-8"?>
<jcr:root xmlns:sling="http://sling.apache.org/jcr/sling/1.0" xmlns:cq="http://www.day.com/jcr/cq/1.0" xmlns:jcr="http://www.jcp.org/jcr/1.0" xmlns:nt="http://www.jcp.org/jcr/nt/1.0"
    jcr:primaryType="cq:Page">
    <jcr:content
        cq:lastModified="{Date}2022-01-02T23:45:08.730-06:00"
        cq:lastModifiedBy="translation-job-service"
        cq:lastTranslationUpdate="{Date}2022-01-02T23:45:08.730-06:00"
        cq:template="/conf/delcity/settings/wcm/templates/delcity-generic-template"
        cq:translationSourcePath="/content/ecommerce/delcity/language-masters/en/errors/404"
        jcr:primaryType="cq:PageContent"
        jcr:title="404"
        sling:resourceType="delcity/components/structure/page">
        <root
            jcr:primaryType="nt:unstructured"
            sling:resourceType="wcm/foundation/components/responsivegrid">
            <responsivegrid
                jcr:created="{Date}2021-07-19T21:39:11.006+05:30"
                jcr:createdBy="admin"
                jcr:lastModified="{Date}2021-07-19T11:16:38.662-05:00"
                jcr:lastModifiedBy="Praveen.Vatchavayi@mercmarine.com"
                jcr:primaryType="nt:unstructured"
                sling:resourceType="wcm/foundation/components/responsivegrid">
                <title
                    jcr:created="{Date}2021-10-27T05:52:09.494-05:00"
                    jcr:createdBy="Praveen.Vatchavayi@mercmarine.com"
                    jcr:lastModified="{Date}2021-10-27T05:57:16.597-05:00"
                    jcr:lastModifiedBy="Praveen.Vatchavayi@mercmarine.com"
                    jcr:primaryType="nt:unstructured"
                    jcr:title="This is 404 error page"
                    sling:resourceType="ecomm-framework/components/content/title"
                    type="h6"/>
                <responsivegrid
                    jcr:created="{Date}2021-10-22T04:00:53.784-05:00"
                    jcr:createdBy="Praveen.Vatchavayi@mercmarine.com"
                    jcr:lastModified="{Date}2021-10-22T04:00:53.784-05:00"
                    jcr:lastModifiedBy="Praveen.Vatchavayi@mercmarine.com"
                    jcr:primaryType="nt:unstructured"
                    sling:resourceType="wcm/foundation/components/responsivegrid">
                    <cq:responsive jcr:primaryType="nt:unstructured"/>
                    <text
                        jcr:created="{Date}2021-10-22T04:02:11.145-05:00"
                        jcr:createdBy="Praveen.Vatchavayi@mercmarine.com"
                        jcr:lastModified="{Date}2021-10-27T05:25:48.385-05:00"
                        jcr:lastModifiedBy="Praveen.Vatchavayi@mercmarine.com"
                        jcr:primaryType="nt:unstructured"
                        sling:resourceType="ecomm-framework/components/content/text"
                        text="&lt;p>&lt;b>We can't find the page you were looking for. You can try searching above or&amp;nbsp;&lt;a href=&quot;/content/ecommerce/delcity/us/en.html&quot; target=&quot;_self&quot;>go home&lt;/a>.&lt;/b>&lt;/p>&#xa;"
                        textIsRich="true">
                        <cq:responsive jcr:primaryType="nt:unstructured">
                            <default
                                jcr:primaryType="nt:unstructured"
                                offset="2"
                                width="8"/>
                        </cq:responsive>
                    </text>
                </responsivegrid>
            </responsivegrid>
        </root>
    </jcr:content>
</jcr:root>
