<?xml version="1.0" encoding="UTF-8"?>
<jcr:root xmlns:sling="http://sling.apache.org/jcr/sling/1.0" xmlns:cq="http://www.day.com/jcr/cq/1.0" xmlns:jcr="http://www.jcp.org/jcr/1.0" xmlns:nt="http://www.jcp.org/jcr/nt/1.0"
    jcr:primaryType="cq:Page">
    <jcr:content
        cq:lastModified="{Date}2022-03-04T07:56:03.182-06:00"
        cq:lastModifiedBy="Anagha.Dwajan@mercmarine.com"
        cq:template="/conf/delcity/settings/wcm/templates/delcity-generic-template"
        jcr:primaryType="cq:PageContent"
        jcr:title="What Does A Resistor Do And Why Is It Important?"
        sling:resourceType="delcity/components/structure/page">
        <root
            jcr:primaryType="nt:unstructured"
            sling:resourceType="wcm/foundation/components/responsivegrid">
            <footer
                jcr:created="{Date}2021-06-21T14:21:52.357+05:30"
                jcr:createdBy="admin"
                jcr:lastModified="{Date}2022-02-01T17:04:20.028+05:30"
                jcr:lastModifiedBy="admin"
                jcr:primaryType="nt:unstructured"
                sling:resourceType="delcity/components/structure/footer"
                menutitle1="About Us"
                sendIcon="/content/dam/delcity/images/Icon-send@2x.png">
                <aboutus jcr:primaryType="nt:unstructured">
                    <item0
                        jcr:primaryType="nt:unstructured"
                        pagetitle="About Us"/>
                    <item1
                        jcr:primaryType="nt:unstructured"
                        pagetitle="Contact Us"/>
                    <item2
                        jcr:primaryType="nt:unstructured"
                        pagetitle="FAQs"/>
                </aboutus>
            </footer>
            <responsivegrid
                jcr:created="{Date}2021-06-21T14:21:44.042+05:30"
                jcr:createdBy="admin"
                jcr:lastModified="{Date}2022-02-01T17:04:38.578+05:30"
                jcr:lastModifiedBy="admin"
                jcr:primaryType="nt:unstructured"
                sling:resourceType="wcm/foundation/components/responsivegrid">
                <blogteaser
                    jcr:created="{Date}2022-02-23T15:54:54.778+05:30"
                    jcr:createdBy="admin"
                    jcr:lastModified="{Date}2022-03-04T07:47:59.969-06:00"
                    jcr:lastModifiedBy="Anagha.Dwajan@mercmarine.com"
                    jcr:primaryType="nt:unstructured"
                    sling:resourceType="ecomm-framework/components/content/blogteaser"
                    authoringDate="July 04, 2016"
                    authorName="Kelsey Scherf"
                    blogImage="/content/dam/delcity/images/blogs/image-not-available-image.png"
                    selectBrand="DC"
                    teaserHeader="What Does A Resistor Do And Why Is It Important?">
                    <cq:responsive jcr:primaryType="nt:unstructured">
                        <default
                            jcr:primaryType="nt:unstructured"
                            offset="0"
                            width="12"/>
                    </cq:responsive>
                    <categoryList jcr:primaryType="nt:unstructured">
                        <item0
                            jcr:primaryType="nt:unstructured"
                            delcitycategories="Relays &amp; Power Distribution"/>
                    </categoryList>
                </blogteaser>
                <responsivegrid
                    jcr:created="{Date}2022-02-23T15:54:23.831+05:30"
                    jcr:createdBy="admin"
                    jcr:lastModified="{Date}2022-02-23T15:54:23.831+05:30"
                    jcr:lastModifiedBy="admin"
                    jcr:primaryType="nt:unstructured"
                    sling:resourceType="wcm/foundation/components/responsivegrid">
                    <cq:responsive jcr:primaryType="nt:unstructured"/>
                    <text
                        jcr:created="{Date}2022-02-23T16:17:50.335+05:30"
                        jcr:createdBy="admin"
                        jcr:lastModified="{Date}2022-02-23T16:17:55.262+05:30"
                        jcr:lastModifiedBy="admin"
                        jcr:primaryType="nt:unstructured"
                        sling:resourceType="delcity/components/content/text"
                        text="&lt;p>Whether you are fixing your air conditioning, connecting new LED lights, or wiring a relay, you are probably working with a resistor. Resistors can be found in almost every electrical circuit, but they are often built-in to other components. So what do these hidden resistors really do? And why are they so important to the electrical circuits you use every day?&lt;/p>&#xd;&#xa;"
                        textIsRich="true">
                        <cq:responsive jcr:primaryType="nt:unstructured">
                            <default
                                jcr:primaryType="nt:unstructured"
                                offset="0"
                                width="11"/>
                        </cq:responsive>
                    </text>
                    <image
                        jcr:created="{Date}2022-02-23T16:18:06.552+05:30"
                        jcr:createdBy="admin"
                        jcr:lastModified="{Date}2022-02-23T16:18:11.585+05:30"
                        jcr:lastModifiedBy="admin"
                        jcr:primaryType="nt:unstructured"
                        sling:resourceType="ecomm-framework/components/content/image"
                        altValueFromDAM="true"
                        displayPopupTitle="true"
                        fileReference="/content/dam/delcity/images/blogs/image-not-available-image.png"
                        isDecorative="false"
                        titleValueFromDAM="true">
                        <cq:responsive jcr:primaryType="nt:unstructured">
                            <default
                                jcr:primaryType="nt:unstructured"
                                offset="4"
                                width="4"/>
                        </cq:responsive>
                    </image>
                    <text_copy
                        jcr:created="{Date}2022-02-23T16:17:50.335+05:30"
                        jcr:createdBy="admin"
                        jcr:lastModified="{Date}2022-02-23T16:22:19.504+05:30"
                        jcr:lastModifiedBy="admin"
                        jcr:primaryType="nt:unstructured"
                        sling:resourceType="delcity/components/content/text"
                        text="&lt;h1>&lt;b>What does a resistor do?&lt;/b>&lt;/h1>&#xd;&#xa;&lt;p>A resistor controls the flow of the electrical current within a circuit. Resistors are made from materials like copper or carbon, which make it difficult for the electrical charges to flow through a circuit. The most common type of resistor is a carbon resistor, which is a general purpose resistor, best suited for lower-powered circuits. Some other common resistor types include the film resistor and the wire-wound resistor. Resistors are essential to many electoral circuits, and they can be applied to a myriad of different applications.&lt;/p>&#xd;&#xa;&lt;p>&lt;b>Protect against voltage spikes.&lt;/b>&amp;nbsp;Resistors also protect components against voltage spikes. Components that are sensitive to a high electrical current, like LED lights, will be damaged if there is not a resistor to control the flow of the electrical current. In addition,&amp;nbsp;&lt;a href=&quot;http://www.delcity.net/store/Fuses-&amp;amp;-Fuse-Taps/p_182&quot;>fuses&lt;/a>&amp;nbsp;and&amp;nbsp;&lt;a href=&quot;http://www.delcity.net/store/Circuit-Breakers/&quot;>circuit breakers&lt;/a>&amp;nbsp;can also be used to protect your electrical circuit against voltage spikes. &amp;nbsp;&amp;nbsp;&lt;/p>&#xd;&#xa;&lt;p>&lt;b>Provide the proper voltage.&lt;/b>&amp;nbsp;Resistors ensure components receive the proper voltage by creating a voltage drop, and they can protect a component from voltage spikes. Each component in an electrical circuit, like a light or a switch, requires a specific voltage. If a component in your circuit requires less voltage than the rest of your circuit, a resistor will create a voltage drop to ensure the component does not receive too much voltage. The resistor will create a voltage drop by slowing down, or resisting, the electrons as they try to flow through the resistor. If a component receives too much voltage, it may be damaged or not function properly. When upgrading incandescent turn signals to LED, an&amp;nbsp;&lt;a href=&quot;http://www.delcity.net/store/LED-Load-Resistors/p_807671&quot;>LED load resistor&lt;/a>&amp;nbsp;is required for each light in order to ensure the turn signals work properly. The LED load resistor creates a voltage drop so the LED turn signals blink at a proper speed. If the LED load resistor was not installed, the LED turn signal would blink too rapidly, and would eventually be destroyed by the high voltage. Need&amp;nbsp;to upgrade?&amp;nbsp;&lt;a href=&quot;https://blog.delcity.net/upgrading-to-led-lights&quot;>Check out this&amp;nbsp;post to learn how to make the switch to LEDs.&lt;/a>&lt;/p>&#xd;&#xa;"
                        textIsRich="true">
                        <cq:responsive jcr:primaryType="nt:unstructured">
                            <default
                                jcr:primaryType="nt:unstructured"
                                offset="0"
                                width="11"/>
                        </cq:responsive>
                    </text_copy>
                    <image_copy
                        jcr:created="{Date}2022-02-23T16:18:06.552+05:30"
                        jcr:createdBy="admin"
                        jcr:lastModified="{Date}2022-02-23T16:18:11.585+05:30"
                        jcr:lastModifiedBy="admin"
                        jcr:primaryType="nt:unstructured"
                        sling:resourceType="ecomm-framework/components/content/image"
                        altValueFromDAM="true"
                        displayPopupTitle="true"
                        fileReference="/content/dam/delcity/images/blogs/image-not-available-image.png"
                        isDecorative="false"
                        titleValueFromDAM="true">
                        <cq:responsive jcr:primaryType="nt:unstructured">
                            <default
                                jcr:primaryType="nt:unstructured"
                                offset="4"
                                width="4"/>
                        </cq:responsive>
                    </image_copy>
                    <text_copy_732040454
                        jcr:created="{Date}2022-02-23T16:17:50.335+05:30"
                        jcr:createdBy="admin"
                        jcr:lastModified="{Date}2022-02-23T16:22:53.615+05:30"
                        jcr:lastModifiedBy="admin"
                        jcr:primaryType="nt:unstructured"
                        sling:resourceType="delcity/components/content/text"
                        text="&lt;h1>&lt;b>Common Resistor Applications&lt;/b>&lt;/h1>&#xd;&#xa;&lt;p>While resistors can be bought individually, they are often built-in to other electrical components, such as the LED load resistor, relays, and other 12V electrical products. In a relay, the resistor absorbs access voltage given off when the relay is activated. This will protect any other components in the circuit from voltage spikes. Relays allow for a high current flow circuit to be controlled by a low current flow circuit, and they are made to fit a variety of applications.&lt;/p>&#xd;&#xa;&lt;p>Some common relays include the&amp;nbsp;&lt;a href=&quot;http://www.delcity.net/store/Relay-with-Resistor/p_73581&quot;>relay with resistor&lt;/a>, which will fit into a standard fuse box. This relay is ideal for full voltage applications such as fog horns, window lifters, air conditioners, and much more. While the relay is ideal for full voltage applications, the built-in resistor will protect any sensitive equipment against voltage spikes.&lt;/p>&#xd;&#xa;&lt;p>A&amp;nbsp;&lt;a href=&quot;http://www.delcity.net/store/Potted-Relay-with-Resistor/p_73579&quot;>potted relay&lt;/a>&amp;nbsp;is also ideal for full voltage applications, but it offers extra protection for marine applications and vehicles exposed to harsh conditions. The term “potted” means that the relay is sealed against dust and moisture, while the internal resistor protects against voltage spikes.&lt;/p>&#xd;&#xa;&lt;p>A&amp;nbsp;&lt;a href=&quot;http://www.delcity.net/store/Skirted-Relay-with-Resistor-&amp;amp;-Bracket/p_73582&quot;>mini 280 skirted relay with resistor&lt;/a>&amp;nbsp;is similar to the standard relay with resistor, but the skirted relay connects with the sealed OEM connector in the vehicle. This skirted relay also features Mini 280 style pins.&lt;/p>&#xd;&#xa;&lt;p>The&amp;nbsp;&lt;a href=&quot;http://www.delcity.net/store/ISO-280-Micro-Relay-With-Resistor/p_791799&quot;>ISO 280 Micro relay with resistor&lt;/a>&amp;nbsp;is a smaller version of the standard relay. The ISO 280 footprint will fit most common&amp;nbsp;&lt;a href=&quot;http://www.delcity.net/store/Sealed-Mini-Fuse-Panels/p_803796&quot;>Mini (ATM) fuse boxes&lt;/a>.&lt;/p>&#xd;&#xa;"
                        textIsRich="true">
                        <cq:responsive jcr:primaryType="nt:unstructured">
                            <default
                                jcr:primaryType="nt:unstructured"
                                offset="0"
                                width="11"/>
                        </cq:responsive>
                    </text_copy_732040454>
                    <image_copy_copy
                        jcr:created="{Date}2022-02-23T16:18:06.552+05:30"
                        jcr:createdBy="admin"
                        jcr:lastModified="{Date}2022-02-23T16:18:11.585+05:30"
                        jcr:lastModifiedBy="admin"
                        jcr:primaryType="nt:unstructured"
                        sling:resourceType="ecomm-framework/components/content/image"
                        altValueFromDAM="true"
                        displayPopupTitle="true"
                        fileReference="/content/dam/delcity/images/blogs/image-not-available-image.png"
                        isDecorative="false"
                        titleValueFromDAM="true">
                        <cq:responsive jcr:primaryType="nt:unstructured">
                            <default
                                jcr:primaryType="nt:unstructured"
                                offset="4"
                                width="4"/>
                        </cq:responsive>
                    </image_copy_copy>
                    <text_copy_32725330
                        jcr:created="{Date}2022-02-23T16:17:50.335+05:30"
                        jcr:createdBy="admin"
                        jcr:lastModified="{Date}2022-02-23T16:23:58.026+05:30"
                        jcr:lastModifiedBy="admin"
                        jcr:primaryType="nt:unstructured"
                        sling:resourceType="delcity/components/content/text"
                        text="&lt;p>They may be small and often built-in to other components, but resistors are essential to almost every electrical circuit. These hidden resistors are essential because they control the flow of the electrical current to sensitive components, and they protect components from voltage spikes. So the next time you turn on your air conditioning or your new LED light, remember that a resistor is working to protect your component and ensure it is functioning properly.&lt;/p>&#xd;&#xa;&lt;p>If you would like learn more or have if you have questions about Del City’s products with built-in resistors, visit&amp;nbsp;&lt;a href=&quot;http://www.delcity.net/&quot;>www.delcity.net&lt;/a>&amp;nbsp;or call 1.800.654.4757.&lt;/p>&#xd;&#xa;&lt;p>&amp;nbsp;&lt;/p>&#xd;&#xa;&lt;p>&amp;nbsp;&lt;/p>&#xd;&#xa;&lt;p>&amp;nbsp;&lt;/p>&#xd;&#xa;"
                        textIsRich="true">
                        <cq:responsive jcr:primaryType="nt:unstructured">
                            <default
                                jcr:primaryType="nt:unstructured"
                                offset="0"
                                width="11"/>
                        </cq:responsive>
                    </text_copy_32725330>
                    <separator
                        jcr:created="{Date}2022-02-23T16:24:05.444+05:30"
                        jcr:createdBy="admin"
                        jcr:lastModified="{Date}2022-02-23T16:24:05.444+05:30"
                        jcr:lastModifiedBy="admin"
                        jcr:primaryType="nt:unstructured"
                        sling:resourceType="ecomm-framework/components/content/separator"/>
                    <text_1748983867
                        jcr:created="{Date}2022-02-23T16:24:33.660+05:30"
                        jcr:createdBy="admin"
                        jcr:lastModified="{Date}2022-02-23T16:24:57.805+05:30"
                        jcr:lastModifiedBy="admin"
                        jcr:primaryType="nt:unstructured"
                        sling:resourceType="delcity/components/content/text"
                        text="&lt;p>&lt;i>&lt;b>Sources&lt;/b>&lt;/i>&lt;/p>&#xd;&#xa;&lt;p>&lt;i>&lt;a href=&quot;http://www.explainthatstuff.com/resistors.html&quot;>http://www.explainthatstuff.com/resistors.html&lt;/a>&lt;br>&#xd;&#xa; &lt;a href=&quot;http://www.electronics-tutorials.ws/resistor/res_1.html&quot;>http://www.electronics-tutorials.ws/resistor/res_1.html&lt;/a>&lt;br>&#xd;&#xa; &lt;a href=&quot;http://sciencelearn.org.nz/Contexts/Super-Sense/Science-Ideas-and-Concepts/Resistors&quot;>http://sciencelearn.org.nz/Contexts/Super-Sense/Science-Ideas-and-Concepts/Resistors&lt;/a>&lt;br>&#xd;&#xa; &lt;a href=&quot;http://www.autoshop101.com/forms/hweb2.pdf&quot;>http://www.autoshop101.com/forms/hweb2.pdf&lt;/a>&lt;/i>&lt;/p>&#xd;&#xa;&lt;h6 style=&quot;margin-left: 40px;&quot;>Posted in&amp;nbsp;&lt;a href=&quot;https://blog.delcity.net/category/relays-power-distribution/&quot;>Relays &amp;amp; Power Distribution&lt;/a>.&lt;/h6>&#xd;&#xa;"
                        textIsRich="true">
                        <cq:responsive jcr:primaryType="nt:unstructured">
                            <default
                                jcr:primaryType="nt:unstructured"
                                offset="0"
                                width="11"/>
                        </cq:responsive>
                    </text_1748983867>
                    <separator_402445226
                        jcr:created="{Date}2022-02-23T16:25:44.789+05:30"
                        jcr:createdBy="admin"
                        jcr:lastModified="{Date}2022-02-23T16:25:44.789+05:30"
                        jcr:lastModifiedBy="admin"
                        jcr:primaryType="nt:unstructured"
                        sling:resourceType="ecomm-framework/components/content/separator"/>
                    <button
                        jcr:created="{Date}2022-02-23T16:27:11.256+05:30"
                        jcr:createdBy="admin"
                        jcr:lastModified="{Date}2022-02-23T16:27:49.839+05:30"
                        jcr:lastModifiedBy="admin"
                        jcr:primaryType="nt:unstructured"
                        jcr:title=" What are Single Pole Electrical…"
                        sling:resourceType="ecomm-framework/components/content/button"
                        icon="&lt;---"
                        link="https://blog.delcity.net/what-are-single-pole-electrical-switches-and-double-pole-electrical-switches-2/">
                        <cq:responsive jcr:primaryType="nt:unstructured">
                            <default
                                jcr:primaryType="nt:unstructured"
                                offset="1"
                                width="3"/>
                        </cq:responsive>
                    </button>
                    <button_copy
                        jcr:created="{Date}2022-02-23T16:27:11.256+05:30"
                        jcr:createdBy="admin"
                        jcr:lastModified="{Date}2022-02-23T16:29:15.959+05:30"
                        jcr:lastModifiedBy="admin"
                        jcr:primaryType="nt:unstructured"
                        jcr:title="Choosing The Perfect Auto Meter Gauge"
                        sling:resourceType="ecomm-framework/components/content/button"
                        icon="--->"
                        link="https://blog.delcity.net/choosing-the-perfect-auto-meter-gauge/">
                        <cq:responsive jcr:primaryType="nt:unstructured">
                            <default
                                jcr:primaryType="nt:unstructured"
                                offset="4"
                                width="3"/>
                        </cq:responsive>
                    </button_copy>
                </responsivegrid>
            </responsivegrid>
        </root>
    </jcr:content>
</jcr:root>
