<?xml version="1.0" encoding="UTF-8"?>
<jcr:root xmlns:sling="http://sling.apache.org/jcr/sling/1.0" xmlns:cq="http://www.day.com/jcr/cq/1.0" xmlns:jcr="http://www.jcp.org/jcr/1.0" xmlns:nt="http://www.jcp.org/jcr/nt/1.0"
    jcr:primaryType="nt:unstructured"
    jcr:title="Account List"
    sling:resourceType="cq/gui/components/authoring/dialog">
    <content
        jcr:primaryType="nt:unstructured"
        sling:resourceType="granite/ui/components/coral/foundation/fixedcolumns"
        margin="{Boolean}false">
        <items jcr:primaryType="nt:unstructured">
            <tabs
                jcr:primaryType="nt:unstructured"
                sling:resourceType="granite/ui/components/coral/foundation/tabs"
                maximized="{Boolean}true">
                <items jcr:primaryType="nt:unstructured">
                    <column
                        jcr:primaryType="nt:unstructured"
                        jcr:title="Account List Details"
                        sling:resourceType="granite/ui/components/coral/foundation/container">
                        <items jcr:primaryType="nt:unstructured">
                            <title
                                jcr:primaryType="nt:unstructured"
                                sling:resourceType="granite/ui/components/coral/foundation/form/textfield"
                                fieldDescription="Please provide Account Title."
                                fieldLabel="Account Title"
                                maxlength="40"
                                name="./accountTitle"/>
                            <saveBtn
                                jcr:primaryType="nt:unstructured"
                                sling:resourceType="granite/ui/components/coral/foundation/form/textfield"
                                fieldDescription="Please provide label for Save Button."
                                fieldLabel="Save Button Label"
                                maxlength="20"
                                name="./saveBtn"
                                required="{Boolean}false"/>
                            <defaultAccount
                                jcr:primaryType="nt:unstructured"
                                sling:resourceType="granite/ui/components/coral/foundation/form/textfield"
                                fieldDescription="Please provide label for Default Account."
                                fieldLabel="Default Account Label"
                                maxlength="25"
                                name="./defaultAccount"
                                required="{Boolean}false"/>
                            <numberLabel
                                jcr:primaryType="nt:unstructured"
                                sling:resourceType="granite/ui/components/coral/foundation/form/textfield"
                                fieldDescription="Please provide label for Account Number."
                                fieldLabel="Account Number Label"
                                maxlength="20"
                                name="./numberLabel"
                                required="{Boolean}false"/>
                            <accountNameLabel
                                jcr:primaryType="nt:unstructured"
                                sling:resourceType="granite/ui/components/coral/foundation/form/textfield"
                                fieldDescription="Please provide label for Account Name."
                                fieldLabel="Account Name Label"
                                maxlength="20"
                                name="./accountNameLabel"
                                required="{Boolean}false"/>
                            <administratorLabel
                                jcr:primaryType="nt:unstructured"
                                sling:resourceType="granite/ui/components/coral/foundation/form/textfield"
                                fieldDescription="Please provide label for Administrator Name."
                                fieldLabel="Administrator Name Label"
                                maxlength="20"
                                name="./administratorLabel"
                                required="{Boolean}false"/>
                        </items>
                    </column>
                </items>
            </tabs>
        </items>
    </content>
</jcr:root>
