<?xml version="1.0" encoding="UTF-8"?>
<jcr:root xmlns:sling="http://sling.apache.org/jcr/sling/1.0" xmlns:cq="http://www.day.com/jcr/cq/1.0" xmlns:jcr="http://www.jcp.org/jcr/1.0" xmlns:nt="http://www.jcp.org/jcr/nt/1.0"
    jcr:primaryType="cq:Page">
    <jcr:content
        cq:lastModified="{Date}2022-03-04T03:52:59.020-06:00"
        cq:lastModifiedBy="Anagha.Dwajan@mercmarine.com"
        cq:template="/conf/delcity/settings/wcm/templates/delcity-generic-template"
        jcr:primaryType="cq:PageContent"
        jcr:title="Infographic Mag Daddy: More Than Your Average Magnet"
        sling:resourceType="delcity/components/structure/page">
        <root
            jcr:primaryType="nt:unstructured"
            sling:resourceType="wcm/foundation/components/responsivegrid">
            <footer
                jcr:created="{Date}2021-06-21T14:21:52.357+05:30"
                jcr:createdBy="admin"
                jcr:lastModified="{Date}2022-02-01T17:04:20.028+05:30"
                jcr:lastModifiedBy="admin"
                jcr:primaryType="nt:unstructured"
                sling:resourceType="delcity/components/structure/footer"
                menutitle1="About Us"
                sendIcon="/content/dam/delcity/images/Icon-send@2x.png">
                <aboutus jcr:primaryType="nt:unstructured">
                    <item0
                        jcr:primaryType="nt:unstructured"
                        pagetitle="About Us"/>
                    <item1
                        jcr:primaryType="nt:unstructured"
                        pagetitle="Contact Us"/>
                    <item2
                        jcr:primaryType="nt:unstructured"
                        pagetitle="FAQs"/>
                </aboutus>
            </footer>
            <responsivegrid
                jcr:created="{Date}2021-06-21T14:21:44.042+05:30"
                jcr:createdBy="admin"
                jcr:lastModified="{Date}2022-02-01T17:04:38.578+05:30"
                jcr:lastModifiedBy="admin"
                jcr:primaryType="nt:unstructured"
                sling:resourceType="wcm/foundation/components/responsivegrid">
                <blogteaser
                    jcr:created="{Date}2022-02-21T12:17:18.261+05:30"
                    jcr:createdBy="admin"
                    jcr:lastModified="{Date}2022-02-28T15:16:28.475+05:30"
                    jcr:lastModifiedBy="admin"
                    jcr:primaryType="nt:unstructured"
                    sling:resourceType="ecomm-framework/components/content/blogteaser"
                    authoringDate="October 31, 2019"
                    authorName="Kelsey Scherf"
                    blogImage="/content/dam/delcity/images/blogs/image-not-available-image.png"
                    selectBrand="DC"
                    teaserHeader="Infographic Mag Daddy: More Than Your Average Magnet">
                    <categoryList jcr:primaryType="nt:unstructured">
                        <item0
                            jcr:primaryType="nt:unstructured"
                            delcitycategories="Cable Ties &amp; Wire Fasteners"/>
                    </categoryList>
                </blogteaser>
                <responsivegrid
                    jcr:created="{Date}2022-02-21T12:17:11.237+05:30"
                    jcr:createdBy="admin"
                    jcr:lastModified="{Date}2022-02-21T12:17:11.237+05:30"
                    jcr:lastModifiedBy="admin"
                    jcr:primaryType="nt:unstructured"
                    sling:resourceType="wcm/foundation/components/responsivegrid">
                    <cq:responsive jcr:primaryType="nt:unstructured"/>
                    <text
                        cq:styleIds="[1629979540972]"
                        jcr:created="{Date}2022-02-21T12:27:16.599+05:30"
                        jcr:createdBy="admin"
                        jcr:lastModified="{Date}2022-02-21T14:13:19.077+05:30"
                        jcr:lastModifiedBy="admin"
                        jcr:primaryType="nt:unstructured"
                        sling:resourceType="delcity/components/content/text"
                        text="&lt;p>Mag Daddy magnets continue to impress more and more each day. Learn more about magnets and the Mag Daddy difference with our visual&amp;nbsp;&lt;a href=&quot;http://blog.delcity.net/wp-content/uploads/2019/10/Mag-Daddy-Infographic_Final.pdf&quot;>infographic&lt;/a>&amp;nbsp;below!&amp;nbsp;&lt;/p>&#xd;&#xa;&lt;p>&amp;nbsp;&lt;/p>&#xd;&#xa;"
                        textIsRich="true"/>
                    <image
                        jcr:created="{Date}2022-02-21T12:33:19.461+05:30"
                        jcr:createdBy="admin"
                        jcr:lastModified="{Date}2022-02-21T12:54:26.248+05:30"
                        jcr:lastModifiedBy="admin"
                        jcr:primaryType="nt:unstructured"
                        sling:resourceType="ecomm-framework/components/content/image"
                        altValueFromDAM="true"
                        displayPopupTitle="true"
                        fileReference="/content/dam/delcity/images/blogs/MD_Infographic.jpg"
                        isDecorative="false"
                        titleValueFromDAM="true">
                        <cq:responsive jcr:primaryType="nt:unstructured">
                            <default
                                jcr:primaryType="nt:unstructured"
                                offset="3"
                                width="6"/>
                        </cq:responsive>
                    </image>
                    <text_1151357570
                        cq:styleIds="[1629979540972]"
                        jcr:created="{Date}2022-02-21T12:54:36.537+05:30"
                        jcr:createdBy="admin"
                        jcr:lastModified="{Date}2022-02-21T15:51:23.110+05:30"
                        jcr:lastModifiedBy="admin"
                        jcr:primaryType="nt:unstructured"
                        sling:resourceType="delcity/components/content/text"
                        text="&lt;p style=&quot;text-align: center;&quot;>&amp;nbsp;&lt;/p>&#xa;&lt;h1 style=&quot;text-align: center;&quot;>&lt;a href=&quot;http://blog.delcity.net/wp-content/uploads/2019/10/Mag-Daddy-Infographic.pdf&quot;>&lt;u>Mag Daddy Infographic&lt;/u>&lt;/a>&lt;/h1>&#xa;&lt;p style=&quot;text-align: center;&quot;>&amp;nbsp;&lt;/p>&#xa;&lt;p>For a more in-depth explanation, check out our blog post&amp;nbsp;&lt;a href=&quot;https://blog.delcity.net/mag-daddy-magnets-innovation-for-today/&quot;>here!&lt;/a>&lt;/p>&#xa;&lt;p>&amp;nbsp;&lt;/p>&#xa;&lt;p>Until 11/31/19, use code MAG20 for 20% off all&amp;nbsp;&lt;a href=&quot;https://www.delcity.net/store/Buy-of-the-Month-Special/p_790419&quot;>Mag Daddy products&lt;/a>! See Del City’s extensive line of Mag Daddy products&amp;nbsp;&lt;a href=&quot;https://www.delcity.net/store/Buy-of-the-Month-Special/p_790419&quot;>here&lt;/a>&amp;nbsp;or check our our full product array on&amp;nbsp;&lt;a href=&quot;https://www.delcity.net/&quot;>our website!&lt;/a>&lt;/p>&#xa;&lt;p>&amp;nbsp;&lt;/p>&#xa;&lt;p>For more information, please don’t hesitate to reach out to our team at 1-800-654-4757 or at info@delcity.net.&amp;nbsp;&lt;/p>&#xa;&lt;p>&amp;nbsp;&lt;/p>&#xa;&lt;h6>&amp;nbsp; &amp;nbsp; &amp;nbsp; &amp;nbsp;Posted in&amp;nbsp;&lt;a href=&quot;https://blog.delcity.net/category/cable-ties-wire-fasteners/&quot;>Cable Ties &amp;amp; Wire Fasteners&lt;/a>.&lt;/h6>&#xa;&lt;p>&amp;nbsp;&lt;/p>&#xa;"
                        textIsRich="true"/>
                    <separator
                        jcr:created="{Date}2022-02-21T12:59:37.798+05:30"
                        jcr:createdBy="admin"
                        jcr:lastModified="{Date}2022-02-21T12:59:37.798+05:30"
                        jcr:lastModifiedBy="admin"
                        jcr:primaryType="nt:unstructured"
                        sling:resourceType="ecomm-framework/components/content/separator"/>
                    <button
                        jcr:created="{Date}2022-02-21T12:55:25.525+05:30"
                        jcr:createdBy="admin"
                        jcr:lastModified="{Date}2022-02-21T12:56:50.375+05:30"
                        jcr:lastModifiedBy="admin"
                        jcr:primaryType="nt:unstructured"
                        jcr:title="Mag Daddy Magnets: Innovation for Today"
                        sling:resourceType="ecomm-framework/components/content/button"
                        link="https://blog.delcity.net/mag-daddy-magnets-innovation-for-today/">
                        <cq:responsive jcr:primaryType="nt:unstructured">
                            <default
                                jcr:primaryType="nt:unstructured"
                                offset="1"
                                width="4"/>
                        </cq:responsive>
                    </button>
                    <button_1610053489
                        jcr:created="{Date}2022-02-21T12:55:33.602+05:30"
                        jcr:createdBy="admin"
                        jcr:lastModified="{Date}2022-02-21T12:57:16.235+05:30"
                        jcr:lastModifiedBy="admin"
                        jcr:primaryType="nt:unstructured"
                        jcr:title="Video: Del City Magnet Strength Test"
                        sling:resourceType="ecomm-framework/components/content/button"
                        link="https://blog.delcity.net/video-del-city-magnet-strength-test/">
                        <cq:responsive jcr:primaryType="nt:unstructured">
                            <default
                                jcr:primaryType="nt:unstructured"
                                offset="4"
                                width="3"/>
                        </cq:responsive>
                    </button_1610053489>
                    <text_313874288
                        cq:styleIds="[1629979540972,1629979533764]"
                        jcr:created="{Date}2022-02-21T12:59:56.971+05:30"
                        jcr:createdBy="admin"
                        jcr:lastModified="{Date}2022-02-21T17:54:06.031+05:30"
                        jcr:lastModifiedBy="admin"
                        jcr:primaryType="nt:unstructured"
                        sling:resourceType="delcity/components/content/text"
                        text="&lt;h6>&amp;nbsp; &amp;nbsp;&lt;/h6>&#xa;&lt;h6>&amp;nbsp; &amp;nbsp; &amp;nbsp; &amp;nbsp;&lt;u style=&quot;font-size: 2.0em; font-weight: normal;&quot;>2 Comments&lt;/u>&lt;/h6>&#xa;&lt;h6>&amp;nbsp;&lt;/h6>&#xa;&lt;p>1. Pingback:&amp;nbsp;&lt;a href=&quot;https://blog.delcity.net/mag-daddy-magnets-innovation-for-today/&quot;>Mag Daddy Magnets: Innovation for Today - Del City Blog&lt;/a>&lt;br>&#xa;&lt;/p>&#xa;&lt;p>2. Pingback:&amp;nbsp;&lt;a href=&quot;https://blog.delcity.net/video-del-city-magnet-strength-test/&quot;>Video: Del City Magnet Strength Test - Del City Blog&lt;/a>&lt;br>&#xa;&lt;/p>&#xa;&lt;p>&amp;nbsp;&lt;/p>&#xa;&lt;p>Comments are closed.&lt;/p>&#xa;&lt;p>&amp;nbsp;&lt;/p>&#xa;"
                        textIsRich="true"/>
                </responsivegrid>
            </responsivegrid>
        </root>
    </jcr:content>
</jcr:root>
