<?xml version="1.0" encoding="UTF-8"?>
<jcr:root xmlns:sling="http://sling.apache.org/jcr/sling/1.0" xmlns:cq="http://www.day.com/jcr/cq/1.0" xmlns:jcr="http://www.jcp.org/jcr/1.0" xmlns:nt="http://www.jcp.org/jcr/nt/1.0"
    jcr:primaryType="cq:Page">
    <jcr:content
        cq:lastModified="{Date}2022-10-05T14:29:38.853-05:00"
        cq:lastModifiedBy="heather.steinhart@delcity.net"
        cq:template="/conf/delcity/settings/wcm/templates/delcity-generic-template"
        jcr:primaryType="cq:PageContent"
        jcr:title="What Is A Wire Ferrule?"
        sling:resourceType="delcity/components/structure/page">
        <root
            jcr:primaryType="nt:unstructured"
            sling:resourceType="wcm/foundation/components/responsivegrid">
            <footer
                jcr:created="{Date}2021-06-21T14:21:52.357+05:30"
                jcr:createdBy="admin"
                jcr:lastModified="{Date}2022-02-01T17:04:20.028+05:30"
                jcr:lastModifiedBy="admin"
                jcr:primaryType="nt:unstructured"
                sling:resourceType="delcity/components/structure/footer"
                menutitle1="About Us"
                sendIcon="/content/dam/delcity/images/Icon-send@2x.png">
                <aboutus jcr:primaryType="nt:unstructured">
                    <item0
                        jcr:primaryType="nt:unstructured"
                        pagetitle="About Us"/>
                    <item1
                        jcr:primaryType="nt:unstructured"
                        pagetitle="Contact Us"/>
                    <item2
                        jcr:primaryType="nt:unstructured"
                        pagetitle="FAQs"/>
                </aboutus>
            </footer>
            <responsivegrid
                jcr:created="{Date}2021-06-21T14:21:44.042+05:30"
                jcr:createdBy="admin"
                jcr:lastModified="{Date}2022-02-01T17:04:38.578+05:30"
                jcr:lastModifiedBy="admin"
                jcr:primaryType="nt:unstructured"
                sling:resourceType="wcm/foundation/components/responsivegrid">
                <blogteaser
                    jcr:created="{Date}2022-02-18T13:14:49.758+05:30"
                    jcr:createdBy="admin"
                    jcr:lastModified="{Date}2022-07-06T13:48:06.171-05:00"
                    jcr:lastModifiedBy="heather.steinhart@delcity.net"
                    jcr:primaryType="nt:unstructured"
                    sling:resourceType="ecomm-framework/components/content/blogteaser"
                    authoringDate="April 02, 2020"
                    authorName="Del City"
                    blogImage="/content/dam/delcity/images/blogs/blog teaser image.png"
                    selectBrand="DC"
                    teaserDescription="Teaser Description"
                    teaserHeader="What Is A Wire Ferrule?">
                    <categoryList jcr:primaryType="nt:unstructured">
                        <item0
                            jcr:primaryType="nt:unstructured"
                            delcitycategories="Terminals"/>
                        <item1
                            jcr:primaryType="nt:unstructured"
                            delcitycategories="Battery Cables &amp; Accessories"/>
                        <item2
                            jcr:primaryType="nt:unstructured"
                            delcitycategories="How-To"/>
                    </categoryList>
                </blogteaser>
                <image_2079892354
                    jcr:created="{Date}2022-02-18T13:30:18.399+05:30"
                    jcr:createdBy="admin"
                    jcr:lastModified="{Date}2022-02-18T13:31:58.244+05:30"
                    jcr:lastModifiedBy="admin"
                    jcr:primaryType="nt:unstructured"
                    sling:resourceType="ecomm-framework/components/content/image"
                    altValueFromDAM="true"
                    displayPopupTitle="true"
                    fileReference="/content/dam/delcity/images/blogs/Wire-Ferrule-Differences.png"
                    isDecorative="false"
                    titleValueFromDAM="true">
                    <cq:responsive jcr:primaryType="nt:unstructured">
                        <default
                            jcr:primaryType="nt:unstructured"
                            offset="1"
                            width="3"/>
                    </cq:responsive>
                </image_2079892354>
                <responsivegrid
                    jcr:created="{Date}2022-02-18T13:14:38.050+05:30"
                    jcr:createdBy="admin"
                    jcr:lastModified="{Date}2022-02-18T13:14:38.050+05:30"
                    jcr:lastModifiedBy="admin"
                    jcr:primaryType="nt:unstructured"
                    sling:resourceType="wcm/foundation/components/responsivegrid">
                    <cq:responsive jcr:primaryType="nt:unstructured"/>
                    <text_1887016233
                        jcr:created="{Date}2022-03-08T13:50:32.758-06:00"
                        jcr:createdBy="heather.steinhart@delcity.net"
                        jcr:lastModified="{Date}2022-03-08T13:51:04.453-06:00"
                        jcr:lastModifiedBy="heather.steinhart@delcity.net"
                        jcr:primaryType="nt:unstructured"
                        sling:resourceType="delcity/components/content/text"
                        text="&lt;p>Text - Delcity - content&lt;/p>&#xd;&#xa;"
                        textIsRich="true"/>
                    <mediaandtext
                        cq:styleIds="[1653910233532,1653910327250]"
                        jcr:created="{Date}2022-10-05T08:38:46.872-05:00"
                        jcr:createdBy="heather.steinhart@delcity.net"
                        jcr:lastModified="{Date}2022-10-05T08:40:27.386-05:00"
                        jcr:lastModifiedBy="heather.steinhart@delcity.net"
                        jcr:primaryType="nt:unstructured"
                        sling:resourceType="delcity/components/content/mediaandtext"
                        textIsRich="true"/>
                    <text
                        cq:styleIds="[1629979540972]"
                        jcr:created="{Date}2022-02-18T13:17:44.280+05:30"
                        jcr:createdBy="admin"
                        jcr:lastModified="{Date}2022-02-18T13:21:58.927+05:30"
                        jcr:lastModifiedBy="admin"
                        jcr:primaryType="nt:unstructured"
                        sling:resourceType="delcity/components/content/text"
                        text="&lt;p>One of the most common items found in electrical applications is a &lt;a href=&quot;https://www.delcity.net/store/Terminals/&quot;>wire terminal.&lt;/a> The uses are countless, and they frequent industries such as automotive, industrial, manufacturing, marine, solar, and more. A &lt;a href=&quot;https://www.delcity.net/click/wire-ferrules-product-feature&quot;>wire ferrule&lt;/a>, though notably not as well known as a wire terminal, is a growing product that is being used more and more every day. Already commonly used in Europe, the wire ferrule is becoming increasingly utilized throughout the globe. Even with this exponential growth, many questions about wire ferrules persist.&lt;/p>&#xd;&#xa;"
                        textIsRich="true">
                        <cq:responsive jcr:primaryType="nt:unstructured">
                            <default
                                jcr:primaryType="nt:unstructured"
                                offset="0"
                                width="12"/>
                        </cq:responsive>
                    </text>
                    <text_805097293
                        jcr:created="{Date}2022-02-18T13:19:09.409+05:30"
                        jcr:createdBy="admin"
                        jcr:lastModified="{Date}2022-10-05T14:29:38.826-05:00"
                        jcr:lastModifiedBy="heather.steinhart@delcity.net"
                        jcr:primaryType="nt:unstructured"
                        sling:resourceType="delcity/components/content/text"
                        text="&lt;p>&lt;b>What is a wire ferrule?&lt;/b>&lt;/p>&#xd;&#xa;&lt;p>A &lt;a href=&quot;https://www.delcity.net/click/wire-ferrules-product-feature&quot;>wire ferrule&lt;/a> is crimped to the end of a stripped wire, very similar to a terminal. When it is crimped onto a stranded wire, it protects the fine strands from fraying. They are then inserted into the terminal compartment to be crimped onto the wire.&lt;/p>&#xd;&#xa;&lt;p> &lt;/p>&#xd;&#xa;"
                        textIsRich="true">
                        <cq:responsive jcr:primaryType="nt:unstructured">
                            <default
                                jcr:primaryType="nt:unstructured"
                                offset="0"
                                width="7"/>
                        </cq:responsive>
                    </text_805097293>
                    <image
                        jcr:created="{Date}2022-02-18T13:19:16.331+05:30"
                        jcr:createdBy="admin"
                        jcr:lastModified="{Date}2022-02-18T13:27:16.687+05:30"
                        jcr:lastModifiedBy="admin"
                        jcr:primaryType="nt:unstructured"
                        sling:resourceType="ecomm-framework/components/content/image"
                        altValueFromDAM="true"
                        displayPopupTitle="true"
                        fileReference="/content/dam/delcity/images/blogs/Wire-Ferrule.jpg"
                        isDecorative="false"
                        titleValueFromDAM="true">
                        <cq:responsive jcr:primaryType="nt:unstructured">
                            <default
                                jcr:primaryType="nt:unstructured"
                                offset="8"
                                width="3"/>
                        </cq:responsive>
                    </image>
                    <text_625826333
                        cq:styleIds="[1629979540972]"
                        jcr:created="{Date}2022-02-18T13:28:25.187+05:30"
                        jcr:createdBy="admin"
                        jcr:lastModified="{Date}2022-02-18T13:33:04.618+05:30"
                        jcr:lastModifiedBy="admin"
                        jcr:primaryType="nt:unstructured"
                        sling:resourceType="delcity/components/content/text"
                        text="&lt;p>&lt;b>What is the difference between a wire ferrule and a terminal?&lt;/b>&lt;/p>&#xd;&#xa;&lt;p>&amp;nbsp;&lt;/p>&#xd;&#xa;&lt;p>A wire ferrule usually differs in where it is crimped in comparison to a terminal. A wire ferrule is crimped in the metal tube itself instead of where the insulation covers the barrel. The metal tube in which a wire ferrule is crimped does not extend into the insulation. This difference is easily seen in the appearance of both a wire ferrule and wire terminal.&lt;/p>&#xd;&#xa;&lt;p>&amp;nbsp;&lt;/p>&#xd;&#xa;"
                        textIsRich="true">
                        <cq:responsive jcr:primaryType="nt:unstructured">
                            <default
                                jcr:primaryType="nt:unstructured"
                                offset="0"
                                width="11"/>
                        </cq:responsive>
                    </text_625826333>
                    <text_594375275
                        jcr:created="{Date}2022-02-18T13:30:24.854+05:30"
                        jcr:createdBy="admin"
                        jcr:lastModified="{Date}2022-02-18T13:33:48.056+05:30"
                        jcr:lastModifiedBy="admin"
                        jcr:primaryType="nt:unstructured"
                        sling:resourceType="delcity/components/content/text"
                        text="&lt;p>&lt;b>What are the benefits of a wire ferrule?&lt;/b>&lt;/p>&#xd;&#xa;&lt;p>Wire ferrules are seen in countless industries where power distribution and connections are needed.&amp;nbsp;&lt;/p>&#xd;&#xa;"
                        textIsRich="true">
                        <cq:responsive jcr:primaryType="nt:unstructured">
                            <default
                                jcr:primaryType="nt:unstructured"
                                offset="1"
                                width="7"/>
                        </cq:responsive>
                    </text_594375275>
                    <text_773475324
                        cq:styleIds="[1629979540972]"
                        jcr:created="{Date}2022-02-18T13:33:56.270+05:30"
                        jcr:createdBy="admin"
                        jcr:lastModified="{Date}2022-02-18T13:34:18.096+05:30"
                        jcr:lastModifiedBy="admin"
                        jcr:primaryType="nt:unstructured"
                        sling:resourceType="delcity/components/content/text"
                        text="&lt;p>They are especially common in automotive or industrial applications and are frequently used with screw type&amp;nbsp;&lt;a href=&quot;https://www.delcity.net/store/Terminal-Blocks/p_307&quot;>terminal blocks&lt;/a>. A wire ferrule provides benefits over simply inserting the bare wire strands. Boasting benefits such as no strand fraying, better contact, easier repeated insertion and removal from terminal, and strain relief; the ferrule is no stranger to connections. Many who use wire ferrules enjoy the benefits of the repeated insertion and removal to aid in long term projects.&lt;/p>&#xd;&#xa;&lt;p>&lt;b>What types of wire ferrules are available?&lt;/b>&lt;/p>&#xd;&#xa;&lt;p>Del City offers&amp;nbsp;&lt;a href=&quot;https://www.delcity.net/store/Insulated-Wire-Ferrules/p_927719.h_927721&quot;>insulated wire ferrules&lt;/a>,&amp;nbsp;&lt;a href=&quot;https://www.delcity.net/store/Twin-Insulated-Wire-Ferrules/p_927796.h_927798&quot;>twin insulated wire ferrules&lt;/a>, and&amp;nbsp;&lt;a href=&quot;https://www.delcity.net/store/Non!Insulated-Wire-Ferrules/p_927846.h_927848&quot;>non-insulated ferrules&lt;/a>.&amp;nbsp;&lt;/p>&#xd;&#xa;"
                        textIsRich="true"/>
                    <text_961620493
                        jcr:created="{Date}2022-02-18T13:34:33.917+05:30"
                        jcr:createdBy="admin"
                        jcr:lastModified="{Date}2022-02-18T13:37:39.657+05:30"
                        jcr:lastModifiedBy="admin"
                        jcr:primaryType="nt:unstructured"
                        sling:resourceType="delcity/components/content/text"
                        text="&lt;p>&lt;b>What types of wire ferrules are available?&lt;/b>&lt;/p>&#xd;&#xa;&lt;p>Del City offers&amp;nbsp;&lt;a href=&quot;https://www.delcity.net/store/Insulated-Wire-Ferrules/p_927719.h_927721&quot;>insulated wire ferrules&lt;/a>,&amp;nbsp;&lt;a href=&quot;https://www.delcity.net/store/Twin-Insulated-Wire-Ferrules/p_927796.h_927798&quot;>twin insulated wire ferrules&lt;/a>, and&amp;nbsp;&lt;a href=&quot;https://www.delcity.net/store/Non!Insulated-Wire-Ferrules/p_927846.h_927848&quot;>non-insulated ferrules&lt;/a>. This&amp;nbsp;variety ensures there is a wire ferrule for almost&amp;nbsp;very application.&amp;nbsp;The insulated wire ferrules offer a larger guide for inserting the wire strand. This helps to ensure a minimum bend in tight spots. The insulation is color coded for ease of determining gauge size. A twin insulated wire ferrule provides the same benefits of insulated ferrules, but allow for the crimping of two wires. If your project does not need an insulated ferrule, non-insulated are also available. Del City also offers&amp;nbsp;&lt;a href=&quot;https://www.delcity.net/store/Wire-Ferrule-Kits/p_923659&quot;>wire ferrule kits&lt;/a>&amp;nbsp;of various sizes offered in the three types of ferrules described above.&lt;/p>&#xd;&#xa;&lt;p>&amp;nbsp;&lt;/p>&#xd;&#xa;&lt;p>&lt;b>Do I need anything else to use a wire ferrule?&lt;/b>&lt;/p>&#xd;&#xa;"
                        textIsRich="true">
                        <cq:responsive jcr:primaryType="nt:unstructured">
                            <default
                                jcr:primaryType="nt:unstructured"
                                offset="0"
                                width="6"/>
                        </cq:responsive>
                    </text_961620493>
                    <image_791193786
                        jcr:created="{Date}2022-02-18T13:34:40.900+05:30"
                        jcr:createdBy="admin"
                        jcr:lastModified="{Date}2022-02-18T13:36:15.998+05:30"
                        jcr:lastModifiedBy="admin"
                        jcr:primaryType="nt:unstructured"
                        sling:resourceType="ecomm-framework/components/content/image"
                        altValueFromDAM="true"
                        displayPopupTitle="true"
                        fileReference="/content/dam/delcity/images/blogs/Wire-Ferrule-Application.png"
                        isDecorative="false"
                        titleValueFromDAM="true">
                        <cq:responsive jcr:primaryType="nt:unstructured">
                            <default
                                jcr:primaryType="nt:unstructured"
                                offset="1"
                                width="3"/>
                        </cq:responsive>
                    </image_791193786>
                    <image_644077046
                        jcr:created="{Date}2022-02-18T13:37:48.969+05:30"
                        jcr:createdBy="admin"
                        jcr:lastModified="{Date}2022-02-18T13:40:46.677+05:30"
                        jcr:lastModifiedBy="admin"
                        jcr:primaryType="nt:unstructured"
                        sling:resourceType="ecomm-framework/components/content/image"
                        altValueFromDAM="true"
                        displayPopupTitle="true"
                        fileReference="/content/dam/delcity/images/blogs/9990185_primary_225px.jpg"
                        isDecorative="false"
                        titleValueFromDAM="true">
                        <cq:responsive jcr:primaryType="nt:unstructured">
                            <default
                                jcr:primaryType="nt:unstructured"
                                behavior="newline"
                                offset="1"
                                width="3"/>
                        </cq:responsive>
                    </image_644077046>
                    <text_677895478
                        jcr:created="{Date}2022-02-18T13:38:00.081+05:30"
                        jcr:createdBy="admin"
                        jcr:lastModified="{Date}2022-02-18T13:40:59.516+05:30"
                        jcr:lastModifiedBy="admin"
                        jcr:primaryType="nt:unstructured"
                        sling:resourceType="delcity/components/content/text"
                        text="&lt;p>A benefit of wire ferrules is the variety of gauge sizes and pin lengths to best fit your needs. It is ideal to know the shape of the terminal compartment of the block so that you can pick out the proper crimp tool for the wire ferrule. Because in crimp tools the main difference you would see is in the shape of the crimp, we want to be sure you have the best shape crimp for your needs. Del City recommends&amp;nbsp;&lt;a href=&quot;https://www.delcity.net/store/Crimp-Tool-for-Wire-Ferrules/p_922001.h_922003&quot;>Rennsteig Ferrule Crimping Tools&lt;/a>&amp;nbsp;and the&amp;nbsp;&lt;a href=&quot;https://www.delcity.net/store/Crimp-Dies-for-Wire-Ferrules/p_923268.h_923270&quot;>matching dies&lt;/a>&amp;nbsp;to be sure your ferrule is crimped properly.&lt;/p>&#xd;&#xa;"
                        textIsRich="true">
                        <cq:responsive jcr:primaryType="nt:unstructured">
                            <default
                                jcr:primaryType="nt:unstructured"
                                offset="5"
                                width="7"/>
                        </cq:responsive>
                    </text_677895478>
                    <text_1619389903
                        jcr:created="{Date}2022-02-18T13:41:15.357+05:30"
                        jcr:createdBy="admin"
                        jcr:lastModified="{Date}2022-02-21T15:53:19.745+05:30"
                        jcr:lastModifiedBy="admin"
                        jcr:primaryType="nt:unstructured"
                        sling:resourceType="delcity/components/content/text"
                        text="&lt;p>See Del City’s entire wire ferrule collection&amp;nbsp;&lt;a href=&quot;https://www.delcity.net/click/wire-ferrules-product-feature&quot;>here&lt;/a>&amp;nbsp;and explore what wire ferrules can do for you or your business. Still have questions? Please don’t hesitate to reach out to us at info@delcity.net or at 1-800-654-4757!&lt;/p>&#xa;&lt;p>Find our website&amp;nbsp;&lt;a href=&quot;https://www.delcity.net/&quot;>here&lt;/a>&amp;nbsp;and check out our&amp;nbsp;&lt;a href=&quot;https://blog.delcity.net/&quot;>blog&lt;/a>&amp;nbsp;for more articles and videos!&lt;/p>&#xa;&lt;h6>&amp;nbsp; &amp;nbsp; &amp;nbsp; &amp;nbsp; &amp;nbsp; &amp;nbsp; &amp;nbsp; Posted in&amp;nbsp;&lt;a href=&quot;https://blog.delcity.net/category/terminals/&quot;>Terminals&lt;/a>.&lt;/h6>&#xa;"
                        textIsRich="true"/>
                    <separator
                        jcr:created="{Date}2022-02-18T13:42:23.527+05:30"
                        jcr:createdBy="admin"
                        jcr:lastModified="{Date}2022-02-18T13:42:23.527+05:30"
                        jcr:lastModifiedBy="admin"
                        jcr:primaryType="nt:unstructured"
                        sling:resourceType="ecomm-framework/components/content/separator"/>
                    <button
                        jcr:created="{Date}2022-02-18T13:42:34.599+05:30"
                        jcr:createdBy="admin"
                        jcr:lastModified="{Date}2022-02-18T13:43:46.161+05:30"
                        jcr:lastModifiedBy="admin"
                        jcr:primaryType="nt:unstructured"
                        jcr:title="Video: Del City Magnet Strength Test"
                        sling:resourceType="ecomm-framework/components/content/button"
                        link="https://blog.delcity.net/video-del-city-magnet-strength-test/">
                        <cq:responsive jcr:primaryType="nt:unstructured">
                            <default
                                jcr:primaryType="nt:unstructured"
                                offset="1"
                                width="4"/>
                        </cq:responsive>
                    </button>
                    <button_546702704
                        jcr:created="{Date}2022-02-18T13:42:41.438+05:30"
                        jcr:createdBy="admin"
                        jcr:lastModified="{Date}2022-02-18T13:44:24.407+05:30"
                        jcr:lastModifiedBy="admin"
                        jcr:primaryType="nt:unstructured"
                        jcr:title="Your Guide To Battery Lugs &amp; Battery Terminals"
                        sling:resourceType="ecomm-framework/components/content/button"
                        link="https://blog.delcity.net/your-guide-to-battery-lugs-battery-terminals/">
                        <cq:responsive jcr:primaryType="nt:unstructured">
                            <default
                                jcr:primaryType="nt:unstructured"
                                offset="3"
                                width="4"/>
                        </cq:responsive>
                    </button_546702704>
                </responsivegrid>
            </responsivegrid>
        </root>
    </jcr:content>
</jcr:root>
