<?xml version="1.0" encoding="UTF-8"?>
<jcr:root xmlns:sling="http://sling.apache.org/jcr/sling/1.0" xmlns:cq="http://www.day.com/jcr/cq/1.0" xmlns:jcr="http://www.jcp.org/jcr/1.0" xmlns:mix="http://www.jcp.org/jcr/mix/1.0" xmlns:nt="http://www.jcp.org/jcr/nt/1.0"
    jcr:primaryType="cq:Page">
    <jcr:content
        cq:contextHubPath="/etc/cloudsettings/default/contexthub"
        cq:contextHubSegmentsPath="/etc/segmentation/contexthub"
        cq:lastModified="{Date}2022-07-26T07:49:33.525-05:00"
        cq:lastModifiedBy="Abburi.Chowdary@Brunswick.com"
        cq:lastReplicated="{Date}2022-07-27T06:01:32.707-05:00"
        cq:lastReplicatedBy="Sravani.Madiki@mercmarine.com"
        cq:lastReplicationAction="Activate"
        cq:template="/conf/merclink/settings/wcm/templates/page-content-nz"
        jcr:isCheckedOut="{Boolean}true"
        jcr:language="en"
        jcr:mixinTypes="[mix:versionable]"
        jcr:primaryType="cq:PageContent"
        jcr:title="Contact Us"
        jcr:uuid="42cea4e6-9842-4511-8c5d-a3470730c624"
        sling:resourceType="merclink/components/structure/page">
        <root
            jcr:primaryType="nt:unstructured"
            sling:resourceType="merclink/components/container"
            layout="responsiveGrid">
            <container
                jcr:primaryType="nt:unstructured"
                sling:resourceType="merclink/components/container"
                layout="responsiveGrid">
                <title
                    jcr:primaryType="nt:unstructured"
                    sling:resourceType="merclink/components/title"/>
                <container
                    jcr:primaryType="nt:unstructured"
                    sling:resourceType="merclink/components/container"
                    layout="responsiveGrid">
                    <cstmbreadcrumb
                        jcr:created="{Date}2022-07-16T05:26:36.414-05:00"
                        jcr:createdBy="Abburi.Chowdary@Brunswick.com"
                        jcr:lastModified="{Date}2022-07-26T07:48:53.410-05:00"
                        jcr:lastModifiedBy="Abburi.Chowdary@Brunswick.com"
                        jcr:primaryType="nt:unstructured"
                        sling:resourceType="merclink/components/content/cstmbreadcrumb"
                        currentpagetitle="Contact Us">
                        <navItemList jcr:primaryType="nt:unstructured">
                            <item0
                                jcr:primaryType="nt:unstructured"
                                pagelabel="Home"
                                pagelink="/content/ecommerce/merclink/nz/en/home.html"/>
                        </navItemList>
                    </cstmbreadcrumb>
                    <contactpage
                        jcr:created="{Date}2022-05-05T12:37:43.414+05:30"
                        jcr:createdBy="admin"
                        jcr:lastModified="{Date}2022-07-26T07:49:33.486-05:00"
                        jcr:lastModifiedBy="Abburi.Chowdary@Brunswick.com"
                        jcr:primaryType="nt:unstructured"
                        sling:resourceType="merclink/components/content/contactpage"
                        account="Account Name"
                        contactheader="Contact Us"
                        contactUsImage="/content/dam/merclink/images/ContactUS-Banner.jpg"
                        customer="Customer Number"
                        department="Department"
                        enquiry="613.9767.6469"
                        firstname="First Name"
                        hotline="613.9767.6469"
                        inquiry="613.9767.6469"
                        label="test"
                        lastname="Last Name"
                        mercLINK="613.9767.6469"
                        mercTech="613.9767.6469"
                        message="Message"
                        service="613.9767.6469"
                        subject="Subject"
                        submit="Submit"
                        successIcon="/content/dam/merclink/images/check.png">
                        <newsItems jcr:primaryType="nt:unstructured">
                            <item0
                                jcr:primaryType="nt:unstructured"
                                question="test1"/>
                            <item1
                                jcr:primaryType="nt:unstructured"
                                question="test2"/>
                        </newsItems>
                        <questions jcr:primaryType="nt:unstructured">
                            <item0
                                jcr:primaryType="nt:unstructured"
                                question="123"/>
                            <item1
                                jcr:primaryType="nt:unstructured"
                                question="test2"/>
                            <item2
                                jcr:primaryType="nt:unstructured"
                                question="test3"/>
                        </questions>
                    </contactpage>
                </container>
            </container>
            <header
                jcr:created="{Date}2022-04-19T21:52:47.550+05:30"
                jcr:createdBy="admin"
                jcr:lastModified="{Date}2022-05-04T15:18:33.297+05:30"
                jcr:lastModifiedBy="admin"
                jcr:primaryType="nt:unstructured"
                sling:resourceType="merclink/components/structure/header"
                accountIcon="/content/dam/delcity/images/Icon-Account@2x.png"
                cartIcon="/content/dam/mmanzp/Icon-Cart@2x.png"
                chevronIcon="/content/dam/mmanzp/Icon-chevron-down@2x.png"
                contactus="contactus"
                downarrowIcon="/content/dam/mmanzp/Icon-chevron-down@2x.png"
                email="mercnet.support@mercmarine.com"
                emailIcon="/content/dam/delcity/images/Icon-Mail@2x.png"
                logoimage="/content/dam/mmanzp/Mercury_Logo_1C_Black.jpg"
                menuIcon="/content/dam/delcity/images/Icon-menu@2x.png"
                phoneIcon="/content/dam/delcity/images/Icon-PHone.png"
                searchbox="Search"
                searchIcon="/content/dam/delcity/images/Icon-search@2x.png"
                wishlistIcon="/content/dam/mmanzp/WishList_Icons_Branded_MM.png"
                worldIcon="/content/dam/delcity/images/Icon-World@2x.png">
                <topnav
                    jcr:lastModified="{Date}2022-05-06T16:35:05.109+05:30"
                    jcr:lastModifiedBy="admin"
                    jcr:primaryType="nt:unstructured"
                    sling:resourceType="mmanzp/components/structure/topnav"
                    collectAllPages="true"
                    disableShadowing="false"
                    navigationRoot="/content/mmanzp/au/en"
                    structureStart="1">
                    <parentmenudetailswithnastedmultifield jcr:primaryType="nt:unstructured">
                        <item0
                            jcr:primaryType="nt:unstructured"
                            orderTitle="Orders"
                            pPrmsnCode="M-O">
                            <submenu jcr:primaryType="nt:unstructured">
                                <item0
                                    jcr:primaryType="nt:unstructured"
                                    sPrmsnCode="M-O-A"
                                    submenupath="#"
                                    submenutxt="Availability"/>
                                <item1
                                    jcr:primaryType="nt:unstructured"
                                    sPrmsnCode="M-O-OE"
                                    submenupath="#"
                                    submenutxt="Order Entry"/>
                                <item2
                                    jcr:primaryType="nt:unstructured"
                                    sPrmsnCode="M-O-MW"
                                    submenupath="#"
                                    submenutxt="My Wishlist"/>
                                <item3
                                    jcr:primaryType="nt:unstructured"
                                    sPrmsnCode="M-O-OO"
                                    submenupath="#"
                                    submenutxt="Open Orders"/>
                                <item4
                                    jcr:primaryType="nt:unstructured"
                                    sPrmsnCode="M-O-OH"
                                    submenupath="#"
                                    submenutxt="Order History"/>
                                <item5
                                    jcr:primaryType="nt:unstructured"
                                    sPrmsnCode="M-O-R"
                                    submenupath="#"
                                    submenutxt="Returns"/>
                                <item6
                                    jcr:primaryType="nt:unstructured"
                                    sPrmsnCode="M-O-NAPI"
                                    submenupath="#"
                                    submenutxt="Non-Active Parts Inquiry"/>
                                <item7
                                    jcr:primaryType="nt:unstructured"
                                    sPrmsnCode="M-O-NAPE"
                                    submenupath="#"
                                    submenutxt="Non-Active Parts Entry"/>
                                <item8
                                    jcr:primaryType="nt:unstructured"
                                    sPrmsnCode="M-O-PR"
                                    submenupath="#"
                                    submenutxt="Purchase Report"/>
                                <item9
                                    jcr:primaryType="nt:unstructured"
                                    sPrmsnCode="M-O-VC"
                                    submenupath="#"
                                    submenutxt="Vessel Config"/>
                            </submenu>
                        </item0>
                        <item1
                            jcr:primaryType="nt:unstructured"
                            orderTitle="Parts Catalog (EPC)"
                            pPrmsnCode="M-EPC"/>
                        <item2
                            jcr:primaryType="nt:unstructured"
                            orderTitle="Service &amp; Warranty"
                            pPrmsnCode="M-SW">
                            <submenu jcr:primaryType="nt:unstructured">
                                <item0
                                    jcr:primaryType="nt:unstructured"
                                    sPrmsnCode="M-SW-PH"
                                    submenupath="#"
                                    submenutxt="Product History"/>
                                <item1
                                    jcr:primaryType="nt:unstructured"
                                    sPrmsnCode="M-SW-PR"
                                    submenupath="#"
                                    submenutxt="Product Registration"/>
                                <item2
                                    jcr:primaryType="nt:unstructured"
                                    sPrmsnCode="M-SW-WE"
                                    submenupath="#"
                                    submenutxt="Warranty Entry"/>
                                <item3
                                    jcr:primaryType="nt:unstructured"
                                    sPrmsnCode="M-SW-WI"
                                    submenupath="#"
                                    submenutxt="Warranty Inquiry"/>
                                <item4
                                    jcr:primaryType="nt:unstructured"
                                    sPrmsnCode="M-SW-L"
                                    submenupath="#"
                                    submenutxt="Literature"/>
                                <item5
                                    jcr:primaryType="nt:unstructured"
                                    sPrmsnCode="M-SW-TA"
                                    submenupath="#"
                                    submenutxt="Technical Assistance"/>
                                <item6
                                    jcr:primaryType="nt:unstructured"
                                    sPrmsnCode="M-SW-CS"
                                    submenupath="#"
                                    submenutxt="CSI Scores/Service Rates"/>
                                <item7
                                    jcr:primaryType="nt:unstructured"
                                    sPrmsnCode="M-SW-DSLS"
                                    submenupath="#"
                                    submenutxt="DSLS"/>
                                <item8
                                    jcr:primaryType="nt:unstructured"
                                    sPrmsnCode="M-SW-SL"
                                    submenupath="#"
                                    submenutxt="Service Log"/>
                                <item9
                                    jcr:primaryType="nt:unstructured"
                                    sPrmsnCode="M-SW-FRI"
                                    submenupath="#"
                                    submenutxt="Flat Rate Inquiry"/>
                                <item10
                                    jcr:primaryType="nt:unstructured"
                                    sPrmsnCode="M-SW-VMA"
                                    submenupath="#"
                                    submenutxt="VesselView Mobile Admin"/>
                                <item11
                                    jcr:primaryType="nt:unstructured"
                                    sPrmsnCode="M-SW-CDS"
                                    submenupath="#"
                                    submenutxt="CDS G3 Licenses"/>
                                <item12
                                    jcr:primaryType="nt:unstructured"
                                    sPrmsnCode="M-SW-SWF"
                                    submenupath="#"
                                    submenutxt="Service &amp; Warranty Forms*"/>
                                <item13
                                    jcr:primaryType="nt:unstructured"
                                    sPrmsnCode="M-SW-SWR"
                                    submenupath="#"
                                    submenutxt="Service &amp; Warranty Resources*"/>
                                <item14
                                    jcr:primaryType="nt:unstructured"
                                    sPrmsnCode="M-SW-PDI"
                                    submenupath="#"
                                    submenutxt="PDI/CDI"/>
                            </submenu>
                        </item2>
                        <item3
                            jcr:primaryType="nt:unstructured"
                            orderTitle="Sales"
                            pPrmsnCode="M-S">
                            <submenu jcr:primaryType="nt:unstructured">
                                <item0
                                    jcr:primaryType="nt:unstructured"
                                    sPrmsnCode="M-S-RS"
                                    submenupath="#"
                                    submenutxt="Registration Summary"/>
                                <item1
                                    jcr:primaryType="nt:unstructured"
                                    sPrmsnCode="M-S-PS"
                                    submenupath="#"
                                    submenutxt="Purchase Summary"/>
                                <item2
                                    jcr:primaryType="nt:unstructured"
                                    sPrmsnCode="M-S-POC"
                                    submenupath="#"
                                    submenutxt="Power Of Choice $$$"/>
                                <item3
                                    jcr:primaryType="nt:unstructured"
                                    sPrmsnCode="M-S-PP"
                                    submenupath="#"
                                    submenutxt="Programs/Promotions"/>
                                <item4
                                    jcr:primaryType="nt:unstructured"
                                    sPrmsnCode="M-S-PPL"
                                    submenupath="#"
                                    submenutxt="Product Price Lists"/>
                                <item5
                                    jcr:primaryType="nt:unstructured"
                                    sPrmsnCode="M-S-BPE"
                                    submenupath="#"
                                    submenutxt="Boat Package Entry"/>
                                <item6
                                    jcr:primaryType="nt:unstructured"
                                    sPrmsnCode="M-S-BPI"
                                    submenupath="#"
                                    submenutxt="Boat Package Inquiry"/>
                                <item7
                                    jcr:primaryType="nt:unstructured"
                                    sPrmsnCode="M-S-COA"
                                    submenupath="#"
                                    submenutxt="Co-op Advertising"/>
                                <item8
                                    jcr:primaryType="nt:unstructured"
                                    sPrmsnCode="M-S-MFI"
                                    submenupath="#"
                                    submenutxt="Marketing Funds Inquiry"/>
                                <item9
                                    jcr:primaryType="nt:unstructured"
                                    sPrmsnCode="M-S-RI"
                                    submenupath="#"
                                    submenutxt="Registration Inquiry"/>
                                <item10
                                    jcr:primaryType="nt:unstructured"
                                    sPrmsnCode="M-S-DR"
                                    submenupath="#"
                                    submenutxt="Dealer Registrations"/>
                                <item11
                                    jcr:primaryType="nt:unstructured"
                                    sPrmsnCode="M-S-EI"
                                    submenupath="#"
                                    submenutxt="Engine Inventory"/>
                                <item12
                                    jcr:primaryType="nt:unstructured"
                                    sPrmsnCode="M-S-RC"
                                    submenupath="#"
                                    submenutxt="Returnable Containers"/>
                                <item13
                                    jcr:primaryType="nt:unstructured"
                                    sPrmsnCode="M-S-MTDS"
                                    submenupath="#"
                                    submenutxt="Mercury TDS - Premium Registration"/>
                                <item14
                                    jcr:primaryType="nt:unstructured"
                                    sPrmsnCode="M-S-DC"
                                    submenupath="#"
                                    submenutxt="Dealers Choice"/>
                                <item15
                                    jcr:primaryType="nt:unstructured"
                                    sPrmsnCode="M-S-MRF"
                                    submenupath="#"
                                    submenutxt="Mercury Repower Finance"/>
                                <item16
                                    jcr:primaryType="nt:unstructured"
                                    sPrmsnCode="M-S-RRE"
                                    submenupath="#"
                                    submenutxt="Retail Rebate Entry"/>
                                <item17
                                    jcr:primaryType="nt:unstructured"
                                    sPrmsnCode="M-S-RRI"
                                    submenupath="#"
                                    submenutxt="Retail Rebate Inquiry"/>
                                <item18
                                    jcr:primaryType="nt:unstructured"
                                    sPrmsnCode="M-S-PKP"
                                    submenupath="#"
                                    submenutxt="Product Knowledge Portal"/>
                                <item19
                                    jcr:primaryType="nt:unstructured"
                                    sPrmsnCode="M-S-SF"
                                    submenupath="#"
                                    submenutxt="Sales Forms*"/>
                                <item20
                                    jcr:primaryType="nt:unstructured"
                                    sPrmsnCode="M-S-SR"
                                    submenupath="#"
                                    submenutxt="Sales Resources*"/>
                            </submenu>
                        </item3>
                        <item4
                            jcr:primaryType="nt:unstructured"
                            orderTitle="Marketing"
                            pPrmsnCode="M-M">
                            <submenu jcr:primaryType="nt:unstructured">
                                <item0
                                    jcr:primaryType="nt:unstructured"
                                    sPrmsnCode="M-M-DMP"
                                    submenupath="#"
                                    submenutxt="Dealer Marketing Portal"/>
                                <item1
                                    jcr:primaryType="nt:unstructured"
                                    sPrmsnCode="M-M-QMP"
                                    submenupath="#"
                                    submenutxt="Quicksilver Marketing Portal"/>
                                <item2
                                    jcr:primaryType="nt:unstructured"
                                    sPrmsnCode="M-M-SMRA"
                                    submenupath="#"
                                    submenutxt="Special Markets Rebate Application"/>
                                <item3
                                    jcr:primaryType="nt:unstructured"
                                    sPrmsnCode="M-M-M"
                                    submenupath="#"
                                    submenutxt="Mercgear"/>
                                <item4
                                    jcr:primaryType="nt:unstructured"
                                    sPrmsnCode="M-M-D"
                                    submenupath="#"
                                    submenutxt="Dockstore"/>
                                <item5
                                    jcr:primaryType="nt:unstructured"
                                    sPrmsnCode="M-M-MBG"
                                    submenupath="#"
                                    submenutxt="Mercury Brand Guidelines"/>
                                <item6
                                    jcr:primaryType="nt:unstructured"
                                    sPrmsnCode="M-M-LI"
                                    submenupath="#"
                                    submenutxt="Logos &amp; Images (DAM)"/>
                                <item7
                                    jcr:primaryType="nt:unstructured"
                                    sPrmsnCode="M-M-MF"
                                    submenupath="#"
                                    submenutxt="Marketing Forms*"/>
                            </submenu>
                        </item4>
                        <item5
                            jcr:primaryType="nt:unstructured"
                            orderTitle="Extended Contracts"
                            pPrmsnCode="M-EC">
                            <submenu jcr:primaryType="nt:unstructured">
                                <item0
                                    jcr:primaryType="nt:unstructured"
                                    sPrmsnCode="M-EC-CC"
                                    submenupath="#"
                                    submenutxt="Create Contract"/>
                                <item1
                                    jcr:primaryType="nt:unstructured"
                                    sPrmsnCode="M-EC-CI"
                                    submenupath="#"
                                    submenutxt="Contract Inquiry"/>
                                <item2
                                    jcr:primaryType="nt:unstructured"
                                    sPrmsnCode="M-EC-CA"
                                    submenupath="#"
                                    submenutxt="Contract Admin"/>
                                <item3
                                    jcr:primaryType="nt:unstructured"
                                    sPrmsnCode="M-EC-PM"
                                    submenupath="#"
                                    submenutxt="Price Matrix"/>
                                <item4
                                    jcr:primaryType="nt:unstructured"
                                    sPrmsnCode="M-EC-MPP"
                                    submenupath="#"
                                    submenutxt="MPP Forms"/>
                                <item5
                                    jcr:primaryType="nt:unstructured"
                                    sPrmsnCode="M-EC-RC"
                                    submenupath="#"
                                    submenutxt="Rate Charts"/>
                            </submenu>
                        </item5>
                        <item6
                            jcr:primaryType="nt:unstructured"
                            orderTitle="Credit"
                            pPrmsnCode="M-C">
                            <submenu jcr:primaryType="nt:unstructured">
                                <item0
                                    jcr:primaryType="nt:unstructured"
                                    sPrmsnCode="My Account"
                                    submenupath="#"
                                    submenutxt="M-C-MA"/>
                                <item1
                                    jcr:primaryType="nt:unstructured"
                                    sPrmsnCode="M-C-CF"
                                    submenupath="#"
                                    submenutxt="Credit Forms*"/>
                            </submenu>
                        </item6>
                        <item7
                            jcr:primaryType="nt:unstructured"
                            orderTitle="Security"
                            pPrmsnCode="M-SC">
                            <submenu jcr:primaryType="nt:unstructured">
                                <item0
                                    jcr:primaryType="nt:unstructured"
                                    sPrmsnCode="M-SC-SS"
                                    submenupath="#"
                                    submenutxt="Secondary Security"/>
                            </submenu>
                        </item7>
                        <item8
                            jcr:primaryType="nt:unstructured"
                            orderTitle="Handy Tools"
                            pPrmsnCode="M-HT">
                            <submenu jcr:primaryType="nt:unstructured">
                                <item0
                                    jcr:primaryType="nt:unstructured"
                                    sPrmsnCode="M-HT-UI"
                                    submenupath="#"
                                    submenutxt="User Instructions*"/>
                                <item1
                                    jcr:primaryType="nt:unstructured"
                                    sPrmsnCode="M-HT-PGB"
                                    submenupath="#"
                                    submenutxt="Product Guides Bookcase*"/>
                                <item2
                                    jcr:primaryType="nt:unstructured"
                                    sPrmsnCode="M-HT-CE"
                                    submenupath="#"
                                    submenutxt="Contact Us/Email"/>
                                <item3
                                    jcr:primaryType="nt:unstructured"
                                    sPrmsnCode="M-HT-EPC"
                                    submenupath="#"
                                    submenutxt="EPC Offline Password"/>
                                <item4
                                    jcr:primaryType="nt:unstructured"
                                    sPrmsnCode="M-HT-F"
                                    submenupath="#"
                                    submenutxt="Forms"/>
                                <item5
                                    jcr:primaryType="nt:unstructured"
                                    sPrmsnCode="M-HT-MR"
                                    submenupath="#"
                                    submenutxt="Mercury Resources*"/>
                                <item6
                                    jcr:primaryType="nt:unstructured"
                                    sPrmsnCode="M-HT-SR"
                                    submenupath="#"
                                    submenutxt="Software Resources*"/>
                                <item7
                                    jcr:primaryType="nt:unstructured"
                                    sPrmsnCode="M-HT-L"
                                    submenupath="#"
                                    submenutxt="Links*"/>
                                <item8
                                    jcr:primaryType="nt:unstructured"
                                    sPrmsnCode="M-HT-MU"
                                    submenupath="#"
                                    submenutxt="Mercury University"/>
                                <item9
                                    jcr:primaryType="nt:unstructured"
                                    sPrmsnCode="M-HT-R"
                                    submenupath="#"
                                    submenutxt="      Remanufacturing"/>
                                <item10
                                    jcr:primaryType="nt:unstructured"
                                    sPrmsnCode="M-HT-BDA"
                                    submenupath="#"
                                    submenutxt="Brunswick Dealer Advantage"/>
                                <item11
                                    jcr:primaryType="nt:unstructured"
                                    sPrmsnCode="M-HT-LN"
                                    submenupath="#"
                                    submenutxt="landnsea.net"/>
                                <item12
                                    jcr:primaryType="nt:unstructured"
                                    sPrmsnCode="M-HT-MPC"
                                    submenupath="#"
                                    submenutxt="Mercury Parts Catalog (Only OEMs, Consumer version of EPC)"/>
                            </submenu>
                        </item8>
                    </parentmenudetailswithnastedmultifield>
                </topnav>
                <multilanguage jcr:primaryType="nt:unstructured">
                    <item0
                        jcr:primaryType="nt:unstructured"
                        languageCode="en"
                        multilanguage="English"/>
                    <item1
                        jcr:primaryType="nt:unstructured"
                        languageCode="fr"
                        multilanguage="French"/>
                </multilanguage>
                <logindetailswithnastedmultifield jcr:primaryType="nt:unstructured">
                    <item0
                        jcr:primaryType="nt:unstructured"
                        changeaccountimgpath="/content/dam/mmanzp/images/My-Account.png"
                        changeaccountpath="/content/ecommerce/delcity/us/en/my-account"
                        changeaccounttxt="Change Accounts"/>
                    <item1
                        jcr:primaryType="nt:unstructured"
                        changeaccountimgpath="/content/dam/mmanzp/images/My-Account.png"
                        changeaccountpath="/content/ecommerce/delcity/us/en/my-account"
                        changeaccounttxt="My Profile"/>
                    <item2
                        jcr:primaryType="nt:unstructured"
                        changeaccountimgpath="/content/dam/mmanzp/images/My-Account.png"
                        changeaccountpath="/content/ecommerce/delcity/us/en/my-account"
                        changeaccounttxt="Log Out"/>
                    <item3 jcr:primaryType="nt:unstructured"/>
                </logindetailswithnastedmultifield>
            </header>
        </root>
    </jcr:content>
</jcr:root>
