<?xml version="1.0" encoding="UTF-8"?>
<jcr:root xmlns:sling="http://sling.apache.org/jcr/sling/1.0" xmlns:cq="http://www.day.com/jcr/cq/1.0" xmlns:jcr="http://www.jcp.org/jcr/1.0" xmlns:nt="http://www.jcp.org/jcr/nt/1.0"
    jcr:primaryType="cq:Page">
    <jcr:content
        cq:lastModified="{Date}2022-02-23T16:38:53.932+05:30"
        cq:lastModifiedBy="admin"
        cq:template="/conf/delcity/settings/wcm/templates/delcity-generic-template"
        jcr:primaryType="cq:PageContent"
        jcr:title="Why Choose Shielded Wire for Your Next Wiring Job?"
        sling:resourceType="delcity/components/structure/page">
        <root
            jcr:primaryType="nt:unstructured"
            sling:resourceType="wcm/foundation/components/responsivegrid">
            <footer
                jcr:created="{Date}2021-06-21T14:21:52.357+05:30"
                jcr:createdBy="admin"
                jcr:lastModified="{Date}2022-02-01T17:04:20.028+05:30"
                jcr:lastModifiedBy="admin"
                jcr:primaryType="nt:unstructured"
                sling:resourceType="delcity/components/structure/footer"
                menutitle1="About Us"
                sendIcon="/content/dam/delcity/images/Icon-send@2x.png">
                <aboutus jcr:primaryType="nt:unstructured">
                    <item0
                        jcr:primaryType="nt:unstructured"
                        pagetitle="About Us"/>
                    <item1
                        jcr:primaryType="nt:unstructured"
                        pagetitle="Contact Us"/>
                    <item2
                        jcr:primaryType="nt:unstructured"
                        pagetitle="FAQs"/>
                </aboutus>
            </footer>
            <responsivegrid
                jcr:created="{Date}2021-06-21T14:21:44.042+05:30"
                jcr:createdBy="admin"
                jcr:lastModified="{Date}2022-02-01T17:04:38.578+05:30"
                jcr:lastModifiedBy="admin"
                jcr:primaryType="nt:unstructured"
                sling:resourceType="wcm/foundation/components/responsivegrid">
                <blogteaser
                    jcr:created="{Date}2022-02-23T15:40:16.639+05:30"
                    jcr:createdBy="admin"
                    jcr:lastModified="{Date}2022-02-23T15:42:33.817+05:30"
                    jcr:lastModifiedBy="admin"
                    jcr:primaryType="nt:unstructured"
                    sling:resourceType="ecomm-framework/components/content/blogteaser"
                    authoringDate="August 01, 2015"
                    authorName="Kelsey Scherf"
                    blogImage="/content/dam/delcity/images/blogs/image-not-available-image.png"
                    selectBrand="DC"
                    teaserDescription="Looking for a wire that has an added shield protection to help combat the effects of EMI (Electromagnetic Interference)? Among the many assorted types of wire we offer, we now stock Shielded Wire, which is known for doing just that. "
                    teaserHeader="Why Choose Shielded Wire for Your Next Wiring Job?">
                    <categoryList jcr:primaryType="nt:unstructured">
                        <item0
                            jcr:primaryType="nt:unstructured"
                            delcitycategories="Wire &amp; Cable"/>
                    </categoryList>
                </blogteaser>
                <text
                    jcr:created="{Date}2022-02-23T15:43:00.208+05:30"
                    jcr:createdBy="admin"
                    jcr:lastModified="{Date}2022-02-23T15:43:07.127+05:30"
                    jcr:lastModifiedBy="admin"
                    jcr:primaryType="nt:unstructured"
                    sling:resourceType="delcity/components/content/text"
                    text="&lt;p>Looking for a wire that has an added shield protection to help combat the effects of EMI (Electromagnetic Interference)? Among the many assorted types of wire we offer, we now stock&amp;nbsp;&lt;a href=&quot;http://www.delcity.net/store/Multi!Conductor-Shielded-Wire/p_810651.h_810652.t_1&quot;>Shielded Wire&lt;/a>, which is known for doing just that. It features stranded tinned copper conductors, polyethylene insulation, polyester reinforced tape, and stranded tinned copper drain wire shielding with a PVC jacket.&amp;nbsp;&lt;/p>&#xd;&#xa;"
                    textIsRich="true">
                    <cq:responsive jcr:primaryType="nt:unstructured">
                        <default
                            jcr:primaryType="nt:unstructured"
                            offset="0"
                            width="11"/>
                    </cq:responsive>
                </text>
                <image
                    jcr:created="{Date}2022-02-23T15:43:17.056+05:30"
                    jcr:createdBy="admin"
                    jcr:lastModified="{Date}2022-02-23T15:43:25.765+05:30"
                    jcr:lastModifiedBy="admin"
                    jcr:primaryType="nt:unstructured"
                    sling:resourceType="ecomm-framework/components/content/image"
                    altValueFromDAM="true"
                    displayPopupTitle="true"
                    fileReference="/content/dam/delcity/images/blogs/image-not-available-image.png"
                    isDecorative="false"
                    titleValueFromDAM="true">
                    <cq:responsive jcr:primaryType="nt:unstructured">
                        <default
                            jcr:primaryType="nt:unstructured"
                            offset="3"
                            width="6"/>
                    </cq:responsive>
                </image>
                <text_627398474
                    jcr:created="{Date}2022-02-23T15:44:07.167+05:30"
                    jcr:createdBy="admin"
                    jcr:lastModified="{Date}2022-02-23T16:38:53.920+05:30"
                    jcr:lastModifiedBy="admin"
                    jcr:primaryType="nt:unstructured"
                    sling:resourceType="delcity/components/content/text"
                    text="&lt;p>It’s rated for 300V, UL listed CM to UL 44 and RoHS compliant. The shield&amp;nbsp;&lt;i>surrounds&lt;/i>&amp;nbsp;the inner signal – or power –&amp;nbsp;carrying conductors, so the EMI does not reach the conductors. Offered in 100-ft spools, select from 2 Conductor Shielded Wire in 18Ga-22Ga or 3 Conductor Shielded Wire in 18Ga and 22Ga. Operating temperature range is -20°C – 60°C and its UL temperature rating is -60°C (UL AWM Style 2092 or 2093). The insulation in wire will protect a cable mechanically from abrasion and environmentally from moisture and spills. However, as more electronics are added to vehicles and equipment, the chances of your system signal wires inducing interference from other electrical system wiring is likely to occur. The shielding acts as a Faraday&amp;nbsp;cage to reduce electrical noise from affecting the signals so that there are no disruptions to the operation of a vehicle or equipment.&lt;/p>&#xd;&#xa;&lt;p>To see the various gauges and conductor options available, visit the&amp;nbsp;&lt;a href=&quot;http://www.delcity.net/store/Wire-&amp;amp;-Cable/&quot;>wire and cable&lt;/a>&amp;nbsp;section on&amp;nbsp;&lt;a href=&quot;http://www.delcity.net/&quot;>www.delcity.net&lt;/a>&amp;nbsp;or contact our Customer Satisfaction team at 1.800.654.4757. With so many wire options, we have what you need to help make your next wiring job a success.&lt;/p>&#xd;&#xa;&lt;p>&amp;nbsp;&lt;/p>&#xd;&#xa;&lt;p>&amp;nbsp;&lt;/p>&#xd;&#xa;&lt;h6 style=&quot;margin-left: 40.0px;&quot;>Posted in&amp;nbsp;&lt;a href=&quot;https://blog.delcity.net/category/wire-cable/&quot;>Wire &amp;amp; Cable&lt;/a>.&lt;/h6>&#xd;&#xa;"
                    textIsRich="true">
                    <cq:responsive jcr:primaryType="nt:unstructured">
                        <default
                            jcr:primaryType="nt:unstructured"
                            offset="0"
                            width="11"/>
                    </cq:responsive>
                </text_627398474>
                <separator
                    jcr:created="{Date}2022-02-23T15:45:24.916+05:30"
                    jcr:createdBy="admin"
                    jcr:lastModified="{Date}2022-02-23T15:45:24.916+05:30"
                    jcr:lastModifiedBy="admin"
                    jcr:primaryType="nt:unstructured"
                    sling:resourceType="ecomm-framework/components/content/separator"/>
                <button
                    jcr:created="{Date}2022-02-23T15:45:46.925+05:30"
                    jcr:createdBy="admin"
                    jcr:lastModified="{Date}2022-02-23T16:38:17.472+05:30"
                    jcr:lastModifiedBy="admin"
                    jcr:primaryType="nt:unstructured"
                    jcr:title="Different Systems of Wire Connectors…"
                    sling:resourceType="ecomm-framework/components/content/button"
                    link="https://blog.delcity.net/different-systems-of-wire-connectors-their-varying-benefits/">
                    <cq:responsive jcr:primaryType="nt:unstructured">
                        <default
                            jcr:primaryType="nt:unstructured"
                            offset="1"
                            width="4"/>
                    </cq:responsive>
                </button>
                <button_1013368942
                    jcr:created="{Date}2022-02-23T15:46:37.542+05:30"
                    jcr:createdBy="admin"
                    jcr:lastModified="{Date}2022-02-23T16:38:27.322+05:30"
                    jcr:lastModifiedBy="admin"
                    jcr:primaryType="nt:unstructured"
                    jcr:title="How to Use Cool Seal Butt Connectors "
                    sling:resourceType="ecomm-framework/components/content/button"
                    link="https://blog.delcity.net/how-to-use-cool-seal-butt-connectors/">
                    <cq:responsive jcr:primaryType="nt:unstructured">
                        <default
                            jcr:primaryType="nt:unstructured"
                            offset="3"
                            width="4"/>
                    </cq:responsive>
                </button_1013368942>
            </responsivegrid>
        </root>
    </jcr:content>
</jcr:root>
