<?xml version="1.0" encoding="UTF-8"?>
<jcr:root xmlns:sling="http://sling.apache.org/jcr/sling/1.0" xmlns:cq="http://www.day.com/jcr/cq/1.0" xmlns:jcr="http://www.jcp.org/jcr/1.0" xmlns:mix="http://www.jcp.org/jcr/mix/1.0" xmlns:nt="http://www.jcp.org/jcr/nt/1.0"
    jcr:primaryType="cq:Page">
    <jcr:content
        cq:lastModified="{Date}2022-02-25T12:30:05.037+05:30"
        cq:lastModifiedBy="admin"
        cq:lastReplicated="{Date}2022-03-01T05:18:43.521-06:00"
        cq:lastReplicatedBy="Anagha.Dwajan@mercmarine.com"
        cq:lastReplicationAction="Activate"
        cq:template="/conf/delcity/settings/wcm/templates/delcity-generic-template"
        jcr:isCheckedOut="{Boolean}true"
        jcr:mixinTypes="[mix:versionable]"
        jcr:primaryType="cq:PageContent"
        jcr:title="Types of ECCO® Lights"
        jcr:uuid="5c10234b-77c1-4ed0-88e5-61f86dda2179"
        sling:resourceType="delcity/components/structure/page">
        <root
            jcr:primaryType="nt:unstructured"
            sling:resourceType="wcm/foundation/components/responsivegrid">
            <footer
                jcr:created="{Date}2021-06-21T14:21:52.357+05:30"
                jcr:createdBy="admin"
                jcr:lastModified="{Date}2022-02-01T17:04:20.028+05:30"
                jcr:lastModifiedBy="admin"
                jcr:primaryType="nt:unstructured"
                sling:resourceType="delcity/components/structure/footer"
                menutitle1="About Us"
                sendIcon="/content/dam/delcity/images/Icon-send@2x.png">
                <aboutus jcr:primaryType="nt:unstructured">
                    <item0
                        jcr:primaryType="nt:unstructured"
                        pagetitle="About Us"/>
                    <item1
                        jcr:primaryType="nt:unstructured"
                        pagetitle="Contact Us"/>
                    <item2
                        jcr:primaryType="nt:unstructured"
                        pagetitle="FAQs"/>
                </aboutus>
            </footer>
            <responsivegrid
                jcr:created="{Date}2021-06-21T14:21:44.042+05:30"
                jcr:createdBy="admin"
                jcr:lastModified="{Date}2022-02-01T17:04:38.578+05:30"
                jcr:lastModifiedBy="admin"
                jcr:primaryType="nt:unstructured"
                sling:resourceType="wcm/foundation/components/responsivegrid">
                <blogteaser_copy_copy
                    jcr:created="{Date}2022-02-23T15:55:01.820+05:30"
                    jcr:createdBy="admin"
                    jcr:lastModified="{Date}2022-02-25T12:27:49.174+05:30"
                    jcr:lastModifiedBy="admin"
                    jcr:primaryType="nt:unstructured"
                    sling:resourceType="ecomm-framework/components/content/blogteaser"
                    authoringDate="January 30, 2016"
                    authorName="Kelsey Scherf"
                    blogImage="/content/dam/delcity/images/blogs/image-not-available-image.png"
                    selectBrand="DC"
                    teaserHeader="Types of ECCO® Lights">
                    <cq:responsive jcr:primaryType="nt:unstructured">
                        <default
                            jcr:primaryType="nt:unstructured"
                            offset="0"
                            width="12"/>
                    </cq:responsive>
                    <categoryList jcr:primaryType="nt:unstructured">
                        <item0
                            jcr:primaryType="nt:unstructured"
                            delcitycategories="Lighting"/>
                    </categoryList>
                </blogteaser_copy_copy>
                <text_copy_copy_copy_
                    jcr:created="{Date}2022-02-23T16:17:50.335+05:30"
                    jcr:createdBy="admin"
                    jcr:lastModified="{Date}2022-02-25T12:28:14.208+05:30"
                    jcr:lastModifiedBy="admin"
                    jcr:primaryType="nt:unstructured"
                    sling:resourceType="delcity/components/content/text"
                    text="&lt;p>Proper lighting on vehicles contributes to safety on and off the road. To maximize safety and meet customer demand, Del City continues to expand its offering of ECCO® lighting, leading manufacturer of reversing safety products and amber warning lights.&lt;/p>&#xd;&#xa;"
                    textIsRich="true">
                    <cq:responsive jcr:primaryType="nt:unstructured">
                        <default
                            jcr:primaryType="nt:unstructured"
                            offset="0"
                            width="11"/>
                    </cq:responsive>
                </text_copy_copy_copy_>
                <image_copy_copy_copy
                    jcr:created="{Date}2022-02-23T16:18:06.552+05:30"
                    jcr:createdBy="admin"
                    jcr:lastModified="{Date}2022-02-23T16:18:11.585+05:30"
                    jcr:lastModifiedBy="admin"
                    jcr:primaryType="nt:unstructured"
                    sling:resourceType="ecomm-framework/components/content/image"
                    altValueFromDAM="true"
                    displayPopupTitle="true"
                    fileReference="/content/dam/delcity/images/blogs/image-not-available-image.png"
                    isDecorative="false"
                    titleValueFromDAM="true">
                    <cq:responsive jcr:primaryType="nt:unstructured">
                        <default
                            jcr:primaryType="nt:unstructured"
                            offset="4"
                            width="4"/>
                    </cq:responsive>
                </image_copy_copy_copy>
                <text_copy_copy_copy__839158903
                    jcr:created="{Date}2022-02-23T16:17:50.335+05:30"
                    jcr:createdBy="admin"
                    jcr:lastModified="{Date}2022-02-25T12:28:33.109+05:30"
                    jcr:lastModifiedBy="admin"
                    jcr:primaryType="nt:unstructured"
                    sling:resourceType="delcity/components/content/text"
                    text="&lt;p>ECCO® brand products go through rigorous testing that must pass water, dirt, vibration and electronic circuitry test to SAE standards. With this superior quality and reliability, Del City is proud to continue to offer a wide variety of their products.&lt;/p>&#xd;&#xa;&lt;p>&lt;b>Back Up Alarms &amp;amp; Cameras&lt;/b>&lt;/p>&#xd;&#xa;&lt;p>&lt;a href=&quot;http://www.delcity.net/store/Backup-Alarms-&amp;amp;-Switches/p_809928&quot;>Back up alarm&lt;/a>&amp;nbsp;products,&amp;nbsp;as well as the&amp;nbsp;extensive line of&amp;nbsp;&lt;a href=&quot;http://www.delcity.net/store/Backup-Camera-Systems-&amp;amp;-Accessories/p_809927&quot;>ECCO® back-up camera systems&lt;/a>&amp;nbsp;are designed to offer a solution for every vehicle application in order to help prevent accidents and eliminate workplace injuries. Also offered are the&amp;nbsp;&lt;a href=&quot;http://www.delcity.net/store/Warning-Lights-&amp;amp;-Directionals/p_802980&quot;>ECCO® LED directional lights&lt;/a>&amp;nbsp;are manufactured with individual watt LEDs, have multiple flash patterns and provide exceptional light output.&amp;nbsp;&lt;/p>&#xd;&#xa;&lt;p>&lt;b>Mini Light Bars&lt;/b>&lt;/p>&#xd;&#xa;&lt;p>The&amp;nbsp;&lt;a href=&quot;http://www.delcity.net/store/Minibars/p_798069&quot;>LED mini light bars&lt;/a>&amp;nbsp;are a powerful warning solution with the flexibility of permanent or vacuum-magnet mounting. Featuring 12-24 V DC operation that uses high intensity LEDs and reflective technology to maximize light output, you can find&amp;nbsp;Class 1 and 2 LED mini light bars. Also available are several rotating mini bars.&lt;/p>&#xd;&#xa;&lt;p>&amp;nbsp;&lt;/p>&#xd;&#xa;&lt;p>Del City’s&amp;nbsp;ECCO® line doesn’t end here!&amp;nbsp;Other spotlights, worklights, and more are also available! In fact recently, Del City expanded its&amp;nbsp;ECCO® with over 150 new products!&amp;nbsp;Check out all of our&amp;nbsp;&lt;a href=&quot;http://www.delcity.net/store/Lighting/&quot;>custom lighting here&lt;/a>&amp;nbsp;by&amp;nbsp;ECCO® and other great lines!&amp;nbsp;&lt;/p>&#xd;&#xa;"
                    textIsRich="true">
                    <cq:responsive jcr:primaryType="nt:unstructured">
                        <default
                            jcr:primaryType="nt:unstructured"
                            offset="0"
                            width="11"/>
                    </cq:responsive>
                </text_copy_copy_copy__839158903>
                <text_2008467253_copy
                    jcr:created="{Date}2022-02-25T08:06:40.583+05:30"
                    jcr:createdBy="admin"
                    jcr:lastModified="{Date}2022-02-25T12:28:46.881+05:30"
                    jcr:lastModifiedBy="admin"
                    jcr:primaryType="nt:unstructured"
                    sling:resourceType="delcity/components/content/text"
                    text="&lt;h6>Posted in&amp;nbsp;&lt;a href=&quot;https://blog.delcity.net/category/lighting/&quot;>Lighting&lt;/a>.&lt;/h6>&#xd;&#xa;"
                    textIsRich="true">
                    <cq:responsive jcr:primaryType="nt:unstructured">
                        <default
                            jcr:primaryType="nt:unstructured"
                            offset="0"
                            width="10"/>
                    </cq:responsive>
                </text_2008467253_copy>
                <separator_copy_copy
                    jcr:created="{Date}2022-02-25T08:07:52.400+05:30"
                    jcr:createdBy="admin"
                    jcr:lastModified="{Date}2022-02-25T08:07:52.400+05:30"
                    jcr:lastModifiedBy="admin"
                    jcr:primaryType="nt:unstructured"
                    sling:resourceType="ecomm-framework/components/content/separator">
                    <cq:responsive jcr:primaryType="nt:unstructured">
                        <default
                            jcr:primaryType="nt:unstructured"
                            offset="0"
                            width="12"/>
                    </cq:responsive>
                </separator_copy_copy>
                <button_copy_copy_cop
                    jcr:created="{Date}2022-02-23T16:27:11.256+05:30"
                    jcr:createdBy="admin"
                    jcr:lastModified="{Date}2022-02-25T12:29:24.369+05:30"
                    jcr:lastModifiedBy="admin"
                    jcr:primaryType="nt:unstructured"
                    jcr:title=" What Exactly is Primary Wire?"
                    sling:resourceType="ecomm-framework/components/content/button"
                    icon="&lt;---"
                    link="https://blog.delcity.net/what-exactly-is-primary-wire/">
                    <cq:responsive jcr:primaryType="nt:unstructured">
                        <default
                            jcr:primaryType="nt:unstructured"
                            offset="1"
                            width="3"/>
                    </cq:responsive>
                </button_copy_copy_cop>
                <button_copy_copy_cop_1467859006
                    jcr:created="{Date}2022-02-23T16:27:11.256+05:30"
                    jcr:createdBy="admin"
                    jcr:lastModified="{Date}2022-02-25T12:30:05.031+05:30"
                    jcr:lastModifiedBy="admin"
                    jcr:primaryType="nt:unstructured"
                    jcr:title="What are the Different Types… "
                    sling:resourceType="ecomm-framework/components/content/button"
                    icon="--->"
                    link="https://blog.delcity.net/what-are-the-different-types-of-battery-terminals/">
                    <cq:responsive jcr:primaryType="nt:unstructured">
                        <default
                            jcr:primaryType="nt:unstructured"
                            offset="4"
                            width="3"/>
                    </cq:responsive>
                </button_copy_copy_cop_1467859006>
            </responsivegrid>
        </root>
    </jcr:content>
</jcr:root>
