<?xml version="1.0" encoding="UTF-8"?>
<jcr:root xmlns:sling="http://sling.apache.org/jcr/sling/1.0" xmlns:cq="http://www.day.com/jcr/cq/1.0" xmlns:jcr="http://www.jcp.org/jcr/1.0" xmlns:mix="http://www.jcp.org/jcr/mix/1.0" xmlns:nt="http://www.jcp.org/jcr/nt/1.0"
    jcr:primaryType="cq:Page">
    <jcr:content
        cq:lastModified="{Date}2022-03-01T04:58:24.856-06:00"
        cq:lastModifiedBy="Anagha.Dwajan@mercmarine.com"
        cq:lastReplicated="{Date}2022-03-01T04:58:50.097-06:00"
        cq:lastReplicatedBy="Anagha.Dwajan@mercmarine.com"
        cq:lastReplicationAction="Activate"
        cq:template="/conf/delcity/settings/wcm/templates/delcity-generic-template"
        jcr:isCheckedOut="{Boolean}true"
        jcr:mixinTypes="[mix:versionable]"
        jcr:primaryType="cq:PageContent"
        jcr:title="DEUTSCH Products Guide"
        jcr:uuid="0304f10b-121f-4126-ad9a-079f8d673e88"
        sling:resourceType="delcity/components/structure/page">
        <root
            jcr:primaryType="nt:unstructured"
            sling:resourceType="wcm/foundation/components/responsivegrid">
            <footer
                jcr:created="{Date}2021-06-21T14:21:52.357+05:30"
                jcr:createdBy="admin"
                jcr:lastModified="{Date}2022-02-01T17:04:20.028+05:30"
                jcr:lastModifiedBy="admin"
                jcr:primaryType="nt:unstructured"
                sling:resourceType="delcity/components/structure/footer"
                menutitle1="About Us"
                sendIcon="/content/dam/delcity/images/Icon-send@2x.png">
                <aboutus jcr:primaryType="nt:unstructured">
                    <item0
                        jcr:primaryType="nt:unstructured"
                        pagetitle="About Us"/>
                    <item1
                        jcr:primaryType="nt:unstructured"
                        pagetitle="Contact Us"/>
                    <item2
                        jcr:primaryType="nt:unstructured"
                        pagetitle="FAQs"/>
                </aboutus>
            </footer>
            <responsivegrid
                jcr:created="{Date}2021-06-21T14:21:44.042+05:30"
                jcr:createdBy="admin"
                jcr:lastModified="{Date}2022-02-01T17:04:38.578+05:30"
                jcr:lastModifiedBy="admin"
                jcr:primaryType="nt:unstructured"
                sling:resourceType="wcm/foundation/components/responsivegrid">
                <blogteaser_copy
                    jcr:created="{Date}2022-02-23T13:23:54.657+05:30"
                    jcr:createdBy="admin"
                    jcr:lastModified="{Date}2022-03-01T04:57:50.490-06:00"
                    jcr:lastModifiedBy="Anagha.Dwajan@mercmarine.com"
                    jcr:primaryType="nt:unstructured"
                    sling:resourceType="ecomm-framework/components/content/blogteaser"
                    authoringDate="September 30, 2017"
                    authorName="Kelsey Scherf"
                    blogImage="/content/dam/delcity/images/blogs/image-not-available-image.png"
                    selectBrand="DC"
                    teaserHeader="DEUTSCH Products Guide">
                    <categoryList jcr:primaryType="nt:unstructured">
                        <item0
                            jcr:primaryType="nt:unstructured"
                            delcitycategories="Wire Connectors &amp; Quick Splices"/>
                    </categoryList>
                </blogteaser_copy>
                <text
                    cq:styleIds="[1629979540972]"
                    jcr:created="{Date}2022-02-24T11:50:13.995+05:30"
                    jcr:createdBy="admin"
                    jcr:lastModified="{Date}2022-02-24T11:55:38.371+05:30"
                    jcr:lastModifiedBy="admin"
                    jcr:primaryType="nt:unstructured"
                    sling:resourceType="delcity/components/content/text"
                    text="&lt;p>The DEUTSCH&amp;nbsp;brand is known for their high quality and reliable products. With multiple series’ available, things can get a little confusing when deciding which one is right for you. Check out this handy guide below for tips on choosing the perfect DEUTSCH products!&lt;/p>&#xd;&#xa;&lt;p>&amp;nbsp;&lt;/p>&#xd;&#xa;&lt;h3>&amp;nbsp; &amp;nbsp;&amp;nbsp;&lt;a href=&quot;https://www.delcity.net/store/Deutsch-DT-Series/p_822962&quot;>&lt;u>DEUTSCH DT Series&lt;/u>&lt;/a>&lt;/h3>&#xd;&#xa;&lt;p>&amp;nbsp;&lt;/p>&#xd;&#xa;"
                    textIsRich="true"/>
                <image_777226126_copy
                    jcr:created="{Date}2022-02-23T13:42:15.693+05:30"
                    jcr:createdBy="admin"
                    jcr:lastModified="{Date}2022-02-23T13:43:00.588+05:30"
                    jcr:lastModifiedBy="admin"
                    jcr:primaryType="nt:unstructured"
                    sling:resourceType="ecomm-framework/components/content/image"
                    altValueFromDAM="true"
                    displayPopupTitle="true"
                    fileReference="/content/dam/delcity/images/blogs/image-not-available-image.png"
                    isDecorative="false"
                    titleValueFromDAM="true">
                    <cq:responsive jcr:primaryType="nt:unstructured">
                        <default
                            jcr:primaryType="nt:unstructured"
                            offset="1"
                            width="3"/>
                    </cq:responsive>
                </image_777226126_copy>
                <text_2074569161_copy
                    cq:styleIds="[1629979540972]"
                    jcr:created="{Date}2022-02-23T13:42:23.642+05:30"
                    jcr:createdBy="admin"
                    jcr:lastModified="{Date}2022-02-24T11:54:35.572+05:30"
                    jcr:lastModifiedBy="admin"
                    jcr:primaryType="nt:unstructured"
                    sling:resourceType="delcity/components/content/text"
                    text="&lt;p>The main components of the DEUTSCH DT Series are the plug, receptacle, plug wedge, receptacle wedge and contacts. In this specific series, you will need pin and socket contacts corresponding to how many wires you will be using. The DT Series offers plugs and receptacles with 2, 3, 4, 6, and 8&amp;nbsp;openings as well as 12 openings. Depending on your project and amount of wires needed, you will determine how many “ways” you will need your plug and receptacle. Need 5 wires? No worries! DEUTSCH also offers sealing plugs to make sure each cavity is filled. For example, a 6 way plug could be used with one sealing plug to accommodate your 5 wire need!&lt;/p>&#xd;&#xa;"
                    textIsRich="true">
                    <cq:responsive jcr:primaryType="nt:unstructured">
                        <default
                            jcr:primaryType="nt:unstructured"
                            offset="0"
                            width="7"/>
                    </cq:responsive>
                </text_2074569161_copy>
                <text_1310703337
                    cq:styleIds="[1629979540972]"
                    jcr:created="{Date}2022-02-24T11:55:54.353+05:30"
                    jcr:createdBy="admin"
                    jcr:lastModified="{Date}2022-02-24T11:56:53.642+05:30"
                    jcr:lastModifiedBy="admin"
                    jcr:primaryType="nt:unstructured"
                    sling:resourceType="delcity/components/content/text"
                    text="&lt;p>The DT Series is made with thermoplastic housings, silicone rear wire, and interface seals. This makes them extremely durable including the ability to withstand water as well as high temperatures, all the way up to 257F! You can also depend on the DT Series in order to make it through the continuation of your project. They have been tested to show no defects even after 100 cycles of engagement and disengagement. They also feature an integrated latch for mating so that you can easily assemble the series.&lt;/p>&#xa;&lt;p>&amp;nbsp;&lt;/p>&#xa;&lt;h3>&amp;nbsp; &amp;nbsp;&amp;nbsp;&lt;a href=&quot;https://www.delcity.net/store/Deutsch-DTM-Series/p_823051&quot;>&lt;u>DEUTSCH DTM Series&lt;/u>&lt;/a>&lt;/h3>&#xa;"
                    textIsRich="true"/>
                <text_copy
                    jcr:created="{Date}2022-02-23T13:30:18.772+05:30"
                    jcr:createdBy="admin"
                    jcr:lastModified="{Date}2022-02-24T11:57:21.540+05:30"
                    jcr:lastModifiedBy="admin"
                    jcr:primaryType="nt:unstructured"
                    sling:resourceType="delcity/components/content/text"
                    text="&lt;p>The DEUTSCH DTM Series is very similar to the DT Series in the fact that they have the same pieces. You will still need a plug, receptacle, plug wedge, receptacle wedge, and contacts. The main difference with this series is the sizing. These connectors are designed for smaller gauge applications. Even though they are small, they are still mighty! They can withstand moisture and&amp;nbsp;high temperatures well as showing durability throughout 100 cycles of engagement and disengagement.&lt;/p>&#xd;&#xa;"
                    textIsRich="true">
                    <cq:responsive jcr:primaryType="nt:unstructured">
                        <default
                            jcr:primaryType="nt:unstructured"
                            offset="0"
                            width="8"/>
                    </cq:responsive>
                </text_copy>
                <image_copy
                    jcr:created="{Date}2022-02-23T13:26:34.627+05:30"
                    jcr:createdBy="admin"
                    jcr:lastModified="{Date}2022-02-23T13:39:34.952+05:30"
                    jcr:lastModifiedBy="admin"
                    jcr:primaryType="nt:unstructured"
                    sling:resourceType="ecomm-framework/components/content/image"
                    altValueFromDAM="true"
                    displayPopupTitle="true"
                    fileReference="/content/dam/delcity/images/blogs/image-not-available-image.png"
                    isDecorative="false"
                    titleValueFromDAM="true">
                    <cq:responsive jcr:primaryType="nt:unstructured">
                        <default
                            jcr:primaryType="nt:unstructured"
                            offset="0"
                            width="3"/>
                    </cq:responsive>
                </image_copy>
                <text_1229139871
                    cq:styleIds="[1629979540972]"
                    jcr:created="{Date}2022-02-24T11:57:36.759+05:30"
                    jcr:createdBy="admin"
                    jcr:lastModified="{Date}2022-02-24T11:58:22.767+05:30"
                    jcr:lastModifiedBy="admin"
                    jcr:primaryType="nt:unstructured"
                    sling:resourceType="delcity/components/content/text"
                    text="&lt;p>The DTM series is still made with thermoplastic housings, silicone rear wire, and interface seals. These can be purchased in 2, 4, 6, 8, or 12 openings with sealing plugs available for customization. If you are looking for durability and quality connectors for smaller gauges, this is the product for you!&lt;/p>&#xa;&lt;p>&amp;nbsp;&lt;/p>&#xa;&lt;h3>&amp;nbsp; &amp;nbsp;&amp;nbsp;&lt;a href=&quot;https://www.delcity.net/store/Deutsch-DTP-Series/p_822963&quot;>&lt;u>DEUTSCH DTP Series&lt;/u>&lt;/a>&lt;/h3>&#xa;"
                    textIsRich="true"/>
                <image_777226126_copy_2107742548
                    jcr:created="{Date}2022-02-23T13:42:15.693+05:30"
                    jcr:createdBy="admin"
                    jcr:lastModified="{Date}2022-02-23T13:43:00.588+05:30"
                    jcr:lastModifiedBy="admin"
                    jcr:primaryType="nt:unstructured"
                    sling:resourceType="ecomm-framework/components/content/image"
                    altValueFromDAM="true"
                    displayPopupTitle="true"
                    fileReference="/content/dam/delcity/images/blogs/image-not-available-image.png"
                    isDecorative="false"
                    titleValueFromDAM="true">
                    <cq:responsive jcr:primaryType="nt:unstructured">
                        <default
                            jcr:primaryType="nt:unstructured"
                            offset="1"
                            width="3"/>
                    </cq:responsive>
                </image_777226126_copy_2107742548>
                <text_2074569161_copy_519785115
                    cq:styleIds="[1629979540972]"
                    jcr:created="{Date}2022-02-23T13:42:23.642+05:30"
                    jcr:createdBy="admin"
                    jcr:lastModified="{Date}2022-02-24T11:59:06.020+05:30"
                    jcr:lastModifiedBy="admin"
                    jcr:primaryType="nt:unstructured"
                    sling:resourceType="delcity/components/content/text"
                    text="&lt;p>If you are looking for a quality DEUTSCH product for higher amp applications, the DTP series is the one for you! Like the DT/DTM series, you will need a plug, receptacle, plug wedge, receptacle&amp;nbsp;wedge, and contacts. The DTP Series came after the DT/DTM series, so it was able to build on the original design. Still providing the durability you need, this series can use multiple 12 size contacts as well as 25 amp continuous capacities. This is an easier solution with just one shell harboring the entire connector.&lt;/p>&#xd;&#xa;"
                    textIsRich="true">
                    <cq:responsive jcr:primaryType="nt:unstructured">
                        <default
                            jcr:primaryType="nt:unstructured"
                            offset="0"
                            width="7"/>
                    </cq:responsive>
                </text_2074569161_copy_519785115>
                <text_848064941
                    cq:styleIds="[1629979540972]"
                    jcr:created="{Date}2022-02-24T11:59:25.782+05:30"
                    jcr:createdBy="admin"
                    jcr:lastModified="{Date}2022-02-24T12:00:11.143+05:30"
                    jcr:lastModifiedBy="admin"
                    jcr:primaryType="nt:unstructured"
                    sling:resourceType="delcity/components/content/text"
                    text="&lt;p>The DTP Series looks similar to the DTM Series except slightly bigger. As of right now, the DTP Series is only offered in 2 and 4 pin configurations. Although this may provide fewer options, it can handle a higher power job. Like its siblings the DT/DTM Series, it is able to withstand moisture as well as temperatures up to 257F.&lt;/p>&#xa;&lt;p>&amp;nbsp;&lt;/p>&#xa;&lt;h3>&amp;nbsp; &amp;nbsp;&amp;nbsp;&lt;a href=&quot;https://www.delcity.net/store/Deutsch-DTHD-Series/p_822994&quot;>&lt;u>DEUTSCH DTHD Series&lt;/u>&lt;/a>&lt;/h3>&#xa;"
                    textIsRich="true"/>
                <text_copy_copy
                    jcr:created="{Date}2022-02-23T13:30:18.772+05:30"
                    jcr:createdBy="admin"
                    jcr:lastModified="{Date}2022-02-24T12:01:02.842+05:30"
                    jcr:lastModifiedBy="admin"
                    jcr:primaryType="nt:unstructured"
                    sling:resourceType="delcity/components/content/text"
                    text="&lt;p>The DEUTSCH DTHD Series has more differences from the DT/DTM/DTP discussed before. This series does not require wedges, and instead is assembled using just a plug, receptacle, and&amp;nbsp;contacts. These are single terminal connectors, so you will not see the multiple “ways” for contacts as you would see in the other DT Series. Instead, this series provides multiple wire sizes that are compatible with the connector.&lt;/p>&#xd;&#xa;"
                    textIsRich="true">
                    <cq:responsive jcr:primaryType="nt:unstructured">
                        <default
                            jcr:primaryType="nt:unstructured"
                            offset="0"
                            width="8"/>
                    </cq:responsive>
                </text_copy_copy>
                <image_copy_copy
                    jcr:created="{Date}2022-02-23T13:26:34.627+05:30"
                    jcr:createdBy="admin"
                    jcr:lastModified="{Date}2022-02-23T13:39:34.952+05:30"
                    jcr:lastModifiedBy="admin"
                    jcr:primaryType="nt:unstructured"
                    sling:resourceType="ecomm-framework/components/content/image"
                    altValueFromDAM="true"
                    displayPopupTitle="true"
                    fileReference="/content/dam/delcity/images/blogs/image-not-available-image.png"
                    isDecorative="false"
                    titleValueFromDAM="true">
                    <cq:responsive jcr:primaryType="nt:unstructured">
                        <default
                            jcr:primaryType="nt:unstructured"
                            offset="0"
                            width="3"/>
                    </cq:responsive>
                </image_copy_copy>
                <text_1858973682
                    cq:styleIds="[1629979540972]"
                    jcr:created="{Date}2022-02-24T12:01:15.368+05:30"
                    jcr:createdBy="admin"
                    jcr:lastModified="{Date}2022-02-24T12:02:21.812+05:30"
                    jcr:lastModifiedBy="admin"
                    jcr:primaryType="nt:unstructured"
                    sling:resourceType="delcity/components/content/text"
                    text="&lt;p>As would be expected, assembly of the DTHD series is less complicated because there are fewer parts. Although these are fewer parts, this series was still created for heavy duty applications. The three sizes of the DTHD Series can vary to accommodate 25-100 amps. They are very frequently used for high power connections such as ground power or a main power source. As with the other series’, it can withstand moisture and very high temperatures. If you are looking for a heavy-duty, single terminal connector, the DTHD Series has everything you are looking for in a connector.&lt;/p>&#xd;&#xa;&lt;p>&amp;nbsp;&lt;/p>&#xd;&#xa;&lt;h3>&amp;nbsp; &amp;nbsp;&amp;nbsp;&lt;a href=&quot;https://www.delcity.net/store/Deutsch-Jiffy-Splices/p_823014.h_823015&quot;>&lt;u>DEUTSCH Jiffy Splice&lt;/u>&lt;/a>&lt;/h3>&#xd;&#xa;"
                    textIsRich="true"/>
                <image_777226126_copy_713122836
                    jcr:created="{Date}2022-02-23T13:42:15.693+05:30"
                    jcr:createdBy="admin"
                    jcr:lastModified="{Date}2022-02-23T13:43:00.588+05:30"
                    jcr:lastModifiedBy="admin"
                    jcr:primaryType="nt:unstructured"
                    sling:resourceType="ecomm-framework/components/content/image"
                    altValueFromDAM="true"
                    displayPopupTitle="true"
                    fileReference="/content/dam/delcity/images/blogs/image-not-available-image.png"
                    isDecorative="false"
                    titleValueFromDAM="true">
                    <cq:responsive jcr:primaryType="nt:unstructured">
                        <default
                            jcr:primaryType="nt:unstructured"
                            offset="1"
                            width="3"/>
                    </cq:responsive>
                </image_777226126_copy_713122836>
                <text_2074569161_copy_827336085
                    cq:styleIds="[1629979540972]"
                    jcr:created="{Date}2022-02-23T13:42:23.642+05:30"
                    jcr:createdBy="admin"
                    jcr:lastModified="{Date}2022-02-24T12:05:02.049+05:30"
                    jcr:lastModifiedBy="admin"
                    jcr:primaryType="nt:unstructured"
                    sling:resourceType="delcity/components/content/text"
                    text="&lt;p>Just by looking at the Jiffy Splice, you might not even assume it is a DEUTSCH product. A Jiffy Splice is a red, single terminal connector with two cavities. Inside of this silicone elastomer jacket is a&amp;nbsp;contact&amp;nbsp;retention system that mates two contacts. In this case, you will need both a pin and a&amp;nbsp;socket contact. A heavy selling point of this product is its easy installation. Each cavity is not pre-labeled, so as long as one contact is added to each side, the mated contacts will be secured.&lt;/p>&#xd;&#xa;"
                    textIsRich="true">
                    <cq:responsive jcr:primaryType="nt:unstructured">
                        <default
                            jcr:primaryType="nt:unstructured"
                            offset="0"
                            width="7"/>
                    </cq:responsive>
                </text_2074569161_copy_827336085>
                <text_1592922920
                    cq:styleIds="[1629979540972]"
                    jcr:created="{Date}2022-02-24T12:05:12.297+05:30"
                    jcr:createdBy="admin"
                    jcr:lastModified="{Date}2022-02-24T12:20:21.412+05:30"
                    jcr:lastModifiedBy="admin"
                    jcr:primaryType="nt:unstructured"
                    sling:resourceType="delcity/components/content/text"
                    text="&lt;p>There is no doubting that a Jiffy Splice is unique. It is seen as a field-serviceable alternative to other permanent splices. Being made with the same high quality material as the other DEUTSCH connector seals, the Jiffy Splice can still be relied on for tough jobs. It can withstand approximately three feet of water immersion and has a high operating temperature. If you need a quick fix, single terminal for harsh environmental condition, the Jiffy Splice is for you!&lt;/p>&#xa;&lt;p>&amp;nbsp;&lt;/p>&#xa;&lt;p>For tips on assembly of ALL of these series’, check out Del City’s&amp;nbsp;&lt;a href=&quot;https://www.youtube.com/user/delcitydirect&quot;>&lt;u>YouTube&lt;/u> &lt;u>channel&lt;/u>&lt;/a>&amp;nbsp;and our&amp;nbsp;&lt;a href=&quot;http://blog.delcity.net/deutsch-products-assembly-guide&quot;>&lt;u>DEUTSCH Products Assembly Guide&lt;/u>&lt;/a>!&amp;nbsp;If you have any more questions, don’t hesitate to reach out to our&amp;nbsp;&lt;b>Technical Support at&amp;nbsp;1.800.654.4757!&lt;/b>&lt;/p>&#xa;&lt;p>&amp;nbsp;&lt;/p>&#xa;&lt;h6>&amp;nbsp; &amp;nbsp; &amp;nbsp; &amp;nbsp;Posted in&amp;nbsp;&lt;a href=&quot;https://blog.delcity.net/category/wire-connectors-quick-splices/&quot;>&lt;u>Wire Connectors &amp;amp; Quick Splices&lt;/u>&lt;/a>.&lt;/h6>&#xa;&lt;p>&amp;nbsp;&lt;/p>&#xa;"
                    textIsRich="true"/>
                <separator
                    jcr:created="{Date}2022-02-24T15:51:48.914+05:30"
                    jcr:createdBy="admin"
                    jcr:lastModified="{Date}2022-02-24T15:51:48.914+05:30"
                    jcr:lastModifiedBy="admin"
                    jcr:primaryType="nt:unstructured"
                    sling:resourceType="ecomm-framework/components/content/separator"/>
                <button_copy
                    jcr:created="{Date}2022-02-23T13:45:32.512+05:30"
                    jcr:createdBy="admin"
                    jcr:lastModified="{Date}2022-02-24T15:52:32.523+05:30"
                    jcr:lastModifiedBy="admin"
                    jcr:primaryType="nt:unstructured"
                    jcr:title="DEUTSCH Products Assembly Guide"
                    sling:resourceType="ecomm-framework/components/content/button"
                    link="https://blog.delcity.net/deutsch-products-assembly-guide/">
                    <cq:responsive jcr:primaryType="nt:unstructured">
                        <default
                            jcr:primaryType="nt:unstructured"
                            offset="1"
                            width="5"/>
                    </cq:responsive>
                </button_copy>
                <button_1571626590_co
                    jcr:created="{Date}2022-02-23T13:45:38.880+05:30"
                    jcr:createdBy="admin"
                    jcr:lastModified="{Date}2022-02-24T15:53:19.332+05:30"
                    jcr:lastModifiedBy="admin"
                    jcr:primaryType="nt:unstructured"
                    jcr:title="5 Reasons to Attend SEMA Show 2017"
                    sling:resourceType="ecomm-framework/components/content/button"
                    link="https://blog.delcity.net/5-reasons-to-attend-sema-show-2017/">
                    <cq:responsive jcr:primaryType="nt:unstructured">
                        <default
                            jcr:primaryType="nt:unstructured"
                            offset="2"
                            width="4"/>
                    </cq:responsive>
                </button_1571626590_co>
                <text_1755010957
                    jcr:created="{Date}2022-02-24T15:55:50.366+05:30"
                    jcr:createdBy="admin"
                    jcr:lastModified="{Date}2022-02-24T15:55:50.366+05:30"
                    jcr:lastModifiedBy="admin"
                    jcr:primaryType="nt:unstructured"
                    sling:resourceType="delcity/components/content/text"/>
            </responsivegrid>
        </root>
    </jcr:content>
</jcr:root>
