<?xml version="1.0" encoding="UTF-8"?>
<jcr:root xmlns:sling="http://sling.apache.org/jcr/sling/1.0" xmlns:cq="http://www.day.com/jcr/cq/1.0" xmlns:jcr="http://www.jcp.org/jcr/1.0" xmlns:mix="http://www.jcp.org/jcr/mix/1.0" xmlns:nt="http://www.jcp.org/jcr/nt/1.0"
    jcr:primaryType="cq:Page">
    <jcr:content
        cq:lastModified="{Date}2022-12-04T22:13:08.744-06:00"
        cq:lastModifiedBy="Sumedha.Kansal@mercmarine.com"
        cq:lastReplicated="{Date}2022-02-04T06:58:04.369-06:00"
        cq:lastReplicatedBy="Radhika.Yerra@mercmarine.com"
        cq:lastReplicationAction="Activate"
        cq:template="/conf/delcity/settings/wcm/templates/delcity-generic-template"
        jcr:isCheckedOut="{Boolean}true"
        jcr:mixinTypes="[mix:versionable]"
        jcr:primaryType="cq:PageContent"
        jcr:title="Search Results Page"
        jcr:uuid="020b280e-1fcb-40f3-8bb2-70a12d224c69"
        sling:resourceType="delcity/components/structure/page"
        fblink="https://www.facebook.com/delcitydirect"
        linkedinlink="https://www.linkedin.com/company/del-city"
        twitterlink="https://www.twitter.com/delcitydirect"
        youtubelink="https://www.youtube.com/delcitydirect">
        <root
            jcr:primaryType="nt:unstructured"
            sling:resourceType="wcm/foundation/components/responsivegrid">
            <responsivegrid
                jcr:created="{Date}2021-05-04T12:57:08.972+05:30"
                jcr:createdBy="admin"
                jcr:lastModified="{Date}2021-05-04T13:09:19.166+05:30"
                jcr:lastModifiedBy="admin"
                jcr:primaryType="nt:unstructured"
                sling:resourceType="wcm/foundation/components/responsivegrid">
                <breadcrumb
                    jcr:created="{Date}2022-02-02T04:14:13.395-06:00"
                    jcr:createdBy="Anagha.Dwajan@mercmarine.com"
                    jcr:lastModified="{Date}2022-02-02T04:14:13.395-06:00"
                    jcr:lastModifiedBy="Anagha.Dwajan@mercmarine.com"
                    jcr:primaryType="nt:unstructured"
                    sling:resourceType="ecomm-framework/components/content/breadcrumb"/>
                <searchresults
                    jcr:created="{Date}2022-02-03T04:35:41.074-06:00"
                    jcr:createdBy="Radhika.Yerra@mercmarine.com"
                    jcr:lastModified="{Date}2022-12-04T22:13:08.735-06:00"
                    jcr:lastModifiedBy="Sumedha.Kansal@mercmarine.com"
                    jcr:primaryType="nt:unstructured"
                    sling:resourceType="delcity/components/content/searchresults"
                    addText="AltTEST"
                    cartErrormessage="The site has encountered an error, please contact Customer Service at 1.800.654.4752"
                    imagenotavailableurl="https://s7d2.scene7.com/is/image/brunswick/MER-3135_eComm_ImageNotAvailable_DelCity_180x145?$ASSETS-120-120-S$"
                    pdpurl="/content/ecommerce/delcity/us/en/product-details">
                    <itemsPerPageSelection jcr:primaryType="nt:unstructured">
                        <item0
                            jcr:primaryType="nt:unstructured"
                            itemsPerPage="48"/>
                        <item1
                            jcr:primaryType="nt:unstructured"
                            itemsPerPage="72"/>
                    </itemsPerPageSelection>
                    <sortDropDown jcr:primaryType="nt:unstructured">
                        <item0
                            jcr:primaryType="nt:unstructured"
                            title="Relevance"
                            value="relevance ASC"/>
                        <item1
                            jcr:primaryType="nt:unstructured"
                            title="Item # (Ascending)"
                            value="part_number ASC"/>
                        <item2
                            jcr:primaryType="nt:unstructured"
                            title="Item # (Descending)"
                            value="part_number DESC"/>
                        <item3
                            jcr:primaryType="nt:unstructured"
                            title="Brand name ASC"
                            value="brand_name ASC"/>
                        <item4
                            jcr:primaryType="nt:unstructured"
                            title="Brand name DESC"
                            value="brand_name DESC"/>
                    </sortDropDown>
                </searchresults>
            </responsivegrid>
        </root>
    </jcr:content>
</jcr:root>
