<?xml version="1.0" encoding="UTF-8"?>
<jcr:root xmlns:sling="http://sling.apache.org/jcr/sling/1.0" xmlns:cq="http://www.day.com/jcr/cq/1.0" xmlns:jcr="http://www.jcp.org/jcr/1.0" xmlns:nt="http://www.jcp.org/jcr/nt/1.0"
    jcr:primaryType="cq:Page">
    <jcr:content
        cq:lastModified="{Date}2022-03-04T07:01:52.099-06:00"
        cq:lastModifiedBy="Praveen.Vatchavayi@mercmarine.com"
        cq:template="/conf/delcity/settings/wcm/templates/delcity-generic-template"
        jcr:primaryType="cq:PageContent"
        jcr:title="How To Wire Weather Pack Connectors"
        sling:resourceType="delcity/components/structure/page">
        <root
            jcr:primaryType="nt:unstructured"
            sling:resourceType="wcm/foundation/components/responsivegrid">
            <footer
                jcr:created="{Date}2021-06-21T14:21:52.357+05:30"
                jcr:createdBy="admin"
                jcr:lastModified="{Date}2022-02-01T17:04:20.028+05:30"
                jcr:lastModifiedBy="admin"
                jcr:primaryType="nt:unstructured"
                sling:resourceType="delcity/components/structure/footer"
                menutitle1="About Us"
                sendIcon="/content/dam/delcity/images/Icon-send@2x.png">
                <aboutus jcr:primaryType="nt:unstructured">
                    <item0
                        jcr:primaryType="nt:unstructured"
                        pagetitle="About Us"/>
                    <item1
                        jcr:primaryType="nt:unstructured"
                        pagetitle="Contact Us"/>
                    <item2
                        jcr:primaryType="nt:unstructured"
                        pagetitle="FAQs"/>
                </aboutus>
            </footer>
            <responsivegrid
                jcr:created="{Date}2021-06-21T14:21:44.042+05:30"
                jcr:createdBy="admin"
                jcr:lastModified="{Date}2022-02-01T17:04:38.578+05:30"
                jcr:lastModifiedBy="admin"
                jcr:primaryType="nt:unstructured"
                sling:resourceType="wcm/foundation/components/responsivegrid">
                <blogteaser_copy_copy
                    jcr:created="{Date}2022-02-23T15:55:01.820+05:30"
                    jcr:createdBy="admin"
                    jcr:lastModified="{Date}2022-03-04T07:01:52.090-06:00"
                    jcr:lastModifiedBy="Praveen.Vatchavayi@mercmarine.com"
                    jcr:primaryType="nt:unstructured"
                    sling:resourceType="ecomm-framework/components/content/blogteaser"
                    authoringDate="September 17, 2015"
                    authorName="Kelsey Scherf"
                    blogImage="/content/dam/delcity/images/blogs/image-not-available-image.png"
                    selectBrand="DC"
                    teaserHeader="How To Wire Weather Pack Connectors">
                    <cq:responsive jcr:primaryType="nt:unstructured">
                        <default
                            jcr:primaryType="nt:unstructured"
                            offset="0"
                            width="12"/>
                    </cq:responsive>
                    <categoryList jcr:primaryType="nt:unstructured">
                        <item0
                            jcr:primaryType="nt:unstructured"
                            delcitycategories="How-To"/>
                        <item1
                            jcr:primaryType="nt:unstructured"
                            delcitycategories="Wire Connectors &amp; Quick Splices"/>
                    </categoryList>
                </blogteaser_copy_copy>
                <text_copy_copy_copy_
                    jcr:created="{Date}2022-02-23T16:17:50.335+05:30"
                    jcr:createdBy="admin"
                    jcr:lastModified="{Date}2022-02-25T13:15:26.145+05:30"
                    jcr:lastModifiedBy="admin"
                    jcr:primaryType="nt:unstructured"
                    sling:resourceType="delcity/components/content/text"
                    text="&lt;p>Who doesn’t love the&amp;nbsp;&lt;a href=&quot;http://www.delcity.net/store/Weather-Pack-Wire-Connectors-&amp;amp;-Components/p_797633&quot;>Weather Pack connectors&lt;/a>? Really. With their superior environmental sealing, they are one of the best options when working on wiring in an automotive engine compartment. However, their high performance and design makes&amp;nbsp;them&amp;nbsp;equally suitable for most other marine, agricultural, and fleet applications.&lt;/p>&#xd;&#xa;"
                    textIsRich="true">
                    <cq:responsive jcr:primaryType="nt:unstructured">
                        <default
                            jcr:primaryType="nt:unstructured"
                            offset="0"
                            width="11"/>
                    </cq:responsive>
                </text_copy_copy_copy_>
                <image_copy_copy_copy
                    jcr:created="{Date}2022-02-23T16:18:06.552+05:30"
                    jcr:createdBy="admin"
                    jcr:lastModified="{Date}2022-02-23T16:18:11.585+05:30"
                    jcr:lastModifiedBy="admin"
                    jcr:primaryType="nt:unstructured"
                    sling:resourceType="ecomm-framework/components/content/image"
                    altValueFromDAM="true"
                    displayPopupTitle="true"
                    fileReference="/content/dam/delcity/images/blogs/image-not-available-image.png"
                    isDecorative="false"
                    titleValueFromDAM="true">
                    <cq:responsive jcr:primaryType="nt:unstructured">
                        <default
                            jcr:primaryType="nt:unstructured"
                            offset="4"
                            width="4"/>
                    </cq:responsive>
                </image_copy_copy_copy>
                <text_copy_copy_copy__222039672
                    jcr:created="{Date}2022-02-23T16:17:50.335+05:30"
                    jcr:createdBy="admin"
                    jcr:lastModified="{Date}2022-02-25T13:15:58.873+05:30"
                    jcr:lastModifiedBy="admin"
                    jcr:primaryType="nt:unstructured"
                    sling:resourceType="delcity/components/content/text"
                    text="&lt;p>Weather Packs are a top of line connection solution. However, with so many different configurations and components, wiring them can be overwhelming, or, at the very least, time consuming. So I got with our Technical Support to get a simple breakdown of how to wire Weather Pack connectors.&lt;/p>&#xd;&#xa;&lt;p>To start off, let’s look at what you’ll need for a complete connection.&lt;/p>&#xd;&#xa;&lt;p>&lt;b>Parts List&lt;/b>&lt;/p>&#xd;&#xa;&lt;ul>&#xd;&#xa;&lt;li>&lt;a href=&quot;http://www.delcity.net/store/Weather-Pack-Female-Housing/p_809164&quot;>Female housing&lt;/a> &lt;/li>&#xd;&#xa;&lt;li>&lt;a href=&quot;http://www.delcity.net/store/Weather-Pack-Male-Housing/p_809144&quot;>Male housing&lt;/a>&lt;/li>&#xd;&#xa;&lt;li>Equal number of &lt;a href=&quot;http://www.delcity.net/store/Weather-Pack-Terminals/p_797654&quot;>female terminals&lt;/a> as there are ways in housing (i.e. 3 ways = 3 female terminals).&lt;/li>&#xd;&#xa;&lt;li>Equal number of &lt;a href=&quot;http://www.delcity.net/store/Weather-Pack-Terminals/p_797654.h_797659.t_1&quot;>male terminals&lt;/a> as there are ways in housing (i.e. 3 ways = 3 male terminals).&lt;/li>&#xd;&#xa;&lt;li>2 times the number of &lt;a href=&quot;http://www.delcity.net/store/Cavity-Seals-&amp;amp;-Plugs/p_797663&quot;>seals&lt;/a> as there are ways (i.e. 3 ways = 6 seals).&lt;/li>&#xd;&#xa;&lt;li>Equal number of &lt;a href=&quot;http://www.delcity.net/store/Primary-Wire/p_360&quot;>wire&lt;/a> colors as there are ways (i.e. 3 ways = 3 colors), and 2 wires of each color (i.e. 1 way = 2 wires of one color, so 3 ways = 6 wires of 3 colors).&lt;/li>&#xd;&#xa;&lt;li>Equal number of &lt;a href=&quot;http://www.delcity.net/store/Cavity-Seals-&amp;amp;-Plugs/p_797663.h_797670.t_1&quot;>plugs&lt;/a> as there are ways that you &lt;b>WILL NOT&lt;/b> be wiring (i.e. if wiring a 3-way system but one side will only use the power and ground wires, then you will need 1 plug for the 1 way which will not be used).&lt;/li>&#xd;&#xa;&lt;li>&lt;a href=&quot;http://www.delcity.net/store/Metri!Pack-&amp;amp;-Weather-Pack-Crimping-Tools/p_804412.h_804413.t_1&quot;>Crimp Tool&lt;/a>&lt;/li>&#xd;&#xa;&lt;li>&lt;a href=&quot;http://www.delcity.net/store/Automatic-Wire-Stripper-with-Crimper/p_801327&quot;>Wire Stripper&lt;/a>&lt;/li>&#xd;&#xa;&lt;/ul>&#xd;&#xa;&lt;p>Got everything? Great. You’re ready to rock. Now, check out this quick 2 minute video to see an installation step by step.&lt;/p>&#xd;&#xa;"
                    textIsRich="true">
                    <cq:responsive jcr:primaryType="nt:unstructured">
                        <default
                            jcr:primaryType="nt:unstructured"
                            offset="0"
                            width="11"/>
                    </cq:responsive>
                </text_copy_copy_copy__222039672>
                <embed
                    jcr:created="{Date}2022-02-25T13:18:55.857+05:30"
                    jcr:createdBy="admin"
                    jcr:lastModified="{Date}2022-02-25T13:19:08.943+05:30"
                    jcr:lastModifiedBy="admin"
                    jcr:primaryType="nt:unstructured"
                    sling:resourceType="ecomm-framework/components/content/embed"
                    html="&lt;iframe width=&quot;560&quot; height=&quot;314&quot; src=&quot;https://www.youtube.com/embed/LUfHGmny1Vk&quot; title=&quot;YouTube video player&quot; frameborder=&quot;0&quot; allow=&quot;accelerometer; autoplay; clipboard-write; encrypted-media; gyroscope; picture-in-picture&quot; allowfullscreen>&lt;/iframe>"
                    type="html">
                    <cq:responsive jcr:primaryType="nt:unstructured">
                        <default
                            jcr:primaryType="nt:unstructured"
                            offset="1"
                            width="5"/>
                    </cq:responsive>
                </embed>
                <text_copy_copy_copy__1658996821
                    jcr:created="{Date}2022-02-23T16:17:50.335+05:30"
                    jcr:createdBy="admin"
                    jcr:lastModified="{Date}2022-02-25T13:19:49.017+05:30"
                    jcr:lastModifiedBy="admin"
                    jcr:primaryType="nt:unstructured"
                    sling:resourceType="delcity/components/content/text"
                    text="&lt;p>If you’re wanting something really fast and easy,&amp;nbsp;&lt;a href=&quot;http://www.delcity.net/store/Weather-Pack-Assembled-Pigtails/p_810663&quot;>pre-assembled Weather Packs&lt;/a>&amp;nbsp;are the way to go. The entire male side and female side come assembled, and all you have to do is snap the two sides together. It doesn’t get much better than one step installation you’ll get with those!&lt;/p>&#xd;&#xa;&lt;p>Download the Quick Start Guide&amp;nbsp;below to have an easy reference when you’re working!&lt;/p>&#xd;&#xa;&lt;p>&lt;b>Or, need&amp;nbsp;a through-panel connection?&lt;/b>&amp;nbsp;Read our post on&amp;nbsp;&lt;a href=&quot;https://blog.delcity.net/how-to-install-weather-pack-bulkhead-wire-connectors&quot;>how to install Weather Pack Bulkhead Wire Connectors&lt;/a>.&lt;/p>&#xd;&#xa;&lt;p>Still have questions? For either a standard install or a bulkhead install, give our Technical Support a call at 1.800.654.4757&lt;/p>&#xd;&#xa;"
                    textIsRich="true">
                    <cq:responsive jcr:primaryType="nt:unstructured">
                        <default
                            jcr:primaryType="nt:unstructured"
                            offset="0"
                            width="11"/>
                    </cq:responsive>
                </text_copy_copy_copy__1658996821>
                <text_2008467253_copy
                    jcr:created="{Date}2022-02-25T08:06:40.583+05:30"
                    jcr:createdBy="admin"
                    jcr:lastModified="{Date}2022-02-25T13:20:29.098+05:30"
                    jcr:lastModifiedBy="admin"
                    jcr:primaryType="nt:unstructured"
                    sling:resourceType="delcity/components/content/text"
                    text="&lt;h6>Posted in&amp;nbsp;&lt;a href=&quot;https://blog.delcity.net/category/how-to/&quot;>How To&lt;/a>,&amp;nbsp;&lt;a href=&quot;https://blog.delcity.net/category/wire-connectors-quick-splices/&quot;>Wire Connectors &amp;amp; Quick Splices&lt;/a>.&lt;/h6>&#xd;&#xa;"
                    textIsRich="true">
                    <cq:responsive jcr:primaryType="nt:unstructured">
                        <default
                            jcr:primaryType="nt:unstructured"
                            offset="0"
                            width="10"/>
                    </cq:responsive>
                </text_2008467253_copy>
                <separator_copy_copy
                    jcr:created="{Date}2022-02-25T08:07:52.400+05:30"
                    jcr:createdBy="admin"
                    jcr:lastModified="{Date}2022-02-25T08:07:52.400+05:30"
                    jcr:lastModifiedBy="admin"
                    jcr:primaryType="nt:unstructured"
                    sling:resourceType="ecomm-framework/components/content/separator">
                    <cq:responsive jcr:primaryType="nt:unstructured">
                        <default
                            jcr:primaryType="nt:unstructured"
                            offset="0"
                            width="12"/>
                    </cq:responsive>
                </separator_copy_copy>
                <button_copy_copy_cop
                    jcr:created="{Date}2022-02-23T16:27:11.256+05:30"
                    jcr:createdBy="admin"
                    jcr:lastModified="{Date}2022-02-25T13:20:54.144+05:30"
                    jcr:lastModifiedBy="admin"
                    jcr:primaryType="nt:unstructured"
                    jcr:title=" Choosing a Custom Carling Rocker Switch"
                    sling:resourceType="ecomm-framework/components/content/button"
                    icon="&lt;---"
                    link="https://blog.delcity.net/choosing-a-custom-carling-rocker-switch/">
                    <cq:responsive jcr:primaryType="nt:unstructured">
                        <default
                            jcr:primaryType="nt:unstructured"
                            offset="1"
                            width="3"/>
                    </cq:responsive>
                </button_copy_copy_cop>
                <button_copy_copy_cop_1974369619
                    jcr:created="{Date}2022-02-23T16:27:11.256+05:30"
                    jcr:createdBy="admin"
                    jcr:lastModified="{Date}2022-02-25T13:21:25.355+05:30"
                    jcr:lastModifiedBy="admin"
                    jcr:primaryType="nt:unstructured"
                    jcr:title="How To Install Weather Pack… "
                    sling:resourceType="ecomm-framework/components/content/button"
                    icon="--->"
                    link="https://blog.delcity.net/how-to-install-weather-pack-bulkhead-wire-connectors/">
                    <cq:responsive jcr:primaryType="nt:unstructured">
                        <default
                            jcr:primaryType="nt:unstructured"
                            offset="4"
                            width="3"/>
                    </cq:responsive>
                </button_copy_copy_cop_1974369619>
            </responsivegrid>
        </root>
    </jcr:content>
</jcr:root>
