<?xml version="1.0" encoding="UTF-8"?>
<jcr:root xmlns:sling="http://sling.apache.org/jcr/sling/1.0" xmlns:cq="http://www.day.com/jcr/cq/1.0" xmlns:jcr="http://www.jcp.org/jcr/1.0" xmlns:nt="http://www.jcp.org/jcr/nt/1.0"
    jcr:primaryType="nt:unstructured"
    jcr:title="Mercruiser and Diesel Registration Rebate"
    sling:resourceType="cq/gui/components/authoring/dialog">
    <content
        jcr:primaryType="nt:unstructured"
        sling:resourceType="granite/ui/components/coral/foundation/container">
        <items jcr:primaryType="nt:unstructured">
            <tabs
                jcr:primaryType="nt:unstructured"
                sling:resourceType="granite/ui/components/coral/foundation/tabs">
                <items jcr:primaryType="nt:unstructured">
                    <searchlist
                        jcr:primaryType="nt:unstructured"
                        jcr:title="Search Filter"
                        sling:resourceType="granite/ui/components/coral/foundation/fixedcolumns"
                        margin="true">
                        <items jcr:primaryType="nt:unstructured">
                            <column
                                jcr:primaryType="nt:unstructured"
                                sling:resourceType="granite/ui/components/coral/foundation/container">
                                <items jcr:primaryType="nt:unstructured">
                                    <title
                                        jcr:primaryType="nt:unstructured"
                                        sling:resourceType="granite/ui/components/coral/foundation/form/textfield"
                                        fieldDescription="Please add title for Page."
                                        fieldLabel="Page Title"
                                        maxlength="30"
                                        name="./title"/>
                                    <year
                                        jcr:primaryType="nt:unstructured"
                                        sling:resourceType="granite/ui/components/coral/foundation/form/textfield"
                                        fieldDescription="Please add Year Label Text."
                                        fieldLabel="Year Label"
                                        maxlength="20"
                                        name="./year"/>
                                    <periodNumber
                                        jcr:primaryType="nt:unstructured"
                                        sling:resourceType="granite/ui/components/coral/foundation/form/textfield"
                                        fieldDescription="Please add Period Number Label Text."
                                        fieldLabel="Period Number Label"
                                        maxlength="20"
                                        name="./periodNumber"/>
                                    <applyBtn
                                        jcr:primaryType="nt:unstructured"
                                        sling:resourceType="granite/ui/components/coral/foundation/form/textfield"
                                        fieldDescription="Please add Apply Button Label."
                                        fieldLabel="Apply Button Label"
                                        maxlength="20"
                                        name="./applyBtn"
                                        required="{Boolean}true"/>
                                    <resetBtn
                                        jcr:primaryType="nt:unstructured"
                                        sling:resourceType="granite/ui/components/coral/foundation/form/textfield"
                                        fieldDescription="Please add Reset Button Label."
                                        fieldLabel="Reset Button Label"
                                        maxlength="20"
                                        name="./resetBtn"
                                        required="{Boolean}true"/>
                                </items>
                            </column>
                        </items>
                    </searchlist>
                    <tabledetails
                        jcr:primaryType="nt:unstructured"
                        jcr:title="Table Headings and Export"
                        sling:resourceType="granite/ui/components/coral/foundation/fixedcolumns"
                        margin="true">
                        <items jcr:primaryType="nt:unstructured">
                            <column
                                jcr:primaryType="nt:unstructured"
                                sling:resourceType="granite/ui/components/coral/foundation/container">
                                <items jcr:primaryType="nt:unstructured">
                                    <Col1heading
                                        jcr:primaryType="nt:unstructured"
                                        sling:resourceType="granite/ui/components/coral/foundation/form/textfield"
                                        fieldDescription="Please add title for Column1."
                                        fieldLabel="Column1 Heading"
                                        maxlength="20"
                                        name="./col1"/>
                                    <Col2heading
                                        jcr:primaryType="nt:unstructured"
                                        sling:resourceType="granite/ui/components/coral/foundation/form/textfield"
                                        fieldDescription="Please add title for Column2."
                                        fieldLabel="Column2 Heading"
                                        maxlength="20"
                                        name="./col2"/>
                                    <Col3heading
                                        jcr:primaryType="nt:unstructured"
                                        sling:resourceType="granite/ui/components/coral/foundation/form/textfield"
                                        fieldDescription="Please add title for Column3."
                                        fieldLabel="Column3 Heading"
                                        maxlength="20"
                                        name="./col3"/>
                                    <Col4heading
                                        jcr:primaryType="nt:unstructured"
                                        sling:resourceType="granite/ui/components/coral/foundation/form/textfield"
                                        fieldDescription="Please add title for Column4."
                                        fieldLabel="Column4 Heading"
                                        maxlength="20"
                                        name="./col4"/>
                                    <Col5heading
                                        jcr:primaryType="nt:unstructured"
                                        sling:resourceType="granite/ui/components/coral/foundation/form/textfield"
                                        fieldDescription="Please add title for Column5."
                                        fieldLabel="Column5 Heading"
                                        maxlength="20"
                                        name="./col5"/>
                                    <exportTxt
                                        jcr:primaryType="nt:unstructured"
                                        sling:resourceType="granite/ui/components/coral/foundation/form/textfield"
                                        fieldDescription="Please add Export Label Text."
                                        fieldLabel="Export Label"
                                        maxlength="10"
                                        name="./exportTxt"/>
                                </items>
                            </column>
                        </items>
                    </tabledetails>
                </items>
            </tabs>
        </items>
    </content>
</jcr:root>
