<?xml version="1.0" encoding="UTF-8"?>
<jcr:root xmlns:sling="http://sling.apache.org/jcr/sling/1.0" xmlns:cq="http://www.day.com/jcr/cq/1.0" xmlns:jcr="http://www.jcp.org/jcr/1.0" xmlns:mix="http://www.jcp.org/jcr/mix/1.0" xmlns:nt="http://www.jcp.org/jcr/nt/1.0"
    jcr:primaryType="cq:Page">
    <jcr:content
        cq:lastModified="{Date}2022-02-27T15:46:57.019+05:30"
        cq:lastModifiedBy="admin"
        cq:lastReplicated="{Date}2022-02-20T18:03:44.847+05:30"
        cq:lastReplicatedBy="admin"
        cq:lastReplicationAction="Activate"
        cq:template="/conf/delcity/settings/wcm/templates/delcity-generic-template"
        jcr:isCheckedOut="{Boolean}true"
        jcr:mixinTypes="[mix:versionable]"
        jcr:primaryType="cq:PageContent"
        jcr:title="What is an IP rating and why is it important?"
        jcr:uuid="d9b0c646-01f9-4f2a-9b78-3e389ef3c439"
        sling:resourceType="delcity/components/structure/page">
        <root
            jcr:primaryType="nt:unstructured"
            sling:resourceType="wcm/foundation/components/responsivegrid">
            <responsivegrid
                jcr:created="{Date}2021-06-21T14:21:44.042+05:30"
                jcr:createdBy="admin"
                jcr:lastModified="{Date}2021-06-21T11:10:43.011Z"
                jcr:lastModifiedBy="PVATCHAVAYI"
                jcr:primaryType="nt:unstructured"
                sling:resourceType="wcm/foundation/components/responsivegrid">
                <blogteaser
                    jcr:created="{Date}2022-02-18T13:29:21.916+05:30"
                    jcr:createdBy="admin"
                    jcr:lastModified="{Date}2022-02-21T16:56:05.738+05:30"
                    jcr:lastModifiedBy="admin"
                    jcr:primaryType="nt:unstructured"
                    sling:resourceType="ecomm-framework/components/content/blogteaser"
                    authoringDate="January 10, 2015"
                    authorName="Kelsey Scherf"
                    blogImage="/content/dam/delcity/images/blogs/image-not-available-image.png"
                    selectBrand="DC"
                    teaserDescription="The Ingress Protection (IP) rating system was established by the International Electrotechnical Commission (IEC), an organization for international standards and conformity assessment."
                    teaserHeader="What is an IP rating and why is it important?">
                    <categoryList jcr:primaryType="nt:unstructured">
                        <item0
                            jcr:primaryType="nt:unstructured"
                            delcitycategories="Industry News"/>
                    </categoryList>
                </blogteaser>
                <text
                    jcr:created="{Date}2022-02-20T18:02:49.761+05:30"
                    jcr:createdBy="admin"
                    jcr:lastModified="{Date}2022-02-21T12:20:36.640+05:30"
                    jcr:lastModifiedBy="admin"
                    jcr:primaryType="nt:unstructured"
                    sling:resourceType="delcity/components/content/text"
                    text="&lt;p>The Ingress Protection (IP) rating system was established by the &lt;a href=&quot;http://www.iec.ch/index.htm&quot;>International Electrotechnical Commission (IEC)&lt;/a>, an organization for international standards and conformity assessment. The IEC collaborates closely with the International Organization for Standardization (ISO). A complete description of the IP ratings and associated tests is found in IEC Publication 529. Although these ratings were initially developed as a way to classify enclosures, they now provide a convenient, practical way to compare levels of sealing. Many electrical products have an Ingress Protection (IP) rating which identifies the environmental factors needing consideration prior to the product’s installation.&lt;/p>&#xd;&#xa;"
                    textIsRich="true"/>
                <image_copy
                    jcr:created="{Date}2022-02-21T16:56:47.670+05:30"
                    jcr:createdBy="admin"
                    jcr:lastModified="{Date}2022-02-21T16:57:02.949+05:30"
                    jcr:lastModifiedBy="admin"
                    jcr:primaryType="nt:unstructured"
                    sling:resourceType="ecomm-framework/components/content/image"
                    altValueFromDAM="true"
                    displayPopupTitle="true"
                    fileReference="/content/dam/delcity/images/blogs/image-not-available-image.png"
                    isDecorative="false"
                    titleValueFromDAM="true">
                    <cq:responsive jcr:primaryType="nt:unstructured">
                        <default
                            jcr:primaryType="nt:unstructured"
                            offset="2"
                            width="2"/>
                    </cq:responsive>
                </image_copy>
                <image_copy_1521238404
                    jcr:created="{Date}2022-02-21T16:56:47.670+05:30"
                    jcr:createdBy="admin"
                    jcr:lastModified="{Date}2022-02-21T16:57:02.949+05:30"
                    jcr:lastModifiedBy="admin"
                    jcr:primaryType="nt:unstructured"
                    sling:resourceType="ecomm-framework/components/content/image"
                    altValueFromDAM="true"
                    displayPopupTitle="true"
                    fileReference="/content/dam/delcity/images/blogs/image-not-available-image.png"
                    isDecorative="false"
                    titleValueFromDAM="true">
                    <cq:responsive jcr:primaryType="nt:unstructured">
                        <default
                            jcr:primaryType="nt:unstructured"
                            offset="0"
                            width="2"/>
                    </cq:responsive>
                </image_copy_1521238404>
                <image_copy_187471661
                    jcr:created="{Date}2022-02-21T16:56:47.670+05:30"
                    jcr:createdBy="admin"
                    jcr:lastModified="{Date}2022-02-21T16:57:02.949+05:30"
                    jcr:lastModifiedBy="admin"
                    jcr:primaryType="nt:unstructured"
                    sling:resourceType="ecomm-framework/components/content/image"
                    altValueFromDAM="true"
                    displayPopupTitle="true"
                    fileReference="/content/dam/delcity/images/blogs/image-not-available-image.png"
                    isDecorative="false"
                    titleValueFromDAM="true">
                    <cq:responsive jcr:primaryType="nt:unstructured">
                        <default
                            jcr:primaryType="nt:unstructured"
                            offset="0"
                            width="2"/>
                    </cq:responsive>
                </image_copy_187471661>
                <image_copy_1874716618
                    jcr:created="{Date}2022-02-21T16:56:47.670+05:30"
                    jcr:createdBy="admin"
                    jcr:lastModified="{Date}2022-02-21T16:57:02.949+05:30"
                    jcr:lastModifiedBy="admin"
                    jcr:primaryType="nt:unstructured"
                    sling:resourceType="ecomm-framework/components/content/image"
                    altValueFromDAM="true"
                    displayPopupTitle="true"
                    fileReference="/content/dam/delcity/images/blogs/image-not-available-image.png"
                    isDecorative="false"
                    titleValueFromDAM="true">
                    <cq:responsive jcr:primaryType="nt:unstructured">
                        <default
                            jcr:primaryType="nt:unstructured"
                            offset="0"
                            width="2"/>
                    </cq:responsive>
                </image_copy_1874716618>
                <text_1694343335
                    jcr:created="{Date}2022-02-21T16:57:55.010+05:30"
                    jcr:createdBy="admin"
                    jcr:lastModified="{Date}2022-02-27T15:46:57.006+05:30"
                    jcr:lastModifiedBy="admin"
                    jcr:primaryType="nt:unstructured"
                    sling:resourceType="delcity/components/content/text"
                    text="&lt;p>&lt;b>Why is IP rating important?&lt;/b>&lt;/p>&#xd;&#xa;&lt;p>This is important when deciding when to mount products in a dry and clean environment versus a wet and/or dusty environment. The IP rating indicates the degree of protection provided. The numbers following IP represent levels of sealing and can range from no protection to full protection against dust and water.&lt;/p>&#xd;&#xa;&lt;p>For example, for an IP65 rating:&lt;/p>&#xd;&#xa;&lt;p style=&quot;margin-left: 40px;&quot;>• The first number of the rating 6, indicates the enclosure is dust tight.&lt;/p>&#xd;&#xa;&lt;p style=&quot;margin-left: 40px;&quot;>• The second number of the rating 5, means the enclosure is protected against water jets.&lt;/p>&#xd;&#xa;&lt;p>IP rating is very helpful when determining whether or not the component you considering installing is appropriate for your application. Think of what elements the component is going to be exposed to and select an item with an IP rating that will satisfy that environment.&amp;nbsp; For example, if you are thinking of using an ATO/ATC fuse holder in an engine compartment, you would probably want to consider one rated to IP55 like one of Del City’s&amp;nbsp;&lt;a href=&quot;http://www.delcity.net/store/ATO-&amp;amp;-ATC-Fuse-Holders-with-LED-Warning-Light/p_809049&quot;>ATO/ATC fuse holder with LED warning light&lt;/a>.&lt;/p>&#xd;&#xa;&lt;p>Del City proudly carries various components that are IP rated. A small sample of our IP rated products include:&lt;/p>&#xd;&#xa;&lt;p style=&quot;margin-left: 40px;&quot;>•&amp;nbsp;&lt;a href=&quot;http://www.delcity.net/store/Emergency-Beacon-Lights/p_798036&quot;>Lighting&lt;/a>&amp;nbsp;by&amp;nbsp;ECCO®&amp;nbsp;&lt;/p>&#xd;&#xa;&lt;p style=&quot;margin-left: 40px;&quot;>•&amp;nbsp;&lt;a href=&quot;http://www.delcity.net/store/Blue-Sea-Systems-Battery-Switches/p_810320&quot;>Battery switches&lt;/a>&amp;nbsp;by&amp;nbsp;Blue Sea Systems®&amp;nbsp;&lt;/p>&#xd;&#xa;&lt;p style=&quot;margin-left: 40px;&quot;>•&amp;nbsp;&lt;a href=&quot;http://www.delcity.net/store/Hella-Solid-State-Relay/p_809798&quot;>Relays&lt;/a>&amp;nbsp;by&amp;nbsp;Hella®&amp;nbsp;&lt;/p>&#xd;&#xa;&lt;p style=&quot;margin-left: 40px;&quot;>•&amp;nbsp;&lt;a href=&quot;http://www.delcity.net/store/Sealed-Mini-Fuse-Panels/p_803796&quot;>Fuse panels&lt;/a>&amp;nbsp;and&amp;nbsp;&lt;a href=&quot;http://www.delcity.net/store/EATON-Marine-Breakers-!--Hi!Amp/p_795454&quot;>circuit breakers&lt;/a>&amp;nbsp;by&amp;nbsp;Cooper Bussmann (EATON)&lt;/p>&#xd;&#xa;&lt;p style=&quot;margin-left: 40px;&quot;>•&amp;nbsp;&lt;a href=&quot;http://www.delcity.net/store/Sealed-Toggle-Switches/p_807270&quot;>Sealed toggle&lt;/a>&amp;nbsp;and&amp;nbsp;&lt;a href=&quot;http://www.delcity.net/store/Sealed-Keyed-Ignition-Switches/p_807663&quot;>ignition switches&lt;/a>&amp;nbsp;by&amp;nbsp;Cole Hersee®3&lt;/p>&#xd;&#xa;&lt;p style=&quot;margin-left: 40px;&quot;>•&amp;nbsp;&lt;a href=&quot;http://www.delcity.net/store/Blue-Sea-Systems-m!LVD-Low-Voltage-Disconnect/p_809084&quot;>L&lt;/a>&lt;a href=&quot;http://www.delcity.net/store/Blue-Sea-Systems-m!LVD-Low-Voltage-Disconnect/p_809084&quot;>ow voltage disconnects&lt;/a>&lt;/p>&#xd;&#xa;&lt;p style=&quot;margin-left: 40px;&quot;>•&amp;nbsp;&lt;a href=&quot;http://www.delcity.net/store/Blue-Sea-Systems-m!ARC-Automatic-Charging-Relay/p_809087&quot;>Automatic charging relays&lt;/a>&lt;/p>&#xd;&#xa;&lt;p>To purchase or learn more about our many IP rated products visit www.delcity.net or call 1.800.654.4757.&lt;/p>&#xd;&#xa;"
                    textIsRich="true"/>
                <text_1966596060
                    jcr:created="{Date}2022-02-21T16:58:54.285+05:30"
                    jcr:createdBy="admin"
                    jcr:lastModified="{Date}2022-02-21T16:59:08.368+05:30"
                    jcr:lastModifiedBy="admin"
                    jcr:primaryType="nt:unstructured"
                    sling:resourceType="delcity/components/content/text"
                    text="&lt;h6 style=&quot;margin-left: 40px;&quot;>Posted in&amp;nbsp;&lt;a href=&quot;https://blog.delcity.net/category/industry-news/&quot;>Industry News&lt;/a>.&lt;/h6>&#xd;&#xa;"
                    textIsRich="true"/>
                <separator
                    jcr:created="{Date}2022-02-18T13:48:50.979+05:30"
                    jcr:createdBy="admin"
                    jcr:lastModified="{Date}2022-02-18T13:48:50.979+05:30"
                    jcr:lastModifiedBy="admin"
                    jcr:primaryType="nt:unstructured"
                    sling:resourceType="ecomm-framework/components/content/separator"/>
                <button_copy
                    jcr:created="{Date}2022-02-18T13:48:58.531+05:30"
                    jcr:createdBy="admin"
                    jcr:lastModified="{Date}2022-02-18T13:51:44.936+05:30"
                    jcr:lastModifiedBy="admin"
                    jcr:primaryType="nt:unstructured"
                    jcr:title=" 9 Tips For Driving in the Snow"
                    sling:resourceType="ecomm-framework/components/content/button"
                    icon="&lt;--- "
                    link="https://blog.delcity.net/9-tips-for-driving-in-the-snow/">
                    <cq:responsive jcr:primaryType="nt:unstructured">
                        <default
                            jcr:primaryType="nt:unstructured"
                            offset="1"
                            width="3"/>
                    </cq:responsive>
                </button_copy>
                <button
                    jcr:created="{Date}2022-02-18T13:48:58.531+05:30"
                    jcr:createdBy="admin"
                    jcr:lastModified="{Date}2022-02-18T13:51:27.933+05:30"
                    jcr:lastModifiedBy="admin"
                    jcr:primaryType="nt:unstructured"
                    jcr:title="Get a Stronger Electrical Connection: Lead-Free… "
                    sling:resourceType="ecomm-framework/components/content/button"
                    icon="---> "
                    link="https://blog.delcity.net/get-a-stronger-electrical-connection-lead-free-solder-terminals-connectors-2/">
                    <cq:responsive jcr:primaryType="nt:unstructured">
                        <default
                            jcr:primaryType="nt:unstructured"
                            offset="3"
                            width="5"/>
                    </cq:responsive>
                </button>
                <text_1636264735_copy
                    jcr:created="{Date}2022-02-24T15:39:12.118+05:30"
                    jcr:createdBy="admin"
                    jcr:lastModified="{Date}2022-02-24T15:39:12.118+05:30"
                    jcr:lastModifiedBy="admin"
                    jcr:primaryType="nt:unstructured"
                    sling:resourceType="delcity/components/content/text">
                    <cq:responsive jcr:primaryType="nt:unstructured">
                        <default
                            jcr:primaryType="nt:unstructured"
                            offset="1"
                            width="11"/>
                    </cq:responsive>
                </text_1636264735_copy>
            </responsivegrid>
        </root>
    </jcr:content>
    <different-systems-of-wire-connectors-their-varying-benefits/>
</jcr:root>
