<?xml version="1.0" encoding="UTF-8"?>
<jcr:root xmlns:sling="http://sling.apache.org/jcr/sling/1.0" xmlns:cq="http://www.day.com/jcr/cq/1.0" xmlns:jcr="http://www.jcp.org/jcr/1.0" xmlns:nt="http://www.jcp.org/jcr/nt/1.0"
    jcr:primaryType="cq:Page">
    <jcr:content
        cq:lastModified="{Date}2022-03-04T07:11:33.268-06:00"
        cq:lastModifiedBy="Praveen.Vatchavayi@mercmarine.com"
        cq:template="/conf/delcity/settings/wcm/templates/delcity-generic-template"
        jcr:primaryType="cq:PageContent"
        jcr:title="Wire 201: Wiring Basics"
        sling:resourceType="delcity/components/structure/page">
        <root
            jcr:primaryType="nt:unstructured"
            sling:resourceType="wcm/foundation/components/responsivegrid">
            <footer
                jcr:created="{Date}2021-06-21T14:21:52.357+05:30"
                jcr:createdBy="admin"
                jcr:lastModified="{Date}2022-02-01T17:04:20.028+05:30"
                jcr:lastModifiedBy="admin"
                jcr:primaryType="nt:unstructured"
                sling:resourceType="delcity/components/structure/footer"
                menutitle1="About Us"
                sendIcon="/content/dam/delcity/images/Icon-send@2x.png">
                <aboutus jcr:primaryType="nt:unstructured">
                    <item0
                        jcr:primaryType="nt:unstructured"
                        pagetitle="About Us"/>
                    <item1
                        jcr:primaryType="nt:unstructured"
                        pagetitle="Contact Us"/>
                    <item2
                        jcr:primaryType="nt:unstructured"
                        pagetitle="FAQs"/>
                </aboutus>
            </footer>
            <responsivegrid
                jcr:created="{Date}2021-06-21T14:21:44.042+05:30"
                jcr:createdBy="admin"
                jcr:lastModified="{Date}2022-02-01T17:04:38.578+05:30"
                jcr:lastModifiedBy="admin"
                jcr:primaryType="nt:unstructured"
                sling:resourceType="wcm/foundation/components/responsivegrid">
                <blogteaser
                    jcr:lastModified="{Date}2022-02-25T15:15:59.559+05:30"
                    jcr:lastModifiedBy="admin"
                    jcr:primaryType="nt:unstructured"
                    sling:resourceType="ecomm-framework/components/content/blogteaser"
                    authoringDate="January 15, 2018"
                    authorName="Kelsey Scherf"
                    blogImage="/content/dam/delcity/images/blogs/image-not-available-image.png"
                    selectBrand="DC"
                    teaserHeader="Wire 201: Wiring Basics">
                    <categoryList jcr:primaryType="nt:unstructured">
                        <item0
                            jcr:primaryType="nt:unstructured"
                            delcitycategories="Wire &amp; Cable"/>
                    </categoryList>
                </blogteaser>
                <responsivegrid
                    jcr:created="{Date}2022-02-22T11:30:24.387+05:30"
                    jcr:createdBy="admin"
                    jcr:lastModified="{Date}2022-02-22T11:30:24.387+05:30"
                    jcr:lastModifiedBy="admin"
                    jcr:primaryType="nt:unstructured"
                    sling:resourceType="wcm/foundation/components/responsivegrid">
                    <cq:responsive jcr:primaryType="nt:unstructured"/>
                    <text
                        jcr:created="{Date}2022-02-22T11:40:56.866+05:30"
                        jcr:createdBy="admin"
                        jcr:lastModified="{Date}2022-02-25T15:16:15.899+05:30"
                        jcr:lastModifiedBy="admin"
                        jcr:primaryType="nt:unstructured"
                        sling:resourceType="delcity/components/content/text"
                        text="&lt;p>Following up on&amp;nbsp;&lt;a href=&quot;http://blog.delcity.net/wire-101-types-of-wire&quot;>&lt;u>Wire 101: Types of Wire&lt;/u>&lt;/a>, Del City is continuing to educate. In this installment, we will go over wiring basics and how they pertain to the electrical world.&lt;/p>&#xd;&#xa;&lt;h3>&lt;b>&amp;nbsp; &amp;nbsp; &amp;nbsp; &amp;nbsp;Standard Wire Colors&lt;/b>&lt;/h3>&#xd;&#xa;&lt;p>Even if your&amp;nbsp;&lt;a href=&quot;https://www.delcity.net/store/Wire-&amp;amp;-Cable/&quot;>&lt;u>wire&lt;/u>&lt;/a>&amp;nbsp;tends to go awry, you don’t have to worry about losing track of all your progress. This chart represents the standard wire colors as recommended by ABYC standards in order to help you keep track of your wire!&lt;/p>&#xd;&#xa;"
                        textIsRich="true"/>
                    <image
                        jcr:created="{Date}2022-02-22T11:42:02.220+05:30"
                        jcr:createdBy="admin"
                        jcr:lastModified="{Date}2022-02-22T11:42:24.881+05:30"
                        jcr:lastModifiedBy="admin"
                        jcr:primaryType="nt:unstructured"
                        sling:resourceType="ecomm-framework/components/content/image"
                        altValueFromDAM="true"
                        displayPopupTitle="true"
                        fileReference="/content/dam/delcity/images/blogs/image-not-available-image.png"
                        isDecorative="false"
                        titleValueFromDAM="true">
                        <cq:responsive jcr:primaryType="nt:unstructured">
                            <default
                                jcr:primaryType="nt:unstructured"
                                offset="1"
                                width="4"/>
                        </cq:responsive>
                    </image>
                    <text_1133995924
                        jcr:created="{Date}2022-02-22T11:44:16.483+05:30"
                        jcr:createdBy="admin"
                        jcr:lastModified="{Date}2022-02-25T15:16:31.661+05:30"
                        jcr:lastModifiedBy="admin"
                        jcr:primaryType="nt:unstructured"
                        sling:resourceType="delcity/components/content/text"
                        text="&lt;h3 style=&quot;text-align: left;&quot;>&lt;b>&amp;nbsp; &amp;nbsp; &amp;nbsp; &amp;nbsp; What size wire do I need?&lt;/b>&lt;/h3>&#xd;&#xa;&lt;p style=&quot;text-align: left;&quot;>AWG stands for American Wire Gauge and is equivalent to simply saying “Gauge” or “GA” in the United States. Del City carries wire as small as 20ga for&lt;u>&amp;nbsp;&lt;a href=&quot;https://www.delcity.net/store/Primary-Wire/p_360&quot;>primary wire&lt;/a>&lt;/u>&amp;nbsp;all the way up to 4/0 for&amp;nbsp;&lt;a href=&quot;https://www.delcity.net/store/Dual-Booster-Cable/p_357.h_181112&quot;>&lt;u>booster cable&lt;/u>&lt;/a>&amp;nbsp;used on batteries. The gauge is measured on the amount/size of the wire strands&amp;nbsp;&lt;i>inside&lt;/i>&amp;nbsp;the jacket. Some wires have thicker insulation that will result in a larger outside diameter.&lt;/p>&#xd;&#xa;&lt;p style=&quot;text-align: left;&quot;>Anyone working in the electrical industry should know when each size of wire should be used, as well as for what applications. The two charts below are to help you visualize the wires and their sizes.&lt;/p>&#xd;&#xa;"
                        textIsRich="true"/>
                    <image_818786084
                        jcr:created="{Date}2022-02-22T11:47:50.883+05:30"
                        jcr:createdBy="admin"
                        jcr:lastModified="{Date}2022-02-22T11:48:25.102+05:30"
                        jcr:lastModifiedBy="admin"
                        jcr:primaryType="nt:unstructured"
                        sling:resourceType="ecomm-framework/components/content/image"
                        altValueFromDAM="true"
                        displayPopupTitle="true"
                        fileReference="/content/dam/delcity/images/blogs/image-not-available-image.png"
                        isDecorative="false"
                        titleValueFromDAM="true">
                        <cq:responsive jcr:primaryType="nt:unstructured">
                            <default
                                jcr:primaryType="nt:unstructured"
                                offset="1"
                                width="4"/>
                        </cq:responsive>
                    </image_818786084>
                    <text_842959920
                        jcr:created="{Date}2022-02-22T11:48:59.643+05:30"
                        jcr:createdBy="admin"
                        jcr:lastModified="{Date}2022-02-25T15:17:20.347+05:30"
                        jcr:lastModifiedBy="admin"
                        jcr:primaryType="nt:unstructured"
                        sling:resourceType="delcity/components/content/text"
                        text="&lt;h3>&lt;b>&amp;nbsp; &amp;nbsp; &amp;nbsp; &amp;nbsp;What does the insulation of a wire do?&lt;/b>&lt;/h3>&#xd;&#xa;&lt;p>As mentioned before, wires come in a variety of sizes. This thicker insulation results in a larger wire. Before going into detail about the purpose of insulation, it is important to know how these wires are marked. This is not as simple as color coding the insulation. Rather, each electrical wire is stamped with a code and numbering. These codes indicate both the type of insulation as well as performance characteristics. If the cable contains multiple wires, the stamp will be found on the outer surface of the cable.&lt;/p>&#xd;&#xa;&lt;p>It is rare to see wire without some kind of insulation. The purpose of the insulation is both practicality and safety. Its main job is to prevent accidental contact with other conductors. If these were to interact, results such as an electrical fire could ensue. The safety of both the location as well as the person involved with the electrical job is increased. The material that insulates the cable will be resistant to electric current to minimize any kind of risk.&lt;/p>&#xd;&#xa;&lt;h3>&lt;b>&amp;nbsp; &amp;nbsp; &amp;nbsp; &amp;nbsp;Why is some wire More flexible than others?&lt;/b>&lt;/h3>&#xd;&#xa;&lt;p>Wire flexibility is influenced by the wire strand size. Wire strand size has the largest impact on overall wire flexibility. As individual wire strand size decreases, wire flexibility increases. Having more small wire will give you a more flexible wire.&lt;/p>&#xd;&#xa;&lt;p>Flexibility van be important for some wiring jobs if stuck in small spaces of difficult to maneuver applications.&lt;/p>&#xd;&#xa;&lt;p>Have more questions? Don’t hesitate to reach out to our Technical Support at&amp;nbsp;&lt;b>1.800.654.4757&lt;/b>&amp;nbsp;and they will be happy to help you out! Also check out our other posts in this series,&amp;nbsp;&lt;u>&lt;a href=&quot;http://blog.delcity.net/wire-101-types-of-wire&quot;>Wire 101&lt;/a>&amp;nbsp;&lt;/u>and&amp;nbsp;&lt;u>&lt;a href=&quot;https://blog.delcity.net/a-guide-to-cross-link-wire/&quot;>A Guide to Cross-Link Wire&lt;/a>&amp;nbsp;&lt;/u>to learn even more!&lt;/p>&#xd;&#xa;&lt;p>&amp;nbsp;&lt;/p>&#xd;&#xa;&lt;h6>&amp;nbsp; &amp;nbsp; &amp;nbsp;&amp;nbsp;&amp;nbsp;&amp;nbsp;&amp;nbsp;&amp;nbsp;&amp;nbsp;&amp;nbsp;&amp;nbsp;Posted in&amp;nbsp;&lt;a href=&quot;https://blog.delcity.net/category/wire-cable/&quot;>&lt;u>Wire &amp;amp; Cable&lt;/u>&lt;/a>.&lt;/h6>&#xd;&#xa;"
                        textIsRich="true"/>
                    <separator
                        jcr:created="{Date}2022-02-22T12:09:11.260+05:30"
                        jcr:createdBy="admin"
                        jcr:lastModified="{Date}2022-02-22T12:09:11.260+05:30"
                        jcr:lastModifiedBy="admin"
                        jcr:primaryType="nt:unstructured"
                        sling:resourceType="ecomm-framework/components/content/separator"/>
                    <button
                        jcr:created="{Date}2022-02-22T11:52:26.328+05:30"
                        jcr:createdBy="admin"
                        jcr:lastModified="{Date}2022-02-22T12:06:22.474+05:30"
                        jcr:lastModifiedBy="admin"
                        jcr:primaryType="nt:unstructured"
                        jcr:title="A Guide To Cross-Link Wire"
                        sling:resourceType="ecomm-framework/components/content/button"
                        link="https://blog.delcity.net/a-guide-to-cross-link-wire/">
                        <cq:responsive jcr:primaryType="nt:unstructured">
                            <default
                                jcr:primaryType="nt:unstructured"
                                offset="1"
                                width="2"/>
                        </cq:responsive>
                    </button>
                    <button_938914514
                        jcr:created="{Date}2022-02-22T11:52:37.899+05:30"
                        jcr:createdBy="admin"
                        jcr:lastModified="{Date}2022-02-22T12:08:44.639+05:30"
                        jcr:lastModifiedBy="admin"
                        jcr:primaryType="nt:unstructured"
                        jcr:title="Del City Celebrates 70 Years of Business"
                        sling:resourceType="ecomm-framework/components/content/button"
                        link="https://blog.delcity.net/del-city-celebrates-70-years-of-business/">
                        <cq:responsive jcr:primaryType="nt:unstructured">
                            <default
                                jcr:primaryType="nt:unstructured"
                                offset="5"
                                width="3"/>
                        </cq:responsive>
                    </button_938914514>
                    <text_785826964
                        jcr:created="{Date}2022-02-22T12:09:02.851+05:30"
                        jcr:createdBy="admin"
                        jcr:lastModified="{Date}2022-02-22T12:09:02.851+05:30"
                        jcr:lastModifiedBy="admin"
                        jcr:primaryType="nt:unstructured"
                        sling:resourceType="delcity/components/content/text"/>
                </responsivegrid>
            </responsivegrid>
        </root>
    </jcr:content>
</jcr:root>
