<?xml version="1.0" encoding="UTF-8"?>
<jcr:root xmlns:sling="http://sling.apache.org/jcr/sling/1.0" xmlns:cq="http://www.day.com/jcr/cq/1.0" xmlns:jcr="http://www.jcp.org/jcr/1.0" xmlns:nt="http://www.jcp.org/jcr/nt/1.0"
    jcr:primaryType="cq:Page">
    <jcr:content
        cq:lastModified="{Date}2022-03-08T03:09:24.365-06:00"
        cq:lastModifiedBy="Abin.Saju@mercmarine.com"
        cq:template="/conf/delcity/settings/wcm/templates/delcity-generic-template"
        jcr:primaryType="cq:PageContent"
        jcr:title="What Is Primary Wire?"
        sling:resourceType="delcity/components/structure/page">
        <root
            jcr:primaryType="nt:unstructured"
            sling:resourceType="wcm/foundation/components/responsivegrid">
            <footer
                jcr:created="{Date}2021-06-21T14:21:52.357+05:30"
                jcr:createdBy="admin"
                jcr:lastModified="{Date}2022-02-01T17:04:20.028+05:30"
                jcr:lastModifiedBy="admin"
                jcr:primaryType="nt:unstructured"
                sling:resourceType="delcity/components/structure/footer"
                menutitle1="About Us"
                sendIcon="/content/dam/delcity/images/Icon-send@2x.png">
                <aboutus jcr:primaryType="nt:unstructured">
                    <item0
                        jcr:primaryType="nt:unstructured"
                        pagetitle="About Us"/>
                    <item1
                        jcr:primaryType="nt:unstructured"
                        pagetitle="Contact Us"/>
                    <item2
                        jcr:primaryType="nt:unstructured"
                        pagetitle="FAQs"/>
                </aboutus>
            </footer>
            <responsivegrid
                jcr:created="{Date}2021-06-21T14:21:44.042+05:30"
                jcr:createdBy="admin"
                jcr:lastModified="{Date}2022-02-01T17:04:38.578+05:30"
                jcr:lastModifiedBy="admin"
                jcr:primaryType="nt:unstructured"
                sling:resourceType="wcm/foundation/components/responsivegrid">
                <blogteaser_copy
                    jcr:created="{Date}2022-02-23T15:55:01.820+05:30"
                    jcr:createdBy="admin"
                    jcr:lastModified="{Date}2022-03-08T03:09:10.421-06:00"
                    jcr:lastModifiedBy="Abin.Saju@mercmarine.com"
                    jcr:primaryType="nt:unstructured"
                    sling:resourceType="ecomm-framework/components/content/blogteaser"
                    authoringDate="July 28, 2016"
                    authorName="Kelsey Scherf"
                    blogImage="/content/dam/delcity/images/blogs/image-not-available-image.png"
                    selectBrand="DC"
                    teaserHeader="What Is Primary Wire?">
                    <cq:responsive jcr:primaryType="nt:unstructured">
                        <default
                            jcr:primaryType="nt:unstructured"
                            offset="0"
                            width="12"/>
                    </cq:responsive>
                    <categoryList jcr:primaryType="nt:unstructured">
                        <item0
                            jcr:primaryType="nt:unstructured"
                            delcitycategories="Wire &amp; Cable"/>
                    </categoryList>
                </blogteaser_copy>
                <responsivegrid
                    jcr:created="{Date}2022-02-25T07:58:57.390+05:30"
                    jcr:createdBy="admin"
                    jcr:lastModified="{Date}2022-02-25T07:58:57.390+05:30"
                    jcr:lastModifiedBy="admin"
                    jcr:primaryType="nt:unstructured"
                    sling:resourceType="wcm/foundation/components/responsivegrid">
                    <cq:responsive jcr:primaryType="nt:unstructured"/>
                    <image_copy
                        jcr:created="{Date}2022-02-23T16:18:06.552+05:30"
                        jcr:createdBy="admin"
                        jcr:lastModified="{Date}2022-02-23T16:18:11.585+05:30"
                        jcr:lastModifiedBy="admin"
                        jcr:primaryType="nt:unstructured"
                        sling:resourceType="ecomm-framework/components/content/image"
                        altValueFromDAM="true"
                        displayPopupTitle="true"
                        fileReference="/content/dam/delcity/images/blogs/image-not-available-image.png"
                        isDecorative="false"
                        titleValueFromDAM="true">
                        <cq:responsive jcr:primaryType="nt:unstructured">
                            <default
                                jcr:primaryType="nt:unstructured"
                                offset="4"
                                width="4"/>
                        </cq:responsive>
                    </image_copy>
                    <text_copy_copy
                        jcr:created="{Date}2022-02-23T16:17:50.335+05:30"
                        jcr:createdBy="admin"
                        jcr:lastModified="{Date}2022-03-08T03:09:24.356-06:00"
                        jcr:lastModifiedBy="Abin.Saju@mercmarine.com"
                        jcr:primaryType="nt:unstructured"
                        sling:resourceType="delcity/components/content/text"
                        text="&lt;p>What is&amp;nbsp;&lt;a href=&quot;https://www.delcity.net/store/Primary-Wire/p_360&quot;>primary wire&amp;nbsp;&lt;/a>after all? Often times when working on electrical builds, you’ll hear “primary wire” or “GPT wire” thrown around quite a bit. So, why is that?i Primary wire is one of the most common types of wire to use in electrical builds – specifically in automotive or DC applications.&lt;/p>&#xa;&lt;p>With a PVC insulation, primary wire has&amp;nbsp;a smooth surface which makes installation a cinch. Plus, with&amp;nbsp;how versatile it is, it’s great wire to have on hand and stocked in the shop – from&amp;nbsp;&lt;a href=&quot;https://www.delcity.net/store/Thrifty-Spools/p_181405&quot;>thrifty spools&lt;/a>&amp;nbsp;to&amp;nbsp;&lt;a href=&quot;https://www.delcity.net/store/Primary-Wire/p_360&quot;>bulk spools&lt;/a>&amp;nbsp;you are sure to find the amount that is right for you!&lt;/p>&#xa;&lt;p>Need to know more? Download our “What Is Primary Wire?”&amp;nbsp;&lt;a href=&quot;http://blog.delcity.net/wp-content/uploads/2019/05/What-is-primary-wire_CTA-PDF.pdf&quot;>infographic&lt;/a>&amp;nbsp;below!&lt;/p>&#xa;"
                        textIsRich="true">
                        <cq:responsive jcr:primaryType="nt:unstructured">
                            <default
                                jcr:primaryType="nt:unstructured"
                                offset="0"
                                width="11"/>
                        </cq:responsive>
                    </text_copy_copy>
                    <image_copy_771360288
                        jcr:created="{Date}2022-02-23T16:18:06.552+05:30"
                        jcr:createdBy="admin"
                        jcr:lastModified="{Date}2022-02-25T08:01:45.725+05:30"
                        jcr:lastModifiedBy="admin"
                        jcr:primaryType="nt:unstructured"
                        sling:resourceType="ecomm-framework/components/content/image"
                        altValueFromDAM="true"
                        displayPopupTitle="true"
                        fileReference="/content/dam/delcity/images/blogs/PrimaryWire-300x198.png"
                        isDecorative="false"
                        titleValueFromDAM="true">
                        <cq:responsive jcr:primaryType="nt:unstructured">
                            <default
                                jcr:primaryType="nt:unstructured"
                                offset="4"
                                width="4"/>
                        </cq:responsive>
                    </image_copy_771360288>
                    <text
                        jcr:created="{Date}2022-02-25T08:02:56.016+05:30"
                        jcr:createdBy="admin"
                        jcr:lastModified="{Date}2022-02-25T08:04:00.162+05:30"
                        jcr:lastModifiedBy="admin"
                        jcr:primaryType="nt:unstructured"
                        sling:resourceType="delcity/components/content/text"
                        text="&lt;p style=&quot;margin-left: 120.0px;&quot;>&amp;nbsp; &amp;nbsp; &amp;nbsp; &amp;nbsp; &amp;nbsp; &amp;nbsp; &amp;nbsp; &amp;nbsp; &amp;nbsp; &amp;nbsp; &amp;nbsp; &amp;nbsp; &amp;nbsp; &amp;nbsp; &amp;nbsp; &amp;nbsp; &amp;nbsp; &amp;nbsp; &amp;nbsp; &amp;nbsp; &amp;nbsp; &amp;nbsp; &amp;nbsp; &amp;nbsp; &amp;nbsp; &amp;nbsp; &amp;nbsp; &amp;nbsp; &amp;nbsp; &amp;nbsp; &amp;nbsp;&amp;nbsp;&lt;a href=&quot;http://blog.delcity.net/wp-content/uploads/2019/05/What-is-primary-wire_CTA-PDF.pdf&quot;>Download Primary Wire Infographic&lt;/a>&lt;/p>&#xd;&#xa;"
                        textIsRich="true">
                        <cq:responsive jcr:primaryType="nt:unstructured">
                            <default
                                jcr:primaryType="nt:unstructured"
                                offset="0"
                                width="11"/>
                        </cq:responsive>
                    </text>
                    <text_copy_copy_copy
                        jcr:created="{Date}2022-02-23T16:17:50.335+05:30"
                        jcr:createdBy="admin"
                        jcr:lastModified="{Date}2022-02-25T08:05:27.500+05:30"
                        jcr:lastModifiedBy="admin"
                        jcr:primaryType="nt:unstructured"
                        sling:resourceType="delcity/components/content/text"
                        text="&lt;p>What to read more of our content about wire? Check out&amp;nbsp;&lt;a href=&quot;https://blog.delcity.net/wire-101-types-of-wire&quot;>Wire 101&lt;/a>&amp;nbsp;and&amp;nbsp;&lt;a href=&quot;https://blog.delcity.net/wire-201-wiring-basics&quot;>Wire 201&lt;/a>!&amp;nbsp;Ready to start wiring, and still have questions?&amp;nbsp;Give us a call at 1.800.654.4757! For more content on industry happenings and how-to articles, check out our blog&amp;nbsp;&lt;a href=&quot;https://blog.delcity.net/&quot;>here!&lt;/a>&lt;/p>&#xd;&#xa;"
                        textIsRich="true">
                        <cq:responsive jcr:primaryType="nt:unstructured">
                            <default
                                jcr:primaryType="nt:unstructured"
                                offset="0"
                                width="11"/>
                        </cq:responsive>
                    </text_copy_copy_copy>
                    <text_2008467253
                        jcr:created="{Date}2022-02-25T08:06:40.583+05:30"
                        jcr:createdBy="admin"
                        jcr:lastModified="{Date}2022-02-25T08:06:57.583+05:30"
                        jcr:lastModifiedBy="admin"
                        jcr:primaryType="nt:unstructured"
                        sling:resourceType="delcity/components/content/text"
                        text="&lt;h6>Posted in&amp;nbsp;&lt;a href=&quot;https://blog.delcity.net/category/wire-cable/&quot;>Wire &amp;amp; Cable&lt;/a>.&lt;/h6>&#xd;&#xa;"
                        textIsRich="true">
                        <cq:responsive jcr:primaryType="nt:unstructured">
                            <default
                                jcr:primaryType="nt:unstructured"
                                offset="0"
                                width="10"/>
                        </cq:responsive>
                    </text_2008467253>
                    <separator
                        jcr:created="{Date}2022-02-25T08:07:52.400+05:30"
                        jcr:createdBy="admin"
                        jcr:lastModified="{Date}2022-02-25T08:07:52.400+05:30"
                        jcr:lastModifiedBy="admin"
                        jcr:primaryType="nt:unstructured"
                        sling:resourceType="ecomm-framework/components/content/separator">
                        <cq:responsive jcr:primaryType="nt:unstructured">
                            <default
                                jcr:primaryType="nt:unstructured"
                                offset="0"
                                width="12"/>
                        </cq:responsive>
                    </separator>
                    <button_copy
                        jcr:created="{Date}2022-02-23T16:27:11.256+05:30"
                        jcr:createdBy="admin"
                        jcr:lastModified="{Date}2022-02-25T08:11:21.541+05:30"
                        jcr:lastModifiedBy="admin"
                        jcr:primaryType="nt:unstructured"
                        jcr:title=" Self-Cutting Cable Ties"
                        sling:resourceType="ecomm-framework/components/content/button"
                        icon="&lt;---"
                        link="https://blog.delcity.net/self-cutting-cable-ties-2/">
                        <cq:responsive jcr:primaryType="nt:unstructured">
                            <default
                                jcr:primaryType="nt:unstructured"
                                offset="1"
                                width="3"/>
                        </cq:responsive>
                    </button_copy>
                    <button_copy_copy
                        jcr:created="{Date}2022-02-23T16:27:11.256+05:30"
                        jcr:createdBy="admin"
                        jcr:lastModified="{Date}2022-02-25T08:12:23.186+05:30"
                        jcr:lastModifiedBy="admin"
                        jcr:primaryType="nt:unstructured"
                        jcr:title="What are Single Pole Electrical… "
                        sling:resourceType="ecomm-framework/components/content/button"
                        icon="--->"
                        link="https://blog.delcity.net/what-are-single-pole-electrical-switches-and-double-pole-electrical-switches-2/">
                        <cq:responsive jcr:primaryType="nt:unstructured">
                            <default
                                jcr:primaryType="nt:unstructured"
                                offset="4"
                                width="3"/>
                        </cq:responsive>
                    </button_copy_copy>
                </responsivegrid>
            </responsivegrid>
        </root>
    </jcr:content>
</jcr:root>
