<?xml version="1.0" encoding="UTF-8"?>
<jcr:root xmlns:sling="http://sling.apache.org/jcr/sling/1.0" xmlns:cq="http://www.day.com/jcr/cq/1.0" xmlns:jcr="http://www.jcp.org/jcr/1.0" xmlns:nt="http://www.jcp.org/jcr/nt/1.0"
    jcr:primaryType="cq:Page">
    <jcr:content
        cq:lastModified="{Date}2022-03-04T07:06:07.506-06:00"
        cq:lastModifiedBy="Anagha.Dwajan@mercmarine.com"
        cq:template="/conf/delcity/settings/wcm/templates/delcity-generic-template"
        jcr:primaryType="cq:PageContent"
        jcr:title="How To Use A Ratchet Crimp Tool"
        sling:resourceType="delcity/components/structure/page">
        <root
            jcr:primaryType="nt:unstructured"
            sling:resourceType="wcm/foundation/components/responsivegrid">
            <footer
                jcr:created="{Date}2021-06-21T14:21:52.357+05:30"
                jcr:createdBy="admin"
                jcr:lastModified="{Date}2022-02-01T17:04:20.028+05:30"
                jcr:lastModifiedBy="admin"
                jcr:primaryType="nt:unstructured"
                sling:resourceType="delcity/components/structure/footer"
                menutitle1="About Us"
                sendIcon="/content/dam/delcity/images/Icon-send@2x.png">
                <aboutus jcr:primaryType="nt:unstructured">
                    <item0
                        jcr:primaryType="nt:unstructured"
                        pagetitle="About Us"/>
                    <item1
                        jcr:primaryType="nt:unstructured"
                        pagetitle="Contact Us"/>
                    <item2
                        jcr:primaryType="nt:unstructured"
                        pagetitle="FAQs"/>
                </aboutus>
            </footer>
            <responsivegrid
                jcr:created="{Date}2021-06-21T14:21:44.042+05:30"
                jcr:createdBy="admin"
                jcr:lastModified="{Date}2022-02-01T17:04:38.578+05:30"
                jcr:lastModifiedBy="admin"
                jcr:primaryType="nt:unstructured"
                sling:resourceType="wcm/foundation/components/responsivegrid">
                <blogteaser
                    jcr:created="{Date}2022-02-21T10:10:13.085+05:30"
                    jcr:createdBy="admin"
                    jcr:lastModified="{Date}2022-03-04T07:06:07.496-06:00"
                    jcr:lastModifiedBy="Anagha.Dwajan@mercmarine.com"
                    jcr:primaryType="nt:unstructured"
                    sling:resourceType="ecomm-framework/components/content/blogteaser"
                    authoringDate="August 22, 2016"
                    authorName="Kelsey Scherf"
                    blogImage="/content/dam/delcity/images/blogs/image-not-available-image.png"
                    selectBrand="DC"
                    teaserHeader="How To Use A Ratchet Crimp Tool">
                    <categoryList jcr:primaryType="nt:unstructured">
                        <item0
                            jcr:primaryType="nt:unstructured"
                            delcitycategories="Hand Tools &amp; Testers"/>
                        <item1
                            jcr:primaryType="nt:unstructured"
                            delcitycategories="How-To"/>
                    </categoryList>
                </blogteaser>
                <responsivegrid
                    jcr:created="{Date}2022-02-21T10:09:38.997+05:30"
                    jcr:createdBy="admin"
                    jcr:lastModified="{Date}2022-02-21T10:09:38.997+05:30"
                    jcr:lastModifiedBy="admin"
                    jcr:primaryType="nt:unstructured"
                    sling:resourceType="wcm/foundation/components/responsivegrid">
                    <cq:responsive jcr:primaryType="nt:unstructured"/>
                    <responsivegrid
                        jcr:created="{Date}2022-02-21T10:09:45.909+05:30"
                        jcr:createdBy="admin"
                        jcr:lastModified="{Date}2022-02-21T10:09:45.909+05:30"
                        jcr:lastModifiedBy="admin"
                        jcr:primaryType="nt:unstructured"
                        sling:resourceType="wcm/foundation/components/responsivegrid">
                        <cq:responsive jcr:primaryType="nt:unstructured"/>
                        <text
                            jcr:created="{Date}2022-02-21T10:12:36.083+05:30"
                            jcr:createdBy="admin"
                            jcr:lastModified="{Date}2022-02-21T10:12:45.906+05:30"
                            jcr:lastModifiedBy="admin"
                            jcr:primaryType="nt:unstructured"
                            sling:resourceType="delcity/components/content/text"
                            text="&lt;p>Getting a consistent and quality crimp every time can be tough, but using a&amp;nbsp;&lt;a href=&quot;http://www.delcity.net/store/Ratchet!Style-Crimping-Tools/p_10382&quot;>ratchet crimp tool&lt;/a>&amp;nbsp;can help! In the demonstration below, a&amp;nbsp;&lt;a href=&quot;http://www.delcity.net/store/Double-Insulated-Terminal-Crimp-Tool/p_665741.h_666156.t_1&quot;>double ratchet crimp tool&lt;/a>&amp;nbsp;is being used, which provides even better connection protection.&lt;/p>&#xd;&#xa;&lt;p>Watch and learn!&lt;/p>&#xd;&#xa;"
                            textIsRich="true">
                            <cq:responsive jcr:primaryType="nt:unstructured">
                                <default
                                    jcr:primaryType="nt:unstructured"
                                    offset="0"
                                    width="11"/>
                            </cq:responsive>
                        </text>
                        <embed
                            jcr:created="{Date}2022-02-21T10:14:00.400+05:30"
                            jcr:createdBy="admin"
                            jcr:lastModified="{Date}2022-02-21T10:21:51.120+05:30"
                            jcr:lastModifiedBy="admin"
                            jcr:primaryType="nt:unstructured"
                            sling:resourceType="ecomm-framework/components/content/embed"
                            html="&lt;iframe width=&quot;425&quot; height=&quot;350&quot; src=&quot;https://www.youtube.com/embed/xgReOtQhdo8&quot; title=&quot;YouTube video player&quot; frameborder=&quot;0&quot; allow=&quot;accelerometer; autoplay; clipboard-write; encrypted-media; gyroscope; picture-in-picture&quot; allowfullscreen>&lt;/iframe>"
                            type="html"
                            url="https://youtu.be/xgReOtQhdo8">
                            <cq:responsive jcr:primaryType="nt:unstructured">
                                <default
                                    jcr:primaryType="nt:unstructured"
                                    offset="3"
                                    width="4"/>
                            </cq:responsive>
                        </embed>
                        <text_580713406
                            jcr:created="{Date}2022-02-21T10:15:56.064+05:30"
                            jcr:createdBy="admin"
                            jcr:lastModified="{Date}2022-02-21T15:34:26.573+05:30"
                            jcr:lastModifiedBy="admin"
                            jcr:primaryType="nt:unstructured"
                            sling:resourceType="delcity/components/content/text"
                            text="&lt;p>Still have questions? Give our Technical Support a call at 1.800.654.4757.&lt;/p>&#xd;&#xa;"
                            textIsRich="true">
                            <cq:responsive jcr:primaryType="nt:unstructured">
                                <default
                                    jcr:primaryType="nt:unstructured"
                                    offset="0"
                                    width="11"/>
                            </cq:responsive>
                        </text_580713406>
                        <generic_text
                            jcr:created="{Date}2022-02-21T15:39:22.400+05:30"
                            jcr:createdBy="admin"
                            jcr:lastModified="{Date}2022-02-21T15:42:02.656+05:30"
                            jcr:lastModifiedBy="admin"
                            jcr:primaryType="nt:unstructured"
                            sling:resourceType="acs-commons/components/content/generic-text"
                            text="&lt;p>&amp;nbsp; &amp;nbsp; &amp;nbsp; &amp;nbsp; &amp;nbsp; &amp;nbsp; &amp;nbsp; &amp;nbsp; &amp;nbsp; &amp;nbsp; &amp;nbsp; &amp;nbsp; &amp;nbsp; &amp;nbsp; &amp;nbsp;Posted in&amp;nbsp;&lt;a href=&quot;https://blog.delcity.net/category/hand-tools-testers/&quot;>Hand Tools &amp;amp; Testers&lt;/a>,&amp;nbsp;&lt;a href=&quot;https://blog.delcity.net/category/how-to/&quot;>How To&lt;/a>.&lt;/p>&#xa;"
                            textIsRich="true"/>
                        <separator
                            jcr:created="{Date}2022-02-21T10:16:41.091+05:30"
                            jcr:createdBy="admin"
                            jcr:lastModified="{Date}2022-02-21T10:16:41.091+05:30"
                            jcr:lastModifiedBy="admin"
                            jcr:primaryType="nt:unstructured"
                            sling:resourceType="ecomm-framework/components/content/separator"/>
                        <button
                            jcr:created="{Date}2022-02-21T10:16:51.385+05:30"
                            jcr:createdBy="admin"
                            jcr:lastModified="{Date}2022-02-21T10:17:47.842+05:30"
                            jcr:lastModifiedBy="admin"
                            jcr:primaryType="nt:unstructured"
                            jcr:title=" Relay Wiring Diagram: What’s In…"
                            sling:resourceType="ecomm-framework/components/content/button"
                            icon="&lt;---"
                            link="https://blog.delcity.net/relay-wiring-diagram-whats-in-a-relay/">
                            <cq:responsive jcr:primaryType="nt:unstructured">
                                <default
                                    jcr:primaryType="nt:unstructured"
                                    offset="1"
                                    width="3"/>
                            </cq:responsive>
                        </button>
                        <button_994738090
                            jcr:created="{Date}2022-02-21T10:17:56.514+05:30"
                            jcr:createdBy="admin"
                            jcr:lastModified="{Date}2022-02-21T10:18:30.332+05:30"
                            jcr:lastModifiedBy="admin"
                            jcr:primaryType="nt:unstructured"
                            jcr:title="4 Tips For Choosing Wire Loom "
                            sling:resourceType="ecomm-framework/components/content/button"
                            icon="--->"
                            link="https://blog.delcity.net/4-tips-for-choosing-wire-loom/">
                            <cq:responsive jcr:primaryType="nt:unstructured">
                                <default
                                    jcr:primaryType="nt:unstructured"
                                    offset="4"
                                    width="3"/>
                            </cq:responsive>
                        </button_994738090>
                    </responsivegrid>
                </responsivegrid>
            </responsivegrid>
        </root>
    </jcr:content>
</jcr:root>
