<?xml version="1.0" encoding="UTF-8"?>
<jcr:root xmlns:sling="http://sling.apache.org/jcr/sling/1.0" xmlns:cq="http://www.day.com/jcr/cq/1.0" xmlns:jcr="http://www.jcp.org/jcr/1.0" xmlns:nt="http://www.jcp.org/jcr/nt/1.0"
    jcr:primaryType="cq:Page">
    <jcr:content
        cq:lastModified="{Date}2022-03-04T05:09:10.700-06:00"
        cq:lastModifiedBy="Anagha.Dwajan@mercmarine.com"
        cq:template="/conf/delcity/settings/wcm/templates/delcity-generic-template"
        jcr:primaryType="cq:PageContent"
        jcr:title="How To Use Rennsteig Compact Cable Cutter D15"
        sling:resourceType="delcity/components/structure/page">
        <root
            jcr:primaryType="nt:unstructured"
            sling:resourceType="wcm/foundation/components/responsivegrid">
            <footer
                jcr:created="{Date}2021-06-21T14:21:52.357+05:30"
                jcr:createdBy="admin"
                jcr:lastModified="{Date}2022-02-01T17:04:20.028+05:30"
                jcr:lastModifiedBy="admin"
                jcr:primaryType="nt:unstructured"
                sling:resourceType="delcity/components/structure/footer"
                menutitle1="About Us"
                sendIcon="/content/dam/delcity/images/Icon-send@2x.png">
                <aboutus jcr:primaryType="nt:unstructured">
                    <item0
                        jcr:primaryType="nt:unstructured"
                        pagetitle="About Us"/>
                    <item1
                        jcr:primaryType="nt:unstructured"
                        pagetitle="Contact Us"/>
                    <item2
                        jcr:primaryType="nt:unstructured"
                        pagetitle="FAQs"/>
                </aboutus>
            </footer>
            <responsivegrid
                jcr:created="{Date}2021-06-21T14:21:44.042+05:30"
                jcr:createdBy="admin"
                jcr:lastModified="{Date}2022-02-01T17:04:38.578+05:30"
                jcr:lastModifiedBy="admin"
                jcr:primaryType="nt:unstructured"
                sling:resourceType="wcm/foundation/components/responsivegrid">
                <blogteaser
                    jcr:created="{Date}2022-02-21T12:24:01.989+05:30"
                    jcr:createdBy="admin"
                    jcr:lastModified="{Date}2022-03-04T05:09:10.690-06:00"
                    jcr:lastModifiedBy="Anagha.Dwajan@mercmarine.com"
                    jcr:primaryType="nt:unstructured"
                    sling:resourceType="ecomm-framework/components/content/blogteaser"
                    authoringDate="March 12, 2018"
                    authorName="Kelsey Scherf"
                    blogImage="/content/dam/delcity/images/blogs/image-not-available-image.png"
                    selectBrand="DC"
                    teaserHeader="How To Use Rennsteig Compact Cable Cutter D15">
                    <categoryList jcr:primaryType="nt:unstructured">
                        <item0
                            jcr:primaryType="nt:unstructured"
                            delcitycategories="Battery Cables &amp; Accessories"/>
                        <item1
                            jcr:primaryType="nt:unstructured"
                            delcitycategories="Hand Tools &amp; Testers"/>
                        <item2
                            jcr:primaryType="nt:unstructured"
                            delcitycategories="How-To"/>
                    </categoryList>
                </blogteaser>
                <text
                    jcr:created="{Date}2022-02-21T18:17:03.424+05:30"
                    jcr:createdBy="admin"
                    jcr:lastModified="{Date}2022-02-21T18:17:03.424+05:30"
                    jcr:lastModifiedBy="admin"
                    jcr:primaryType="nt:unstructured"
                    sling:resourceType="delcity/components/content/text"/>
                <responsivegrid
                    jcr:created="{Date}2022-02-21T12:23:47.373+05:30"
                    jcr:createdBy="admin"
                    jcr:lastModified="{Date}2022-02-21T12:23:47.373+05:30"
                    jcr:lastModifiedBy="admin"
                    jcr:primaryType="nt:unstructured"
                    sling:resourceType="wcm/foundation/components/responsivegrid">
                    <cq:responsive jcr:primaryType="nt:unstructured"/>
                    <text
                        jcr:created="{Date}2022-02-21T12:29:22.604+05:30"
                        jcr:createdBy="admin"
                        jcr:lastModified="{Date}2022-02-25T12:37:52.437+05:30"
                        jcr:lastModifiedBy="admin"
                        jcr:primaryType="nt:unstructured"
                        sling:resourceType="delcity/components/content/text"
                        text="&lt;p style=&quot;text-align: left;&quot;>&lt;a href=&quot;https://www.delcity.net/store/Rennsteig-Hand-Tools/p_901032&quot;>&lt;u>Rennsteig tools&lt;/u>&lt;/a>&amp;nbsp;tools provide quality and versatility for your specific application. This video highlights the&amp;nbsp;&lt;a href=&quot;https://www.delcity.net/store/Rennsteig-Wire-&amp;amp;-Cable-Cutters/p_901097&quot;>&lt;u>Rennsteig Cable Cutter&lt;/u>&lt;/a>&amp;nbsp;and its strength. It creates a smooth, clean cut every time with minimal effort. For comparison, we have compared the Rennsteig cutter to “other” brand to show the strength! See the links below the video for more Rennsteig videos!&lt;/p>&#xd;&#xa;"
                        textIsRich="true">
                        <cq:responsive jcr:primaryType="nt:unstructured">
                            <default
                                jcr:primaryType="nt:unstructured"
                                offset="0"
                                width="12"/>
                        </cq:responsive>
                    </text>
                    <embed
                        jcr:created="{Date}2022-02-21T12:32:04.948+05:30"
                        jcr:createdBy="admin"
                        jcr:lastModified="{Date}2022-02-21T12:32:29.444+05:30"
                        jcr:lastModifiedBy="admin"
                        jcr:primaryType="nt:unstructured"
                        sling:resourceType="ecomm-framework/components/content/embed"
                        html="&lt;iframe width=&quot;560&quot; height=&quot;314&quot; src=&quot;https://www.youtube.com/embed/X8BfC-6wP-8&quot; title=&quot;YouTube video player&quot; frameborder=&quot;0&quot; allow=&quot;accelerometer; autoplay; clipboard-write; encrypted-media; gyroscope; picture-in-picture&quot; allowfullscreen>&lt;/iframe>"
                        type="html">
                        <cq:responsive jcr:primaryType="nt:unstructured">
                            <default
                                jcr:primaryType="nt:unstructured"
                                offset="2"
                                width="10"/>
                        </cq:responsive>
                    </embed>
                    <text_781854568
                        jcr:created="{Date}2022-02-21T12:39:23.171+05:30"
                        jcr:createdBy="admin"
                        jcr:lastModified="{Date}2022-02-28T15:24:39.077+05:30"
                        jcr:lastModifiedBy="admin"
                        jcr:primaryType="nt:unstructured"
                        sling:resourceType="delcity/components/content/text"
                        text="&lt;p>See our other videos displaying Rennsteig tools and their benefits:&amp;nbsp;&lt;u>&lt;a href=&quot;https://blog.delcity.net/how-to-use-rennsteig-pew12-crimp-tool-system-metri-pack/&quot;>How To Use Rennsteig PEW12 Crimp Tool System Metri-Pack&lt;/a>,&lt;/u>&amp;nbsp;&lt;a href=&quot;https://blog.delcity.net/how-to-use-rennsteig-multistrip-10-wire-stripper/&quot;>&lt;u>How To Use Rennsteig MultiStrip 10 Wire Stripper&lt;/u>&lt;/a>,&lt;u>&amp;nbsp;&lt;a href=&quot;https://blog.delcity.net/how-to-use-rennsteig-pew12-crimp-tool-system-weather-pack/&quot;>How To Use Rennsteig PEW12 Crimp Tool System Weather Pack&lt;/a>&lt;/u>. To see more of our other content, click&lt;u>&amp;nbsp;&lt;a href=&quot;https://blog.delcity.net/&quot;>here!&lt;/a>&lt;/u>&lt;/p>&#xd;&#xa;&lt;p>&amp;nbsp;&lt;/p>&#xd;&#xa;&lt;h6>&amp;nbsp; &amp;nbsp; &amp;nbsp;&amp;nbsp;&amp;nbsp;&amp;nbsp;&amp;nbsp;&amp;nbsp;&amp;nbsp;&amp;nbsp;&amp;nbsp;Posted in&lt;u>&amp;nbsp;&lt;a href=&quot;https://blog.delcity.net/category/battery-cables-accessories/&quot;>Battery Cables &amp;amp; Accessories&lt;/a>,&lt;/u>&amp;nbsp;&lt;a href=&quot;https://blog.delcity.net/category/hand-tools-testers/&quot;>&lt;u>Hand Tools &amp;amp; Testers&lt;/u>&lt;/a>&lt;u>,&lt;/u>&amp;nbsp;&lt;a href=&quot;https://blog.delcity.net/category/how-to/&quot;>&lt;u>How To&lt;/u>&lt;/a>.&lt;/h6>&#xd;&#xa;"
                        textIsRich="true"/>
                    <separator
                        jcr:created="{Date}2022-02-21T12:53:28.692+05:30"
                        jcr:createdBy="admin"
                        jcr:lastModified="{Date}2022-02-21T12:53:28.692+05:30"
                        jcr:lastModifiedBy="admin"
                        jcr:primaryType="nt:unstructured"
                        sling:resourceType="ecomm-framework/components/content/separator"/>
                    <button
                        jcr:created="{Date}2022-02-21T12:44:10.068+05:30"
                        jcr:createdBy="admin"
                        jcr:lastModified="{Date}2022-02-21T12:47:48.797+05:30"
                        jcr:lastModifiedBy="admin"
                        jcr:primaryType="nt:unstructured"
                        jcr:title="How To Change Dies For The Rennsteig PEW12 Crimp Tool"
                        sling:resourceType="ecomm-framework/components/content/button"
                        link="https://blog.delcity.net/how-to-change-dies-for-the-rennsteig-pew12-crimp-tool/">
                        <cq:responsive jcr:primaryType="nt:unstructured">
                            <default
                                jcr:primaryType="nt:unstructured"
                                offset="1"
                                width="4"/>
                        </cq:responsive>
                    </button>
                    <button_553865759
                        jcr:created="{Date}2022-02-21T12:44:24.547+05:30"
                        jcr:createdBy="admin"
                        jcr:lastModified="{Date}2022-02-21T12:50:06.440+05:30"
                        jcr:lastModifiedBy="admin"
                        jcr:primaryType="nt:unstructured"
                        jcr:title="Battery Cable: Next Steps"
                        sling:resourceType="ecomm-framework/components/content/button"
                        link="https://blog.delcity.net/battery-cable-next-steps/">
                        <cq:responsive jcr:primaryType="nt:unstructured">
                            <default
                                jcr:primaryType="nt:unstructured"
                                offset="4"
                                width="2"/>
                        </cq:responsive>
                    </button_553865759>
                </responsivegrid>
                <text_634564992
                    jcr:created="{Date}2022-02-21T18:17:14.156+05:30"
                    jcr:createdBy="admin"
                    jcr:lastModified="{Date}2022-02-21T18:17:14.156+05:30"
                    jcr:lastModifiedBy="admin"
                    jcr:primaryType="nt:unstructured"
                    sling:resourceType="delcity/components/content/text"/>
            </responsivegrid>
        </root>
    </jcr:content>
</jcr:root>
