<?xml version="1.0" encoding="UTF-8"?>
<jcr:root xmlns:sling="http://sling.apache.org/jcr/sling/1.0" xmlns:cq="http://www.day.com/jcr/cq/1.0" xmlns:jcr="http://www.jcp.org/jcr/1.0" xmlns:nt="http://www.jcp.org/jcr/nt/1.0"
    jcr:primaryType="cq:Page">
    <jcr:content
        cq:lastModified="{Date}2022-03-04T07:05:18.691-06:00"
        cq:lastModifiedBy="Anagha.Dwajan@mercmarine.com"
        cq:template="/conf/delcity/settings/wcm/templates/delcity-generic-template"
        jcr:primaryType="cq:PageContent"
        jcr:title="How To Install Battery Cable Repair Splices"
        sling:resourceType="delcity/components/structure/page">
        <root
            jcr:primaryType="nt:unstructured"
            sling:resourceType="wcm/foundation/components/responsivegrid">
            <footer
                jcr:created="{Date}2021-06-21T14:21:52.357+05:30"
                jcr:createdBy="admin"
                jcr:lastModified="{Date}2022-02-01T17:04:20.028+05:30"
                jcr:lastModifiedBy="admin"
                jcr:primaryType="nt:unstructured"
                sling:resourceType="delcity/components/structure/footer"
                menutitle1="About Us"
                sendIcon="/content/dam/delcity/images/Icon-send@2x.png">
                <aboutus jcr:primaryType="nt:unstructured">
                    <item0
                        jcr:primaryType="nt:unstructured"
                        pagetitle="About Us"/>
                    <item1
                        jcr:primaryType="nt:unstructured"
                        pagetitle="Contact Us"/>
                    <item2
                        jcr:primaryType="nt:unstructured"
                        pagetitle="FAQs"/>
                </aboutus>
            </footer>
            <responsivegrid
                jcr:created="{Date}2021-06-21T14:21:44.042+05:30"
                jcr:createdBy="admin"
                jcr:lastModified="{Date}2022-02-01T17:04:38.578+05:30"
                jcr:lastModifiedBy="admin"
                jcr:primaryType="nt:unstructured"
                sling:resourceType="wcm/foundation/components/responsivegrid">
                <blogteaser_copy_copy
                    jcr:lastModified="{Date}2022-03-04T07:05:18.677-06:00"
                    jcr:lastModifiedBy="Anagha.Dwajan@mercmarine.com"
                    jcr:primaryType="nt:unstructured"
                    sling:resourceType="ecomm-framework/components/content/blogteaser"
                    authoringDate="November 11, 2016"
                    authorName="Kelsey Scherf"
                    blogImage="/content/dam/delcity/images/blogs/image-not-available-image.png"
                    selectBrand="DC"
                    teaserHeader="How To Install Battery Cable Repair Splices">
                    <categoryList jcr:primaryType="nt:unstructured">
                        <item0
                            jcr:primaryType="nt:unstructured"
                            delcitycategories="Battery Cables &amp; Accessories"/>
                        <item1
                            jcr:primaryType="nt:unstructured"
                            delcitycategories="How-To"/>
                        <item2
                            jcr:primaryType="nt:unstructured"
                            delcitycategories="Wire &amp; Cable"/>
                    </categoryList>
                </blogteaser_copy_copy>
                <text
                    jcr:created="{Date}2022-02-24T15:08:19.332+05:30"
                    jcr:createdBy="admin"
                    jcr:lastModified="{Date}2022-02-25T15:42:29.578+05:30"
                    jcr:lastModifiedBy="admin"
                    jcr:primaryType="nt:unstructured"
                    sling:resourceType="delcity/components/content/text"
                    text="&lt;p>Quickly and conveniently repair cable harnesses with&amp;nbsp;&lt;a href=&quot;https://www.delcity.net/store/Battery-Cable-Repair-Splices/p_819051&quot;>&lt;u>battery cable repair splices&lt;/u>&lt;/a>. Instead of replacing the entire harness, simply replace the damaged or corroded&amp;nbsp;&lt;a href=&quot;https://www.delcity.net/store/Battery-Terminals/p_103&quot;>&lt;u>battery terminals&lt;/u>&lt;/a>. Plus, even with the repair splice, you’ll still have an OEM style fit!&lt;/p>&#xd;&#xa;&lt;p>Remember, use a&amp;nbsp;&lt;a href=&quot;https://www.delcity.net/store/High-Temperature-Protection/p_795096&quot;>&lt;u>high temperature sleeving&lt;/u>&lt;/a>&amp;nbsp;to protect against&amp;nbsp;heat and abrasion when necessary.&lt;/p>&#xd;&#xa;"
                    textIsRich="true"/>
                <image
                    jcr:created="{Date}2022-02-24T15:08:54.198+05:30"
                    jcr:createdBy="admin"
                    jcr:lastModified="{Date}2022-02-24T15:09:17.222+05:30"
                    jcr:lastModifiedBy="admin"
                    jcr:primaryType="nt:unstructured"
                    sling:resourceType="ecomm-framework/components/content/image"
                    altValueFromDAM="true"
                    displayPopupTitle="true"
                    fileReference="/content/dam/delcity/images/blogs/image-not-available-image.png"
                    isDecorative="false"
                    titleValueFromDAM="true">
                    <cq:responsive jcr:primaryType="nt:unstructured">
                        <default
                            jcr:primaryType="nt:unstructured"
                            offset="5"
                            width="3"/>
                    </cq:responsive>
                </image>
                <text_1020651233
                    jcr:created="{Date}2022-02-24T15:10:22.897+05:30"
                    jcr:createdBy="admin"
                    jcr:lastModified="{Date}2022-02-25T15:43:25.688+05:30"
                    jcr:lastModifiedBy="admin"
                    jcr:primaryType="nt:unstructured"
                    sling:resourceType="delcity/components/content/text"
                    text="&lt;p>&lt;b>IMPORTANT:&lt;/b>&amp;nbsp;Batteries produce explosive gases. It is critical to follow all safety instructions, and to always wear safety glasses when working near batteries.&lt;/p>&#xd;&#xa;&lt;h1>&amp;nbsp; &amp;nbsp;&amp;nbsp;&amp;nbsp;Parts &amp;amp;&amp;nbsp;Tools List&lt;/h1>&#xd;&#xa;&lt;p>&lt;a href=&quot;https://www.delcity.net/store/Battery-Cable-Repair-Splices/p_819051&quot;>&lt;u>Battery Cable Repair Splices&lt;/u>&lt;/a>&lt;/p>&#xd;&#xa;&lt;p>&lt;a href=&quot;https://www.delcity.net/store/Ratcheting-Side-Terminal-Wrench/p_800179.h_800184.t_1&quot;>&lt;u>Terminal Wrench&lt;/u>&lt;/a>&lt;/p>&#xd;&#xa;&lt;p>&lt;a href=&quot;https://www.delcity.net/store/Cable-Cutter/p_40418&quot;>&lt;u>Cable Cutter&lt;/u>&lt;/a>&lt;/p>&#xd;&#xa;&lt;p>&lt;a href=&quot;https://www.delcity.net/store/Rotary-Cable-Stripper/p_801329.h_69821.t_1&quot;>&lt;u>Cable Stripper&lt;/u>&lt;/a>&lt;/p>&#xd;&#xa;&lt;p>&lt;a href=&quot;https://www.delcity.net/store/Crimping-Tools/p_229&quot;>&lt;u>Crimping Tool&lt;/u>&lt;/a>&lt;/p>&#xd;&#xa;&lt;p>Hex Wrench (included in Del City’s Battery Cable Repair Splices)&lt;/p>&#xd;&#xa;&lt;h1>&lt;b>&amp;nbsp; &amp;nbsp;&amp;nbsp;&amp;nbsp;Step 1&lt;/b>&lt;/h1>&#xd;&#xa;&lt;p>Turn off all electrical loads on vehicle. Set parking brake. Place automatic transmissions in “PARK”(manual transmissions in “NEUTRAL”.)&lt;/p>&#xd;&#xa;&lt;p>&lt;b>NOTE:&lt;/b>&amp;nbsp;Before proceeding, consult your owner’s manual or service specialist to determine if special procedures are required before disconnecting your battery.&lt;/p>&#xd;&#xa;"
                    textIsRich="true"/>
                <image_copy
                    jcr:created="{Date}2022-02-24T15:08:54.198+05:30"
                    jcr:createdBy="admin"
                    jcr:lastModified="{Date}2022-02-24T15:09:17.222+05:30"
                    jcr:lastModifiedBy="admin"
                    jcr:primaryType="nt:unstructured"
                    sling:resourceType="ecomm-framework/components/content/image"
                    altValueFromDAM="true"
                    displayPopupTitle="true"
                    fileReference="/content/dam/delcity/images/blogs/image-not-available-image.png"
                    isDecorative="false"
                    titleValueFromDAM="true">
                    <cq:responsive jcr:primaryType="nt:unstructured">
                        <default
                            jcr:primaryType="nt:unstructured"
                            offset="5"
                            width="3"/>
                    </cq:responsive>
                </image_copy>
                <text_1868123348
                    jcr:created="{Date}2022-02-24T15:13:36.264+05:30"
                    jcr:createdBy="admin"
                    jcr:lastModified="{Date}2022-02-25T11:43:36.529+05:30"
                    jcr:lastModifiedBy="admin"
                    jcr:primaryType="nt:unstructured"
                    sling:resourceType="delcity/components/content/text"
                    text="&lt;h1>&lt;b>&amp;nbsp; &amp;nbsp; &amp;nbsp;Step 2&lt;/b>&lt;/h1>&#xd;&#xa;&lt;p>Locate and disconnect ground cable from the battery. The ground cable is the cable wired to the engine block, vehicle frame or other metallic ground.&lt;/p>&#xd;&#xa;"
                    textIsRich="true"/>
                <image_copy_copy
                    jcr:created="{Date}2022-02-24T15:08:54.198+05:30"
                    jcr:createdBy="admin"
                    jcr:lastModified="{Date}2022-02-24T15:09:17.222+05:30"
                    jcr:lastModifiedBy="admin"
                    jcr:primaryType="nt:unstructured"
                    sling:resourceType="ecomm-framework/components/content/image"
                    altValueFromDAM="true"
                    displayPopupTitle="true"
                    fileReference="/content/dam/delcity/images/blogs/image-not-available-image.png"
                    isDecorative="false"
                    titleValueFromDAM="true">
                    <cq:responsive jcr:primaryType="nt:unstructured">
                        <default
                            jcr:primaryType="nt:unstructured"
                            offset="5"
                            width="3"/>
                    </cq:responsive>
                </image_copy_copy>
                <text_1868123348_copy
                    jcr:created="{Date}2022-02-24T15:13:36.264+05:30"
                    jcr:createdBy="admin"
                    jcr:lastModified="{Date}2022-02-25T15:43:44.179+05:30"
                    jcr:lastModifiedBy="admin"
                    jcr:primaryType="nt:unstructured"
                    sling:resourceType="delcity/components/content/text"
                    text="&lt;h1>&lt;b>&amp;nbsp; &amp;nbsp;&amp;nbsp;&amp;nbsp;Step 3&lt;/b>&lt;/h1>&#xd;&#xa;&lt;p>Disconnect other cable from the battery. This cable is the one wired to the starter or&amp;nbsp;&lt;a href=&quot;https://www.delcity.net/store/Solenoid-Switches/p_810283&quot;>&lt;u>solenoid&lt;/u>&lt;/a>.&lt;/p>&#xd;&#xa;"
                    textIsRich="true"/>
                <image_copy_copy_copy
                    jcr:created="{Date}2022-02-24T15:08:54.198+05:30"
                    jcr:createdBy="admin"
                    jcr:lastModified="{Date}2022-02-24T15:09:17.222+05:30"
                    jcr:lastModifiedBy="admin"
                    jcr:primaryType="nt:unstructured"
                    sling:resourceType="ecomm-framework/components/content/image"
                    altValueFromDAM="true"
                    displayPopupTitle="true"
                    fileReference="/content/dam/delcity/images/blogs/image-not-available-image.png"
                    isDecorative="false"
                    titleValueFromDAM="true">
                    <cq:responsive jcr:primaryType="nt:unstructured">
                        <default
                            jcr:primaryType="nt:unstructured"
                            offset="5"
                            width="3"/>
                    </cq:responsive>
                </image_copy_copy_copy>
                <text_1868123348_copy_312494044
                    jcr:created="{Date}2022-02-24T15:13:36.264+05:30"
                    jcr:createdBy="admin"
                    jcr:lastModified="{Date}2022-02-25T11:44:27.308+05:30"
                    jcr:lastModifiedBy="admin"
                    jcr:primaryType="nt:unstructured"
                    sling:resourceType="delcity/components/content/text"
                    text="&lt;h1>&lt;b>&amp;nbsp; &amp;nbsp;&amp;nbsp;&amp;nbsp;Step 4&lt;/b>&lt;/h1>&#xd;&#xa;&lt;p>Remove old terminal that is to be replaced by cutting off the wires attached to it. Cut the wires as close as possible to the old terminal.&lt;/p>&#xd;&#xa;"
                    textIsRich="true"/>
                <image_copy_copy_copy_346433103
                    jcr:created="{Date}2022-02-24T15:08:54.198+05:30"
                    jcr:createdBy="admin"
                    jcr:lastModified="{Date}2022-02-24T15:09:17.222+05:30"
                    jcr:lastModifiedBy="admin"
                    jcr:primaryType="nt:unstructured"
                    sling:resourceType="ecomm-framework/components/content/image"
                    altValueFromDAM="true"
                    displayPopupTitle="true"
                    fileReference="/content/dam/delcity/images/blogs/image-not-available-image.png"
                    isDecorative="false"
                    titleValueFromDAM="true">
                    <cq:responsive jcr:primaryType="nt:unstructured">
                        <default
                            jcr:primaryType="nt:unstructured"
                            offset="5"
                            width="3"/>
                    </cq:responsive>
                </image_copy_copy_copy_346433103>
                <text_1868123348_copy_660129012
                    jcr:created="{Date}2022-02-24T15:13:36.264+05:30"
                    jcr:createdBy="admin"
                    jcr:lastModified="{Date}2022-02-25T15:44:00.570+05:30"
                    jcr:lastModifiedBy="admin"
                    jcr:primaryType="nt:unstructured"
                    sling:resourceType="delcity/components/content/text"
                    text="&lt;h1>&lt;b>&amp;nbsp; &amp;nbsp;&amp;nbsp;&amp;nbsp;Step 5&lt;/b>&lt;/h1>&#xd;&#xa;&lt;p>Strip insulation with your&amp;nbsp;&lt;a href=&quot;https://www.delcity.net/store/Rotary-Cable-Stripper/p_801329.h_69821.t_1&quot;>&lt;u>cable stripper&lt;/u>&amp;nbsp;&lt;/a>from remaining auxiliary lead 1/4″ and remaining main cable(s) 3/4″.&lt;/p>&#xd;&#xa;"
                    textIsRich="true"/>
                <image_copy_copy_copy_1932248455
                    jcr:created="{Date}2022-02-24T15:08:54.198+05:30"
                    jcr:createdBy="admin"
                    jcr:lastModified="{Date}2022-02-24T15:09:17.222+05:30"
                    jcr:lastModifiedBy="admin"
                    jcr:primaryType="nt:unstructured"
                    sling:resourceType="ecomm-framework/components/content/image"
                    altValueFromDAM="true"
                    displayPopupTitle="true"
                    fileReference="/content/dam/delcity/images/blogs/image-not-available-image.png"
                    isDecorative="false"
                    titleValueFromDAM="true">
                    <cq:responsive jcr:primaryType="nt:unstructured">
                        <default
                            jcr:primaryType="nt:unstructured"
                            offset="5"
                            width="3"/>
                    </cq:responsive>
                </image_copy_copy_copy_1932248455>
                <text_1868123348_copy_564067290
                    jcr:created="{Date}2022-02-24T15:13:36.264+05:30"
                    jcr:createdBy="admin"
                    jcr:lastModified="{Date}2022-02-25T15:44:18.024+05:30"
                    jcr:lastModifiedBy="admin"
                    jcr:primaryType="nt:unstructured"
                    sling:resourceType="delcity/components/content/text"
                    text="&lt;h1>&lt;b>&amp;nbsp; &amp;nbsp;&amp;nbsp;&amp;nbsp;Step 6&lt;/b>&lt;/h1>&#xd;&#xa;&lt;p>Insert the stripped end of auxiliary lead into appropriate butt splice and crimp using a&amp;nbsp;&lt;a href=&quot;https://www.delcity.net/store/Crimping-Tools/p_229&quot;>&lt;u>crimping tool.&lt;/u>&lt;/a>&amp;nbsp;Repeat if there are additional auxiliary leads.&lt;/p>&#xd;&#xa;"
                    textIsRich="true"/>
                <image_copy_copy_copy_777046732
                    jcr:created="{Date}2022-02-24T15:08:54.198+05:30"
                    jcr:createdBy="admin"
                    jcr:lastModified="{Date}2022-02-24T15:09:17.222+05:30"
                    jcr:lastModifiedBy="admin"
                    jcr:primaryType="nt:unstructured"
                    sling:resourceType="ecomm-framework/components/content/image"
                    altValueFromDAM="true"
                    displayPopupTitle="true"
                    fileReference="/content/dam/delcity/images/blogs/image-not-available-image.png"
                    isDecorative="false"
                    titleValueFromDAM="true">
                    <cq:responsive jcr:primaryType="nt:unstructured">
                        <default
                            jcr:primaryType="nt:unstructured"
                            offset="5"
                            width="3"/>
                    </cq:responsive>
                </image_copy_copy_copy_777046732>
                <text_1868123348_copy_650944879
                    jcr:created="{Date}2022-02-24T15:13:36.264+05:30"
                    jcr:createdBy="admin"
                    jcr:lastModified="{Date}2022-02-25T15:44:30.659+05:30"
                    jcr:lastModifiedBy="admin"
                    jcr:primaryType="nt:unstructured"
                    sling:resourceType="delcity/components/content/text"
                    text="&lt;h1>&lt;b>&amp;nbsp; &amp;nbsp;&amp;nbsp;&amp;nbsp;Step 7&lt;/b>&lt;/h1>&#xd;&#xa;&lt;p>Insert stripped end of main cable into the&amp;nbsp;&lt;a href=&quot;https://www.delcity.net/store/Battery-Cable-Repair-Splices/p_819051&quot;>&lt;u>battery cable repair splice&lt;/u>&lt;/a>, tighten locking hex screw with hex wrench and slide insulator sheath over splice connection. Repeat if there’s an additional main cable.&lt;/p>&#xd;&#xa;"
                    textIsRich="true"/>
                <image_copy_copy_copy_898088135
                    jcr:created="{Date}2022-02-24T15:08:54.198+05:30"
                    jcr:createdBy="admin"
                    jcr:lastModified="{Date}2022-02-24T15:09:17.222+05:30"
                    jcr:lastModifiedBy="admin"
                    jcr:primaryType="nt:unstructured"
                    sling:resourceType="ecomm-framework/components/content/image"
                    altValueFromDAM="true"
                    displayPopupTitle="true"
                    fileReference="/content/dam/delcity/images/blogs/image-not-available-image.png"
                    isDecorative="false"
                    titleValueFromDAM="true">
                    <cq:responsive jcr:primaryType="nt:unstructured">
                        <default
                            jcr:primaryType="nt:unstructured"
                            offset="5"
                            width="3"/>
                    </cq:responsive>
                </image_copy_copy_copy_898088135>
                <text_1868123348_copy_1189955566
                    jcr:created="{Date}2022-02-24T15:13:36.264+05:30"
                    jcr:createdBy="admin"
                    jcr:lastModified="{Date}2022-02-25T15:44:56.086+05:30"
                    jcr:lastModifiedBy="admin"
                    jcr:primaryType="nt:unstructured"
                    sling:resourceType="delcity/components/content/text"
                    text="&lt;h1>&lt;b>&amp;nbsp; &amp;nbsp;&amp;nbsp;&amp;nbsp;Step 8&lt;/b>&lt;/h1>&#xd;&#xa;&lt;p>Reconnect&amp;nbsp;&lt;a href=&quot;https://www.delcity.net/store/Battery-Cable/p_351&quot;>&lt;u>battery cables&lt;/u>&lt;/a>&amp;nbsp;to battery in reverse sequence of steps 2 and 3, connecting the battery cable wired to starter or&amp;nbsp;&lt;a href=&quot;https://www.delcity.net/store/Solenoid-Switches/p_810283&quot;>&lt;u>solenoid&lt;/u>&amp;nbsp;&lt;/a>first and the ground cable last. Properly position and tighten&amp;nbsp;terminals on battery posts.&lt;/p>&#xd;&#xa;&lt;p>&lt;b>NOTE:&lt;/b>&amp;nbsp;The positive cable may have a fusible link auxiliary lead. If it is burned out, it must be replaced in addition to installing the new&amp;nbsp;&lt;a href=&quot;https://www.delcity.net/store/Battery-Cable/p_351&quot;>&lt;u>cable&lt;/u>&lt;/a>.&lt;/p>&#xd;&#xa;"
                    textIsRich="true"/>
                <image_copy_copy_copy_1337860820
                    jcr:created="{Date}2022-02-24T15:08:54.198+05:30"
                    jcr:createdBy="admin"
                    jcr:lastModified="{Date}2022-02-24T15:09:17.222+05:30"
                    jcr:lastModifiedBy="admin"
                    jcr:primaryType="nt:unstructured"
                    sling:resourceType="ecomm-framework/components/content/image"
                    altValueFromDAM="true"
                    displayPopupTitle="true"
                    fileReference="/content/dam/delcity/images/blogs/image-not-available-image.png"
                    isDecorative="false"
                    titleValueFromDAM="true">
                    <cq:responsive jcr:primaryType="nt:unstructured">
                        <default
                            jcr:primaryType="nt:unstructured"
                            offset="5"
                            width="3"/>
                    </cq:responsive>
                </image_copy_copy_copy_1337860820>
                <text_1697024891
                    jcr:created="{Date}2022-02-25T11:38:15.304+05:30"
                    jcr:createdBy="admin"
                    jcr:lastModified="{Date}2022-02-25T15:45:28.236+05:30"
                    jcr:lastModifiedBy="admin"
                    jcr:primaryType="nt:unstructured"
                    sling:resourceType="delcity/components/content/text"
                    text="&lt;p>Need to test your solenoid? Check out our post on&amp;nbsp;&lt;a href=&quot;http://blog.delcity.net/how-to-test-a-solenoid-a-step-by-step-guide&quot;>&lt;u>How To Test A Solenoid&lt;/u>&lt;/a>. More questions?&amp;nbsp;Give our Technical Support a call at&amp;nbsp;&lt;b>1.800.654.4757!&lt;/b>&lt;/p>&#xd;&#xa;&lt;h6>&amp;nbsp; &amp;nbsp; &amp;nbsp; &amp;nbsp; &amp;nbsp; &amp;nbsp; &amp;nbsp;Posted in&amp;nbsp;&lt;a href=&quot;https://blog.delcity.net/category/battery-cables-accessories/&quot;>&lt;u>Battery Cables &amp;amp; Accessories&lt;/u>&lt;/a>,&amp;nbsp;&lt;a href=&quot;https://blog.delcity.net/category/how-to/&quot;>How To&lt;/a>,&amp;nbsp;&lt;a href=&quot;https://blog.delcity.net/category/wire-cable/&quot;>&lt;u>Wire &amp;amp; Cable&lt;/u>&lt;/a>.&lt;/h6>&#xd;&#xa;"
                    textIsRich="true"/>
                <separator
                    jcr:created="{Date}2022-02-25T11:39:55.033+05:30"
                    jcr:createdBy="admin"
                    jcr:lastModified="{Date}2022-02-25T11:39:55.033+05:30"
                    jcr:lastModifiedBy="admin"
                    jcr:primaryType="nt:unstructured"
                    sling:resourceType="ecomm-framework/components/content/separator"/>
                <button
                    jcr:created="{Date}2022-02-25T11:40:05.527+05:30"
                    jcr:createdBy="admin"
                    jcr:lastModified="{Date}2022-02-25T11:41:43.063+05:30"
                    jcr:lastModifiedBy="admin"
                    jcr:primaryType="nt:unstructured"
                    jcr:title="What Is A Solenoid?"
                    sling:resourceType="ecomm-framework/components/content/button"
                    link="https://blog.delcity.net/what-is-a-solenoid/">
                    <cq:responsive jcr:primaryType="nt:unstructured">
                        <default
                            jcr:primaryType="nt:unstructured"
                            offset="1"
                            width="2"/>
                    </cq:responsive>
                </button>
                <button_1538923545
                    jcr:created="{Date}2022-02-25T11:40:12.483+05:30"
                    jcr:createdBy="admin"
                    jcr:lastModified="{Date}2022-02-25T11:42:50.032+05:30"
                    jcr:lastModifiedBy="admin"
                    jcr:primaryType="nt:unstructured"
                    jcr:title="What Is A Fuse?"
                    sling:resourceType="ecomm-framework/components/content/button"
                    link="https://blog.delcity.net/what-is-a-fuse/">
                    <cq:responsive jcr:primaryType="nt:unstructured">
                        <default
                            jcr:primaryType="nt:unstructured"
                            offset="6"
                            width="2"/>
                    </cq:responsive>
                </button_1538923545>
            </responsivegrid>
        </root>
    </jcr:content>
</jcr:root>
