<?xml version="1.0" encoding="UTF-8"?>
<jcr:root xmlns:sling="http://sling.apache.org/jcr/sling/1.0" xmlns:cq="http://www.day.com/jcr/cq/1.0" xmlns:jcr="http://www.jcp.org/jcr/1.0" xmlns:mix="http://www.jcp.org/jcr/mix/1.0" xmlns:nt="http://www.jcp.org/jcr/nt/1.0"
    jcr:primaryType="cq:Page">
    <jcr:content
        cq:lastModified="{Date}2022-02-25T09:18:10.884+05:30"
        cq:lastModifiedBy="admin"
        cq:template="/conf/delcity/settings/wcm/templates/delcity-generic-template"
        jcr:isCheckedOut="{Boolean}true"
        jcr:mixinTypes="[mix:versionable]"
        jcr:primaryType="cq:PageContent"
        jcr:title="Benefits of Lead-Free Terminals"
        jcr:uuid="6d4fb129-fac9-4286-ac21-51333a48a053"
        sling:resourceType="delcity/components/structure/page">
        <root
            jcr:primaryType="nt:unstructured"
            sling:resourceType="wcm/foundation/components/responsivegrid">
            <footer
                jcr:created="{Date}2021-06-21T14:21:52.357+05:30"
                jcr:createdBy="admin"
                jcr:lastModified="{Date}2022-02-01T17:04:20.028+05:30"
                jcr:lastModifiedBy="admin"
                jcr:primaryType="nt:unstructured"
                sling:resourceType="delcity/components/structure/footer"
                menutitle1="About Us"
                sendIcon="/content/dam/delcity/images/Icon-send@2x.png">
                <aboutus jcr:primaryType="nt:unstructured">
                    <item0
                        jcr:primaryType="nt:unstructured"
                        pagetitle="About Us"/>
                    <item1
                        jcr:primaryType="nt:unstructured"
                        pagetitle="Contact Us"/>
                    <item2
                        jcr:primaryType="nt:unstructured"
                        pagetitle="FAQs"/>
                </aboutus>
            </footer>
            <responsivegrid
                jcr:created="{Date}2021-06-21T14:21:44.042+05:30"
                jcr:createdBy="admin"
                jcr:lastModified="{Date}2022-02-01T17:04:38.578+05:30"
                jcr:lastModifiedBy="admin"
                jcr:primaryType="nt:unstructured"
                sling:resourceType="wcm/foundation/components/responsivegrid">
                <blogteaser_copy_copy
                    jcr:created="{Date}2022-02-23T15:55:01.820+05:30"
                    jcr:createdBy="admin"
                    jcr:lastModified="{Date}2022-02-25T09:15:14.093+05:30"
                    jcr:lastModifiedBy="admin"
                    jcr:primaryType="nt:unstructured"
                    sling:resourceType="ecomm-framework/components/content/blogteaser"
                    authoringDate="March 20, 2016"
                    authorName="Kelsey Scherf"
                    blogImage="/content/dam/delcity/images/blogs/image-not-available-image.png"
                    selectBrand="DC"
                    teaserHeader="Benefits of Lead-Free Terminals">
                    <cq:responsive jcr:primaryType="nt:unstructured">
                        <default
                            jcr:primaryType="nt:unstructured"
                            offset="0"
                            width="12"/>
                    </cq:responsive>
                    <categoryList jcr:primaryType="nt:unstructured">
                        <item0
                            jcr:primaryType="nt:unstructured"
                            delcitycategories="Terminals"/>
                    </categoryList>
                </blogteaser_copy_copy>
                <text_copy_copy_copy_
                    jcr:created="{Date}2022-02-23T16:17:50.335+05:30"
                    jcr:createdBy="admin"
                    jcr:lastModified="{Date}2022-02-25T09:15:33.508+05:30"
                    jcr:lastModifiedBy="admin"
                    jcr:primaryType="nt:unstructured"
                    sling:resourceType="delcity/components/content/text"
                    text="&lt;p>For years Del City has offered&amp;nbsp;different electrical terminals: from standard&amp;nbsp;butt connectors&amp;nbsp;and ring terminals,&amp;nbsp;to step-down butt connectors and flag terminals, and just about everything in between. Now, something new has entered the industry, and Del City is one of the first to have it.&lt;/p>&#xd;&#xa;&lt;p>&amp;nbsp;&lt;/p>&#xd;&#xa;&lt;p>We all know having a heat shrink and solder terminal can save time and simplify the job, but what about staying safe and compliant when there’s&amp;nbsp;the lead in the solder? This fall, Del City has launched a new line of terminals which&amp;nbsp;are completely RoHS compliant, meaning they’re lead-free. Now, I know many of you may say, “well, I’ve been using lead terminals for years and haven’t had any problem, so why bother switching?” Here’s why: not only will you be RoHS compliant, but what’s even better is the performance of these terminals is superior to the alternative. Curious? Let’s dive in.&lt;/p>&#xd;&#xa;"
                    textIsRich="true">
                    <cq:responsive jcr:primaryType="nt:unstructured">
                        <default
                            jcr:primaryType="nt:unstructured"
                            offset="0"
                            width="11"/>
                    </cq:responsive>
                </text_copy_copy_copy_>
                <image_copy_copy_copy
                    jcr:created="{Date}2022-02-23T16:18:06.552+05:30"
                    jcr:createdBy="admin"
                    jcr:lastModified="{Date}2022-02-23T16:18:11.585+05:30"
                    jcr:lastModifiedBy="admin"
                    jcr:primaryType="nt:unstructured"
                    sling:resourceType="ecomm-framework/components/content/image"
                    altValueFromDAM="true"
                    displayPopupTitle="true"
                    fileReference="/content/dam/delcity/images/blogs/image-not-available-image.png"
                    isDecorative="false"
                    titleValueFromDAM="true">
                    <cq:responsive jcr:primaryType="nt:unstructured">
                        <default
                            jcr:primaryType="nt:unstructured"
                            offset="4"
                            width="4"/>
                    </cq:responsive>
                </image_copy_copy_copy>
                <text_copy_copy_copy__2083107370
                    jcr:created="{Date}2022-02-23T16:17:50.335+05:30"
                    jcr:createdBy="admin"
                    jcr:lastModified="{Date}2022-02-25T09:16:19.308+05:30"
                    jcr:lastModifiedBy="admin"
                    jcr:primaryType="nt:unstructured"
                    sling:resourceType="delcity/components/content/text"
                    text="&lt;p>&lt;b>Types of Lead-Free Terminals&lt;/b>&lt;/p>&#xd;&#xa;&lt;ol>&#xd;&#xa;&lt;li>&lt;b>Lead-Free Shrink &amp;amp; Solder Terminals&lt;/b>&amp;nbsp;varieties include&amp;nbsp;&lt;a href=&quot;http://www.delcity.net/store/Lead!Free-Heat-Shrink-Solder-Butt-Connectors/p_809199&quot;>butt connectors&lt;/a>&amp;nbsp;and&amp;nbsp;&lt;a href=&quot;http://www.delcity.net/store/Lead!Free-Heat-Shrink,-Solder-Ring-Terminals/p_809206&quot;>ring terminals&lt;/a>.&lt;/li>&#xd;&#xa;&lt;li>&lt;b>Lead-Free Crimp, Shrink &amp;amp; Solder Terminals&lt;/b>&amp;nbsp;varieties include&amp;nbsp;&lt;a href=&quot;http://www.delcity.net/store/Lead!Free-Heat-Shrink,-Solder-&amp;amp;-Crimp-Butt-Connectors/p_809254&quot;>butt connectors&lt;/a>,&amp;nbsp;&lt;a href=&quot;http://www.delcity.net/store/Lead!Free-Step!Down-Heat-Shrink,-Solder-&amp;amp;-Crimp-Butt-Connectors/p_809260&quot;>step-down butt connectors&lt;/a>,&amp;nbsp;&lt;a href=&quot;http://www.delcity.net/store/Lead!Free-Heat-Shrink,-Solder-&amp;amp;-Crimp-Ring-Terminals/p_809277&quot;>ring terminals&lt;/a>, and&amp;nbsp;&lt;a href=&quot;http://www.delcity.net/store/Lead!Free-Heat-Shrink,-Solder-&amp;amp;-Crimp-Push!On-Terminals/p_809266&quot;>push-on terminals&lt;/a>.&lt;/li>&#xd;&#xa;&lt;/ol>&#xd;&#xa;&lt;p>&lt;b>Top 3 Benefits of Using Lead-Free Terminals&lt;/b>&lt;/p>&#xd;&#xa;&lt;ol>&#xd;&#xa;&lt;li>Solder used in the new lead-free terminals has a greater surface tension for added strength, and will not run as easily as traditional solder if overheated.&amp;nbsp;&lt;/li>&#xd;&#xa;&lt;li>Translucent heat shrink is adhesive-lined and printed with gauge sizes.&lt;/li>&#xd;&#xa;&lt;li>Heat shrink terminals protect against corrosion and are waterproof.&lt;/li>&#xd;&#xa;&lt;/ol>&#xd;&#xa;&lt;p>&lt;b>Traditional vs. New&lt;/b>&lt;/p>&#xd;&#xa;&lt;p>These terminals are very similar to our traditional shrink &amp;amp; solder terminals, with one very important difference: they use a newly developed solder that contains no lead or cadmium, and is RoHS compliant.&amp;nbsp; The new solder is not only safer and better for the environment, but it also provides improved performance.&amp;nbsp; It has a lower melt temperature and greater surface tension, which means it is stronger as well as less runny, so it is much less likely to run out of the tubing during installation.&amp;nbsp; The new ring terminals also feature the same new long neck and 45° barrel design as our&amp;nbsp;&lt;a href=&quot;http://www.delcity.net/store/Heat-Shrink-Long-Neck-Ring-Terminals/p_809008&quot;>long-neck ring terminals&lt;/a>.&lt;/p>&#xd;&#xa;&lt;p>&lt;b>What’s the new solder made of?&lt;/b>&lt;/p>&#xd;&#xa;&lt;p>The new solder is a Tin &amp;amp; Bismuth alloy, and is stronger than the lead or cadmium&amp;nbsp;solder alternatives.&lt;/p>&#xd;&#xa;&lt;p>&amp;nbsp;&lt;/p>&#xd;&#xa;&lt;p>&lt;b>What if I want to keep using the traditional solder terminals?&lt;/b>&lt;/p>&#xd;&#xa;&lt;p>At Del City, you will be able to continue to find either option to fit the demands of your project. The lead-free versions have been added as an additional option, but we know having choices is important so we are&amp;nbsp;keeping our&amp;nbsp;&lt;a href=&quot;http://www.delcity.net/store/Terminals/&quot;>existing terminal line&lt;/a>&amp;nbsp;for those&amp;nbsp;who prefer the traditional product.&amp;nbsp;&lt;/p>&#xd;&#xa;&lt;p>&amp;nbsp;&lt;/p>&#xd;&#xa;&lt;p>Want to learn more? Give our technical specialist, Scott, a call at&amp;nbsp;&lt;b>1-800-654-4757&lt;/b>, or email us at info@delcity.net.&lt;/p>&#xd;&#xa;"
                    textIsRich="true">
                    <cq:responsive jcr:primaryType="nt:unstructured">
                        <default
                            jcr:primaryType="nt:unstructured"
                            offset="0"
                            width="11"/>
                    </cq:responsive>
                </text_copy_copy_copy__2083107370>
                <text_2008467253_copy
                    jcr:created="{Date}2022-02-25T08:06:40.583+05:30"
                    jcr:createdBy="admin"
                    jcr:lastModified="{Date}2022-02-25T09:17:15.051+05:30"
                    jcr:lastModifiedBy="admin"
                    jcr:primaryType="nt:unstructured"
                    sling:resourceType="delcity/components/content/text"
                    text="&lt;h6>Posted in&amp;nbsp;&lt;a href=&quot;https://blog.delcity.net/category/terminals/&quot;>Terminals&lt;/a>.&lt;/h6>&#xd;&#xa;"
                    textIsRich="true">
                    <cq:responsive jcr:primaryType="nt:unstructured">
                        <default
                            jcr:primaryType="nt:unstructured"
                            offset="0"
                            width="10"/>
                    </cq:responsive>
                </text_2008467253_copy>
                <separator_copy_copy
                    jcr:created="{Date}2022-02-25T08:07:52.400+05:30"
                    jcr:createdBy="admin"
                    jcr:lastModified="{Date}2022-02-25T08:07:52.400+05:30"
                    jcr:lastModifiedBy="admin"
                    jcr:primaryType="nt:unstructured"
                    sling:resourceType="ecomm-framework/components/content/separator">
                    <cq:responsive jcr:primaryType="nt:unstructured">
                        <default
                            jcr:primaryType="nt:unstructured"
                            offset="0"
                            width="12"/>
                    </cq:responsive>
                </separator_copy_copy>
                <button_copy_copy_cop
                    jcr:created="{Date}2022-02-23T16:27:11.256+05:30"
                    jcr:createdBy="admin"
                    jcr:lastModified="{Date}2022-02-25T09:17:44.946+05:30"
                    jcr:lastModifiedBy="admin"
                    jcr:primaryType="nt:unstructured"
                    jcr:title=" How to Wire a Toggle Switch"
                    sling:resourceType="ecomm-framework/components/content/button"
                    icon="&lt;---"
                    link="https://blog.delcity.net/how-to-wire-a-toggle-switch/">
                    <cq:responsive jcr:primaryType="nt:unstructured">
                        <default
                            jcr:primaryType="nt:unstructured"
                            offset="1"
                            width="3"/>
                    </cq:responsive>
                </button_copy_copy_cop>
                <button_copy_copy_cop_1745449980
                    jcr:created="{Date}2022-02-23T16:27:11.256+05:30"
                    jcr:createdBy="admin"
                    jcr:lastModified="{Date}2022-02-25T09:18:10.880+05:30"
                    jcr:lastModifiedBy="admin"
                    jcr:primaryType="nt:unstructured"
                    jcr:title="How to Upgrade to LED Lights "
                    sling:resourceType="ecomm-framework/components/content/button"
                    icon="--->"
                    link="https://blog.delcity.net/how-to-upgrade-to-led-lights-2/">
                    <cq:responsive jcr:primaryType="nt:unstructured">
                        <default
                            jcr:primaryType="nt:unstructured"
                            offset="4"
                            width="3"/>
                    </cq:responsive>
                </button_copy_copy_cop_1745449980>
            </responsivegrid>
        </root>
    </jcr:content>
</jcr:root>
