<?xml version="1.0" encoding="UTF-8"?>
<jcr:root xmlns:sling="http://sling.apache.org/jcr/sling/1.0" xmlns:cq="http://www.day.com/jcr/cq/1.0" xmlns:jcr="http://www.jcp.org/jcr/1.0" xmlns:nt="http://www.jcp.org/jcr/nt/1.0"
    jcr:primaryType="cq:Page">
    <jcr:content
        cq:cloudserviceconfigs="[/etc/cloudservices/siteconfig/merclink-nz-configuration]"
        cq:conf="/conf/merclink/merclink-nz-en"
        cq:contextHubPath="/etc/cloudsettings/default/contexthub"
        cq:contextHubSegmentsPath="/etc/segmentation/contexthub"
        cq:lastModified="{Date}2022-07-29T03:29:32.518-05:00"
        cq:lastModifiedBy="Sravani.Madiki@mercmarine.com"
        cq:template="/conf/merclink/settings/wcm/templates/page-content-nz"
        jcr:language="en"
        jcr:primaryType="cq:PageContent"
        jcr:title="en"
        sling:resourceType="merclink/components/structure/page"
        pageTitle="merclink">
        <root
            jcr:primaryType="nt:unstructured"
            sling:resourceType="merclink/components/container"
            layout="responsiveGrid">
            <container
                jcr:primaryType="nt:unstructured"
                sling:resourceType="merclink/components/container">
                <title
                    jcr:primaryType="nt:unstructured"
                    sling:resourceType="merclink/components/content/title"/>
                <container
                    jcr:primaryType="nt:unstructured"
                    sling:resourceType="merclink/components/container"
                    layout="responsiveGrid">
                    <teaser
                        jcr:description="&lt;p>Don't stop half way, go for the top!&lt;/p>&#xd;&#xa;"
                        jcr:primaryType="nt:unstructured"
                        jcr:title="Epic Journey"
                        sling:resourceType="merclink/components/content/teaser"
                        actionsEnabled="false"
                        descriptionFromPage="false"
                        textIsRich="true"
                        titleFromPage="false">
                        <cq:responsive jcr:primaryType="nt:unstructured">
                            <default
                                jcr:primaryType="nt:unstructured"
                                offset="0"
                                width="4"/>
                        </cq:responsive>
                    </teaser>
                    <teaser_copy
                        jcr:description="&lt;p>Don't stop half way, go for the top!&lt;/p>&#xd;&#xa;"
                        jcr:primaryType="nt:unstructured"
                        jcr:title="Epic Journey"
                        sling:resourceType="merclink/components/content/teaser"
                        actionsEnabled="false"
                        descriptionFromPage="false"
                        textIsRich="true"
                        titleFromPage="false">
                        <cq:responsive jcr:primaryType="nt:unstructured">
                            <default
                                jcr:primaryType="nt:unstructured"
                                offset="0"
                                width="4"/>
                        </cq:responsive>
                    </teaser_copy>
                    <teaser_copy_1579324932
                        jcr:description="&lt;p>Don't stop half way, go for the top!&lt;/p>&#xd;&#xa;"
                        jcr:primaryType="nt:unstructured"
                        jcr:title="Epic Journey"
                        sling:resourceType="merclink/components/content/teaser"
                        actionsEnabled="false"
                        descriptionFromPage="false"
                        textIsRich="true"
                        titleFromPage="false">
                        <cq:responsive jcr:primaryType="nt:unstructured">
                            <default
                                jcr:primaryType="nt:unstructured"
                                offset="0"
                                width="4"/>
                        </cq:responsive>
                    </teaser_copy_1579324932>
                    <helloworld
                        jcr:primaryType="nt:unstructured"
                        sling:resourceType="merclink/components/content/helloworld"
                        text="lalala :)"/>
                </container>
            </container>
        </root>
    </jcr:content>
    <home/>
    <login/>
    <contactusermanagement/>
    <ContactUS/>
    <development-inprogress/>
    <manage-account/>
    <errors/>
    <productlisting/>
    <mywishlists/>
    <faq/>
    <cart/>
    <power-of-choice/>
    <registration-rebate/>
    <productdetails/>
    <account-summary/>
    <open-order/>
    <invoices/>
    <order-details/>
    <order-history/>
    <availability-search/>
    <direct-item-entry/>
    <search-results-page/>
    <statements/>
    <bulk-order-checkout/>
</jcr:root>
