<?xml version="1.0" encoding="UTF-8"?>
<jcr:root xmlns:sling="http://sling.apache.org/jcr/sling/1.0" xmlns:cq="http://www.day.com/jcr/cq/1.0" xmlns:jcr="http://www.jcp.org/jcr/1.0" xmlns:mix="http://www.jcp.org/jcr/mix/1.0" xmlns:nt="http://www.jcp.org/jcr/nt/1.0"
    jcr:primaryType="cq:Page">
    <jcr:content
        cq:lastModified="{Date}2021-08-03T12:42:37.213+05:30"
        cq:lastModifiedBy="translation-job-service"
        cq:lastTranslationUpdate="{Date}2021-08-03T12:42:37.213+05:30"
        cq:template="/conf/delcity/settings/wcm/templates/delcity-generic-template"
        cq:translationSourcePath="/content/ecommerce/delcity/language-masters/en/home/my-account"
        jcr:isCheckedOut="{Boolean}true"
        jcr:mixinTypes="[mix:versionable]"
        jcr:primaryType="cq:PageContent"
        jcr:title="My Account"
        jcr:uuid="5cfff5ac-d47d-452f-ac0a-3775db9b8700"
        sling:resourceType="delcity/components/structure/page">
        <root
            jcr:primaryType="nt:unstructured"
            sling:resourceType="wcm/foundation/components/responsivegrid">
            <responsivegrid
                jcr:created="{Date}2021-06-21T14:21:44.042+05:30"
                jcr:createdBy="admin"
                jcr:lastModified="{Date}2021-06-21T11:10:43.011Z"
                jcr:lastModifiedBy="PVATCHAVAYI"
                jcr:primaryType="nt:unstructured"
                sling:resourceType="wcm/foundation/components/responsivegrid">
                <responsivegrid
                    jcr:created="{Date}2021-06-22T07:13:37.659Z"
                    jcr:createdBy="PVATCHAVAYI"
                    jcr:lastModified="{Date}2021-06-22T07:13:37.659Z"
                    jcr:lastModifiedBy="PVATCHAVAYI"
                    jcr:primaryType="nt:unstructured"
                    sling:resourceType="wcm/foundation/components/responsivegrid">
                    <cq:responsive jcr:primaryType="nt:unstructured">
                        <default
                            jcr:primaryType="nt:unstructured"
                            offset="0"
                            width="3"/>
                    </cq:responsive>
                    <dashboardmenu
                        jcr:created="{Date}2021-06-22T07:15:00.051Z"
                        jcr:createdBy="PVATCHAVAYI"
                        jcr:lastModified="{Date}2021-06-22T07:15:00.051Z"
                        jcr:lastModifiedBy="PVATCHAVAYI"
                        jcr:primaryType="nt:unstructured"
                        sling:resourceType="delcity/components/content/dashboardmenu"/>
                </responsivegrid>
                <responsivegrid_1509761084
                    jcr:created="{Date}2021-06-22T07:13:47.527Z"
                    jcr:createdBy="PVATCHAVAYI"
                    jcr:lastModified="{Date}2021-06-22T07:13:47.527Z"
                    jcr:lastModifiedBy="PVATCHAVAYI"
                    jcr:primaryType="nt:unstructured"
                    sling:resourceType="wcm/foundation/components/responsivegrid">
                    <cq:responsive jcr:primaryType="nt:unstructured">
                        <default
                            jcr:primaryType="nt:unstructured"
                            offset="0"
                            width="9"/>
                    </cq:responsive>
                    <myaccount
                        jcr:created="{Date}2021-06-22T07:15:10.580Z"
                        jcr:createdBy="PVATCHAVAYI"
                        jcr:lastModified="{Date}2021-06-22T07:15:10.580Z"
                        jcr:lastModifiedBy="PVATCHAVAYI"
                        jcr:primaryType="nt:unstructured"
                        sling:resourceType="delcity/components/content/myaccount"/>
                    <mywishlists
                        jcr:created="{Date}2021-06-22T07:16:01.952Z"
                        jcr:createdBy="PVATCHAVAYI"
                        jcr:lastModified="{Date}2021-06-25T01:32:50.284-05:00"
                        jcr:lastModifiedBy="radhika.yerra.local"
                        jcr:primaryType="nt:unstructured"
                        sling:resourceType="delcity/components/content/mywishlists"
                        pdplink="/content/ecommerce/delcity/language-masters/es/home/product-details"/>
                </responsivegrid_1509761084>
            </responsivegrid>
        </root>
    </jcr:content>
</jcr:root>
