<?xml version="1.0" encoding="UTF-8"?>
<jcr:root xmlns:sling="http://sling.apache.org/jcr/sling/1.0" xmlns:cq="http://www.day.com/jcr/cq/1.0" xmlns:jcr="http://www.jcp.org/jcr/1.0" xmlns:nt="http://www.jcp.org/jcr/nt/1.0"
    jcr:primaryType="nt:unstructured"
    jcr:title="Order summary Component"
    sling:resourceType="cq/gui/components/authoring/dialog">
    <content
        jcr:primaryType="nt:unstructured"
        sling:resourceType="granite/ui/components/coral/foundation/container">
        <items jcr:primaryType="nt:unstructured">
            <tabs
                jcr:primaryType="nt:unstructured"
                sling:resourceType="granite/ui/components/coral/foundation/tabs">
                <items jcr:primaryType="nt:unstructured">
                    <cartTitle
                        jcr:primaryType="nt:unstructured"
                        jcr:title="CartTitle"
                        sling:resourceType="granite/ui/components/coral/foundation/fixedcolumns"
                        margin="true">
                        <items jcr:primaryType="nt:unstructured">
                            <column
                                jcr:primaryType="nt:unstructured"
                                sling:resourceType="granite/ui/components/coral/foundation/container">
                                <items jcr:primaryType="nt:unstructured">
                                    <title
                                        jcr:primaryType="nt:unstructured"
                                        sling:resourceType="granite/ui/components/coral/foundation/form/textfield"
                                        fieldLabel="Title"
                                        name="./carttitle"/>
                                    <errorImage
                                        jcr:primaryType="nt:unstructured"
                                        sling:resourceType="granite/ui/components/coral/foundation/form/pathbrowser"
                                        fieldDescription="Error image"
                                        fieldLabel="Error Image Path"
                                        name="./errorImage"/>
                                    <successImage
                                        jcr:primaryType="nt:unstructured"
                                        sling:resourceType="granite/ui/components/coral/foundation/form/pathbrowser"
                                        fieldDescription="Success image"
                                        fieldLabel="Success Image"
                                        name="./successImage"/>
                                    <pdpPath
                                        jcr:primaryType="nt:unstructured"
                                        sling:resourceType="granite/ui/components/coral/foundation/form/pathbrowser"
                                        fieldDescription="PDP Path"
                                        fieldLabel="PDP Path"
                                        name="./pdpPath"/>
                                </items>
                            </column>
                        </items>
                    </cartTitle>
                    <ordersummary
                        jcr:primaryType="nt:unstructured"
                        jcr:title="Order Summary"
                        sling:resourceType="granite/ui/components/coral/foundation/fixedcolumns"
                        margin="true">
                        <items jcr:primaryType="nt:unstructured">
                            <column
                                jcr:primaryType="nt:unstructured"
                                sling:resourceType="granite/ui/components/coral/foundation/container">
                                <items jcr:primaryType="nt:unstructured">
                                    <title
                                        jcr:primaryType="nt:unstructured"
                                        sling:resourceType="granite/ui/components/coral/foundation/form/textfield"
                                        fieldDescription="Please add title for Order Summary."
                                        fieldLabel="Title"
                                        name="./title"/>
                                    <productTotal
                                        jcr:primaryType="nt:unstructured"
                                        sling:resourceType="granite/ui/components/coral/foundation/form/textfield"
                                        fieldDescription="Please add Product total Label Text"
                                        fieldLabel="Product Total "
                                        name="./prodTotal"/>
                                    <discount
                                        jcr:primaryType="nt:unstructured"
                                        sling:resourceType="granite/ui/components/coral/foundation/form/textfield"
                                        fieldDescription="Please add Discount LabelText"
                                        fieldLabel="Discount Label"
                                        name="./discount"/>
                                    <surcharge
                                        jcr:primaryType="nt:unstructured"
                                        sling:resourceType="granite/ui/components/coral/foundation/form/textfield"
                                        fieldDescription="Please add Surcharge Label Text."
                                        fieldLabel="Surcharge Label"
                                        name="./surcharge"/>
                                    <orderTotal
                                        jcr:primaryType="nt:unstructured"
                                        sling:resourceType="granite/ui/components/coral/foundation/form/textfield"
                                        fieldLabel="Order Total "
                                        name="./orderTotal"/>
                                </items>
                            </column>
                        </items>
                    </ordersummary>
                    <ordernowbanner
                        jcr:primaryType="nt:unstructured"
                        jcr:title="Order Now Banner"
                        sling:resourceType="granite/ui/components/coral/foundation/fixedcolumns"
                        margin="true">
                        <items jcr:primaryType="nt:unstructured">
                            <column
                                jcr:primaryType="nt:unstructured"
                                sling:resourceType="granite/ui/components/coral/foundation/container">
                                <items jcr:primaryType="nt:unstructured">
                                    <image
                                        jcr:primaryType="nt:unstructured"
                                        sling:resourceType="granite/ui/components/coral/foundation/form/pathbrowser"
                                        fieldDescription="Please select the desired banner image"
                                        fieldLabel="Banner Image Path"
                                        name="./imgPath"/>
                                    <alttext
                                        jcr:primaryType="nt:unstructured"
                                        sling:resourceType="granite/ui/components/coral/foundation/form/textfield"
                                        fieldDescription="Please Enter Alternate Text for Banner Image"
                                        fieldLabel="Image Alt Text"
                                        name="./imgAltTxt"/>
                                    <btntext
                                        jcr:primaryType="nt:unstructured"
                                        sling:resourceType="granite/ui/components/coral/foundation/form/textfield"
                                        fieldDescription="Please enter text to be displayed on button"
                                        fieldLabel="button text"
                                        name="./btnTxt"/>
                                    <btnlink
                                        jcr:primaryType="nt:unstructured"
                                        sling:resourceType="granite/ui/components/coral/foundation/form/pathbrowser"
                                        fieldDescription="path on click where it redirect to"
                                        fieldLabel="Button Path"
                                        name="./btnlink"/>
                                </items>
                            </column>
                        </items>
                    </ordernowbanner>
                </items>
            </tabs>
        </items>
    </content>
</jcr:root>
