<?xml version="1.0" encoding="UTF-8"?>
<jcr:root xmlns:sling="http://sling.apache.org/jcr/sling/1.0" xmlns:cq="http://www.day.com/jcr/cq/1.0" xmlns:jcr="http://www.jcp.org/jcr/1.0" xmlns:nt="http://www.jcp.org/jcr/nt/1.0"
    jcr:primaryType="cq:Page">
    <jcr:content
        cq:lastModified="{Date}2022-03-04T07:08:33.330-06:00"
        cq:lastModifiedBy="Anagha.Dwajan@mercmarine.com"
        cq:template="/conf/delcity/settings/wcm/templates/delcity-generic-template"
        jcr:primaryType="cq:PageContent"
        jcr:title="Choosing The Perfect Auto Meter Gauge"
        sling:resourceType="delcity/components/structure/page">
        <root
            jcr:primaryType="nt:unstructured"
            sling:resourceType="wcm/foundation/components/responsivegrid">
            <footer
                jcr:created="{Date}2021-06-21T14:21:52.357+05:30"
                jcr:createdBy="admin"
                jcr:lastModified="{Date}2022-02-01T17:04:20.028+05:30"
                jcr:lastModifiedBy="admin"
                jcr:primaryType="nt:unstructured"
                sling:resourceType="delcity/components/structure/footer"
                menutitle1="About Us"
                sendIcon="/content/dam/delcity/images/Icon-send@2x.png">
                <aboutus jcr:primaryType="nt:unstructured">
                    <item0
                        jcr:primaryType="nt:unstructured"
                        pagetitle="About Us"/>
                    <item1
                        jcr:primaryType="nt:unstructured"
                        pagetitle="Contact Us"/>
                    <item2
                        jcr:primaryType="nt:unstructured"
                        pagetitle="FAQs"/>
                </aboutus>
            </footer>
            <responsivegrid
                jcr:created="{Date}2021-06-21T14:21:44.042+05:30"
                jcr:createdBy="admin"
                jcr:lastModified="{Date}2022-02-01T17:04:38.578+05:30"
                jcr:lastModifiedBy="admin"
                jcr:primaryType="nt:unstructured"
                sling:resourceType="wcm/foundation/components/responsivegrid">
                <blogteaser
                    jcr:created="{Date}2022-02-23T15:54:48.296+05:30"
                    jcr:createdBy="admin"
                    jcr:lastModified="{Date}2022-03-04T07:08:33.310-06:00"
                    jcr:lastModifiedBy="Anagha.Dwajan@mercmarine.com"
                    jcr:primaryType="nt:unstructured"
                    sling:resourceType="ecomm-framework/components/content/blogteaser"
                    authoringDate="July 11, 2016"
                    authorName="Kelsey Scherf"
                    blogImage="/content/dam/delcity/images/blogs/image-not-available-image.png"
                    selectBrand="DC"
                    teaserHeader="Choosing The Perfect Auto Meter Gauge">
                    <cq:responsive jcr:primaryType="nt:unstructured">
                        <default
                            jcr:primaryType="nt:unstructured"
                            offset="0"
                            width="12"/>
                    </cq:responsive>
                    <categoryList jcr:primaryType="nt:unstructured">
                        <item0
                            jcr:primaryType="nt:unstructured"
                            delcitycategories="Automotive"/>
                        <item1
                            jcr:primaryType="nt:unstructured"
                            delcitycategories="Gauges"/>
                        <item2
                            jcr:primaryType="nt:unstructured"
                            delcitycategories="How-To"/>
                    </categoryList>
                </blogteaser>
                <responsivegrid
                    jcr:created="{Date}2022-02-23T15:54:17.613+05:30"
                    jcr:createdBy="admin"
                    jcr:lastModified="{Date}2022-02-23T15:54:17.613+05:30"
                    jcr:lastModifiedBy="admin"
                    jcr:primaryType="nt:unstructured"
                    sling:resourceType="wcm/foundation/components/responsivegrid">
                    <cq:responsive jcr:primaryType="nt:unstructured"/>
                    <text
                        jcr:created="{Date}2022-02-23T16:14:11.585+05:30"
                        jcr:createdBy="admin"
                        jcr:lastModified="{Date}2022-02-23T16:41:55.491+05:30"
                        jcr:lastModifiedBy="admin"
                        jcr:primaryType="nt:unstructured"
                        sling:resourceType="delcity/components/content/text"
                        text="&lt;p>Auto Meter is a high-tech company that has become a standard of excellence in providing high quality gauges. They have set the bar in the industry with their products for things like accuracy, precision, and durability. For over 50 years now, Auto Meter has been a trusted brand in gauges.&lt;/p>&#xd;&#xa;&lt;p>Once you’ve decided that an&amp;nbsp;&lt;a href=&quot;http://www.delcity.net/store/Auto-Meter-Gauges/p_809374&quot;>Auto Meter&lt;/a>&amp;nbsp;gauge is exactly what you need, you’ll have to decide which product line is perfect for your vehicle.&lt;/p>&#xd;&#xa;"
                        textIsRich="true">
                        <cq:responsive jcr:primaryType="nt:unstructured">
                            <default
                                jcr:primaryType="nt:unstructured"
                                offset="0"
                                width="11"/>
                        </cq:responsive>
                    </text>
                    <text_copy
                        jcr:created="{Date}2022-02-23T16:14:11.585+05:30"
                        jcr:createdBy="admin"
                        jcr:lastModified="{Date}2022-02-23T16:42:49.239+05:30"
                        jcr:lastModifiedBy="admin"
                        jcr:primaryType="nt:unstructured"
                        sling:resourceType="delcity/components/content/text"
                        text="&lt;h1>&lt;b>Z-Series &amp;nbsp;&amp;nbsp;&amp;nbsp;&amp;nbsp;&amp;nbsp;&amp;nbsp;&amp;nbsp;&amp;nbsp;&lt;/b>&lt;/h1>&#xd;&#xa;&lt;p>&lt;a href=&quot;http://www.delcity.net/store/Auto-Meter-Z!Series-Gauges/p_809375&quot;>Z-Series&lt;/a>&amp;nbsp;is a high-performing gauge with a classic feel. If you are simply looking for a reliable high&amp;nbsp;performance new gauge, but you also want to add some good looks to your car without being too flashy… the Z-Series is designed for you.&lt;/p>&#xd;&#xa;&lt;ul>&#xd;&#xa;&lt;li>Black Face&lt;/li>&#xd;&#xa;&lt;li>Black Bezel&lt;/li>&#xd;&#xa;&lt;li>Orange Pointer&lt;/li>&#xd;&#xa;&lt;li>White Letters&lt;/li>&#xd;&#xa;&lt;/ul>&#xd;&#xa;"
                        textIsRich="true">
                        <cq:responsive jcr:primaryType="nt:unstructured">
                            <default
                                jcr:primaryType="nt:unstructured"
                                offset="0"
                                width="8"/>
                        </cq:responsive>
                    </text_copy>
                    <image_copy
                        jcr:created="{Date}2022-02-23T16:03:47.788+05:30"
                        jcr:createdBy="admin"
                        jcr:lastModified="{Date}2022-02-23T16:03:58.348+05:30"
                        jcr:lastModifiedBy="admin"
                        jcr:primaryType="nt:unstructured"
                        sling:resourceType="ecomm-framework/components/content/image"
                        altValueFromDAM="true"
                        displayPopupTitle="true"
                        fileReference="/content/dam/delcity/images/blogs/image-not-available-image.png"
                        isDecorative="false"
                        titleValueFromDAM="true">
                        <cq:responsive jcr:primaryType="nt:unstructured">
                            <default
                                jcr:primaryType="nt:unstructured"
                                offset="0"
                                width="2"/>
                        </cq:responsive>
                    </image_copy>
                    <text_copy_copy
                        jcr:created="{Date}2022-02-23T16:14:11.585+05:30"
                        jcr:createdBy="admin"
                        jcr:lastModified="{Date}2022-02-23T16:48:43.697+05:30"
                        jcr:lastModifiedBy="admin"
                        jcr:primaryType="nt:unstructured"
                        sling:resourceType="delcity/components/content/text"
                        text="&lt;h1>&lt;b>Phantom Gauges&lt;/b>&lt;/h1>&#xd;&#xa;&lt;p>&lt;a href=&quot;http://www.delcity.net/store/Auto-Meter-Phantom-Gauges/p_809426&quot;>Phantom Gauges&lt;/a>&amp;nbsp;are a competition ready, top performing gauge. The gauges are an iconic line for Auto Meter, and they are made to provide a unique and sporty look for your car. They are designed with a high contrasting design to not only catch your eye ascetically, but to be simple to read with&lt;br>&#xd;&#xa;just a peek in any environment. The line is perfect for the recreational driver looking for a new sporty look.&lt;/p>&#xd;&#xa;&lt;ul>&#xd;&#xa;&lt;li>White Face&lt;/li>&#xd;&#xa;&lt;li>Black, powder coated, Bezel&lt;/li>&#xd;&#xa;&lt;li>Orange Pointer&lt;/li>&#xd;&#xa;&lt;li>Black Letters&lt;/li>&#xd;&#xa;&lt;/ul>&#xd;&#xa;"
                        textIsRich="true">
                        <cq:responsive jcr:primaryType="nt:unstructured">
                            <default
                                jcr:primaryType="nt:unstructured"
                                offset="0"
                                width="8"/>
                        </cq:responsive>
                    </text_copy_copy>
                    <image_copy_copy
                        jcr:created="{Date}2022-02-23T16:03:47.788+05:30"
                        jcr:createdBy="admin"
                        jcr:lastModified="{Date}2022-02-23T16:03:58.348+05:30"
                        jcr:lastModifiedBy="admin"
                        jcr:primaryType="nt:unstructured"
                        sling:resourceType="ecomm-framework/components/content/image"
                        altValueFromDAM="true"
                        displayPopupTitle="true"
                        fileReference="/content/dam/delcity/images/blogs/image-not-available-image.png"
                        isDecorative="false"
                        titleValueFromDAM="true">
                        <cq:responsive jcr:primaryType="nt:unstructured">
                            <default
                                jcr:primaryType="nt:unstructured"
                                offset="0"
                                width="2"/>
                        </cq:responsive>
                    </image_copy_copy>
                    <text_copy_copy_2033374975
                        jcr:created="{Date}2022-02-23T16:14:11.585+05:30"
                        jcr:createdBy="admin"
                        jcr:lastModified="{Date}2022-02-23T16:49:05.505+05:30"
                        jcr:lastModifiedBy="admin"
                        jcr:primaryType="nt:unstructured"
                        sling:resourceType="delcity/components/content/text"
                        text="&lt;h1>&lt;b>Ultra-Lite&lt;/b>&lt;/h1>&#xd;&#xa;&lt;p>This line gives the recreational driver the same performance in his gauge as the professionals. Introduced and used with NASCAR,&amp;nbsp;&lt;a href=&quot;http://www.delcity.net/store/Auto-Meter-Ultra!Lite-Gauges/p_809476&quot;>Ultra-Lite&lt;/a>&amp;nbsp;is trusted by more professional racers than any other gauge. They are high performing, lightweight, and are still built to near bulletproof standards. This line is for the serious or professional driver to whom precision is a must.&lt;/p>&#xd;&#xa;&lt;ul>&#xd;&#xa;&lt;li>White Face&lt;/li>&#xd;&#xa;&lt;li>Matte Brushed Aluminum Bezel&lt;/li>&#xd;&#xa;&lt;li>Orange Pointer&lt;/li>&#xd;&#xa;&lt;li>Black Letters&lt;/li>&#xd;&#xa;&lt;/ul>&#xd;&#xa;"
                        textIsRich="true">
                        <cq:responsive jcr:primaryType="nt:unstructured">
                            <default
                                jcr:primaryType="nt:unstructured"
                                offset="0"
                                width="8"/>
                        </cq:responsive>
                    </text_copy_copy_2033374975>
                    <image_copy_copy_442939019
                        jcr:created="{Date}2022-02-23T16:03:47.788+05:30"
                        jcr:createdBy="admin"
                        jcr:lastModified="{Date}2022-02-23T16:03:58.348+05:30"
                        jcr:lastModifiedBy="admin"
                        jcr:primaryType="nt:unstructured"
                        sling:resourceType="ecomm-framework/components/content/image"
                        altValueFromDAM="true"
                        displayPopupTitle="true"
                        fileReference="/content/dam/delcity/images/blogs/image-not-available-image.png"
                        isDecorative="false"
                        titleValueFromDAM="true">
                        <cq:responsive jcr:primaryType="nt:unstructured">
                            <default
                                jcr:primaryType="nt:unstructured"
                                offset="0"
                                width="2"/>
                        </cq:responsive>
                    </image_copy_copy_442939019>
                    <text_copy_copy_1011946026
                        jcr:created="{Date}2022-02-23T16:14:11.585+05:30"
                        jcr:createdBy="admin"
                        jcr:lastModified="{Date}2022-02-23T16:49:31.078+05:30"
                        jcr:lastModifiedBy="admin"
                        jcr:primaryType="nt:unstructured"
                        sling:resourceType="delcity/components/content/text"
                        text="&lt;h1>&lt;b>Auto-Gage&lt;/b>&lt;/h1>&#xd;&#xa;&lt;p>The&amp;nbsp;&lt;a href=&quot;http://www.delcity.net/store/Auto-Meter-Auto-Gage-Gauges/p_809557&quot;>Auto-Gage&lt;/a>&amp;nbsp;line has the best value gauges Auto Meter offers. With the Auto Meter name comes the comfort that this economical option will still provide unmatched levels of accuracy and durability&amp;nbsp;in the price point. This is the common solution for the everyday sports car driver looking for a high performing gauge he can trust.&lt;/p>&#xd;&#xa;&lt;ul>&#xd;&#xa;&lt;li>Multiple styles and colors available&lt;/li>&#xd;&#xa;&lt;li>Two and three gauge consoles available&lt;/li>&#xd;&#xa;&lt;/ul>&#xd;&#xa;"
                        textIsRich="true">
                        <cq:responsive jcr:primaryType="nt:unstructured">
                            <default
                                jcr:primaryType="nt:unstructured"
                                offset="0"
                                width="8"/>
                        </cq:responsive>
                    </text_copy_copy_1011946026>
                    <image_copy_copy_1880364647
                        jcr:created="{Date}2022-02-23T16:03:47.788+05:30"
                        jcr:createdBy="admin"
                        jcr:lastModified="{Date}2022-02-23T16:03:58.348+05:30"
                        jcr:lastModifiedBy="admin"
                        jcr:primaryType="nt:unstructured"
                        sling:resourceType="ecomm-framework/components/content/image"
                        altValueFromDAM="true"
                        displayPopupTitle="true"
                        fileReference="/content/dam/delcity/images/blogs/image-not-available-image.png"
                        isDecorative="false"
                        titleValueFromDAM="true">
                        <cq:responsive jcr:primaryType="nt:unstructured">
                            <default
                                jcr:primaryType="nt:unstructured"
                                offset="0"
                                width="2"/>
                        </cq:responsive>
                    </image_copy_copy_1880364647>
                    <text_1330010379
                        jcr:created="{Date}2022-02-23T16:50:14.483+05:30"
                        jcr:createdBy="admin"
                        jcr:lastModified="{Date}2022-02-23T16:50:19.325+05:30"
                        jcr:lastModifiedBy="admin"
                        jcr:primaryType="nt:unstructured"
                        sling:resourceType="delcity/components/content/text"
                        text="&lt;p>To recap, the Z-Series line is a simple, high performing gauge. Phantom gauges are perfect for adding an eye catching gauge to your recreational sports car. The Ultra-Lite line is a top performing gauge that is recommended for competitive drivers. Auto-Gage is an economical option that is the best value line of gauges.&lt;/p>&#xd;&#xa;&lt;p>All four of these lines are available at Del City. Shop our entire&amp;nbsp;&lt;a href=&quot;http://www.delcity.net/store/Auto-Meter-Gauges/p_809374&quot;>Auto Meter&lt;/a>&amp;nbsp;offering here, or call 1.800.654.4757 to speak with a Customer Satisfaction Representative who is happy to help answer any questions you may have.&lt;/p>&#xd;&#xa;"
                        textIsRich="true">
                        <cq:responsive jcr:primaryType="nt:unstructured">
                            <default
                                jcr:primaryType="nt:unstructured"
                                offset="0"
                                width="11"/>
                        </cq:responsive>
                    </text_1330010379>
                    <text_51507163
                        jcr:created="{Date}2022-02-23T16:14:38.424+05:30"
                        jcr:createdBy="admin"
                        jcr:lastModified="{Date}2022-02-23T16:41:36.158+05:30"
                        jcr:lastModifiedBy="admin"
                        jcr:primaryType="nt:unstructured"
                        sling:resourceType="delcity/components/content/text"
                        text="&lt;h6>Posted in &lt;a href=&quot;https://blog.delcity.net/category/automotive/&quot;>Automotive&lt;/a>, &lt;a href=&quot;https://blog.delcity.net/category/gauges/&quot;>Gauges&lt;/a>, &lt;a href=&quot;https://blog.delcity.net/category/how-to/&quot;>How To&lt;/a>.&lt;/h6>&#xd;&#xa;"
                        textIsRich="true">
                        <cq:responsive jcr:primaryType="nt:unstructured">
                            <default
                                jcr:primaryType="nt:unstructured"
                                offset="0"
                                width="11"/>
                        </cq:responsive>
                    </text_51507163>
                    <separator
                        jcr:created="{Date}2022-02-23T16:15:01.650+05:30"
                        jcr:createdBy="admin"
                        jcr:lastModified="{Date}2022-02-23T16:15:01.650+05:30"
                        jcr:lastModifiedBy="admin"
                        jcr:primaryType="nt:unstructured"
                        sling:resourceType="ecomm-framework/components/content/separator">
                        <cq:responsive jcr:primaryType="nt:unstructured">
                            <default
                                jcr:primaryType="nt:unstructured"
                                offset="1"
                                width="10"/>
                        </cq:responsive>
                    </separator>
                    <button
                        jcr:created="{Date}2022-02-23T16:15:09.829+05:30"
                        jcr:createdBy="admin"
                        jcr:lastModified="{Date}2022-02-23T16:15:51.045+05:30"
                        jcr:lastModifiedBy="admin"
                        jcr:primaryType="nt:unstructured"
                        jcr:title=" What Does A Resistor Do…"
                        sling:resourceType="ecomm-framework/components/content/button"
                        icon="&lt;---"
                        link="https://blog.delcity.net/what-does-a-resistor-do-and-why-is-it-important/">
                        <cq:responsive jcr:primaryType="nt:unstructured">
                            <default
                                jcr:primaryType="nt:unstructured"
                                offset="1"
                                width="3"/>
                        </cq:responsive>
                    </button>
                    <button_399702111
                        jcr:created="{Date}2022-02-23T16:15:57.012+05:30"
                        jcr:createdBy="admin"
                        jcr:lastModified="{Date}2022-02-23T16:16:23.485+05:30"
                        jcr:lastModifiedBy="admin"
                        jcr:primaryType="nt:unstructured"
                        jcr:title="Choosing the Right Electrical Wire… "
                        sling:resourceType="ecomm-framework/components/content/button"
                        icon="--->"
                        link="https://blog.delcity.net/choosing-the-right-electrical-wire-for-your-install/">
                        <cq:responsive jcr:primaryType="nt:unstructured">
                            <default
                                jcr:primaryType="nt:unstructured"
                                offset="4"
                                width="3"/>
                        </cq:responsive>
                    </button_399702111>
                </responsivegrid>
            </responsivegrid>
        </root>
    </jcr:content>
</jcr:root>
