<?xml version="1.0" encoding="UTF-8"?>
<jcr:root xmlns:sling="http://sling.apache.org/jcr/sling/1.0" xmlns:cq="http://www.day.com/jcr/cq/1.0" xmlns:jcr="http://www.jcp.org/jcr/1.0" xmlns:mix="http://www.jcp.org/jcr/mix/1.0" xmlns:nt="http://www.jcp.org/jcr/nt/1.0"
    jcr:primaryType="cq:Page">
    <jcr:content
        cq:lastModified="{Date}2023-01-16T22:32:10.629-06:00"
        cq:lastModifiedBy="Ekta.Pachani@mercmarine.com"
        cq:lastReplicated="{Date}2023-01-16T22:32:37.416-06:00"
        cq:lastReplicatedBy="Ekta.Pachani@mercmarine.com"
        cq:lastReplicationAction="Activate"
        cq:template="/conf/delcity/settings/wcm/templates/delcity-generic-template"
        jcr:isCheckedOut="{Boolean}true"
        jcr:mixinTypes="[mix:versionable]"
        jcr:primaryType="cq:PageContent"
        jcr:title="Manage Returns"
        jcr:uuid="eae09cc6-b71e-4457-a64c-9483e9ef43c6"
        sling:resourceType="delcity/components/structure/page"
        fblink="https://www.facebook.com/delcitydirect"
        linkedinlink="https://www.linkedin.com/company/del-city"
        twitterlink="https://www.twitter.com/delcitydirect"
        youtubelink="https://www.youtube.com/delcitydirect">
        <root
            jcr:primaryType="nt:unstructured"
            sling:resourceType="wcm/foundation/components/responsivegrid">
            <responsivegrid
                jcr:created="{Date}2021-07-19T21:39:11.006+05:30"
                jcr:createdBy="admin"
                jcr:lastModified="{Date}2021-07-19T11:16:38.662-05:00"
                jcr:lastModifiedBy="Praveen.Vatchavayi@mercmarine.com"
                jcr:primaryType="nt:unstructured"
                sling:resourceType="wcm/foundation/components/responsivegrid">
                <responsivegrid
                    jcr:created="{Date}2022-01-17T08:32:15.991-06:00"
                    jcr:createdBy="Anagha.Dwajan@mercmarine.com"
                    jcr:lastModified="{Date}2022-01-17T08:32:15.991-06:00"
                    jcr:lastModifiedBy="Anagha.Dwajan@mercmarine.com"
                    jcr:primaryType="nt:unstructured"
                    sling:resourceType="wcm/foundation/components/responsivegrid">
                    <cq:responsive jcr:primaryType="nt:unstructured"/>
                    <breadcrumb
                        jcr:created="{Date}2022-01-17T08:32:21.715-06:00"
                        jcr:createdBy="Anagha.Dwajan@mercmarine.com"
                        jcr:lastModified="{Date}2022-01-17T08:32:21.715-06:00"
                        jcr:lastModifiedBy="Anagha.Dwajan@mercmarine.com"
                        jcr:primaryType="nt:unstructured"
                        sling:resourceType="ecomm-framework/components/content/breadcrumb"/>
                    <managereturns
                        jcr:created="{Date}2022-01-17T08:32:41.412-06:00"
                        jcr:createdBy="Anagha.Dwajan@mercmarine.com"
                        jcr:lastModified="{Date}2023-01-16T22:32:10.607-06:00"
                        jcr:lastModifiedBy="Ekta.Pachani@mercmarine.com"
                        jcr:primaryType="nt:unstructured"
                        sling:resourceType="delcity/components/content/managereturns"
                        applyBtn="Search"
                        cancelReturnLineLabel="Cancel Return Line"
                        Heading="Manage Returns"
                        note="Customers desiring to return merchandise must do so within 30 days.  The 30 day return policy is for all stocked items.  Please note stocking agreements, blanket orders and special orders are non-cancelable and non-returnable.  Return orders not received within 60 days will be canceled. "
                        ordertitle="N/A"
                        Orderurl="/content/ecommerce/delcity/us/en/order-history/order-detail.html"
                        pendingReturnsLabel="Pending Return"
                        pendingReturnsLink="/content/ecommerce/delcity/us/en/start-a-return/review-return"
                        resetBtn="Reset"
                        startReturnsLabel="[Start A Return]"
                        startReturnUrl="/content/ecommerce/delcity/language-masters/en/start-a-return"
                        Title="Manage Returns">
                        <itemsPerPageSelection jcr:primaryType="nt:unstructured">
                            <item0
                                jcr:primaryType="nt:unstructured"
                                itemsPerPage="24"/>
                            <item1
                                jcr:primaryType="nt:unstructured"
                                itemsPerPage="48"/>
                            <item2
                                jcr:primaryType="nt:unstructured"
                                itemsPerPage="72"/>
                            <item3
                                jcr:primaryType="nt:unstructured"
                                itemsPerPage="ALL"/>
                        </itemsPerPageSelection>
                    </managereturns>
                    <responsivegrid
                        jcr:created="{Date}2022-01-17T08:32:32.103-06:00"
                        jcr:createdBy="Anagha.Dwajan@mercmarine.com"
                        jcr:lastModified="{Date}2022-01-17T08:32:32.103-06:00"
                        jcr:lastModifiedBy="Anagha.Dwajan@mercmarine.com"
                        jcr:primaryType="nt:unstructured"
                        sling:resourceType="wcm/foundation/components/responsivegrid">
                        <cq:responsive jcr:primaryType="nt:unstructured"/>
                    </responsivegrid>
                </responsivegrid>
            </responsivegrid>
        </root>
    </jcr:content>
    <cancel-return-confirmation/>
</jcr:root>
