<?xml version="1.0" encoding="UTF-8"?>
<jcr:root xmlns:sling="http://sling.apache.org/jcr/sling/1.0" xmlns:cq="http://www.day.com/jcr/cq/1.0" xmlns:jcr="http://www.jcp.org/jcr/1.0" xmlns:mix="http://www.jcp.org/jcr/mix/1.0" xmlns:nt="http://www.jcp.org/jcr/nt/1.0"
    jcr:primaryType="cq:Page">
    <jcr:content
        cq:contextHubPath="/etc/cloudsettings/default/contexthub"
        cq:contextHubSegmentsPath="/etc/segmentation/contexthub"
        cq:lastModified="{Date}2022-09-23T07:27:24.137-05:00"
        cq:lastModifiedBy="Sravani.Madiki@mercmarine.com"
        cq:lastReplicated="{Date}2022-09-23T07:27:49.088-05:00"
        cq:lastReplicatedBy="Sravani.Madiki@mercmarine.com"
        cq:lastReplicationAction="Activate"
        cq:template="/conf/merclink/settings/wcm/templates/page-content"
        jcr:isCheckedOut="{Boolean}true"
        jcr:mixinTypes="[mix:versionable]"
        jcr:primaryType="cq:PageContent"
        jcr:title="Current News"
        jcr:uuid="25e6224f-8b05-41df-9121-5020649c01fa"
        sling:resourceType="merclink/components/structure/page">
        <root
            jcr:primaryType="nt:unstructured"
            sling:resourceType="merclink/components/container"
            layout="responsiveGrid">
            <container
                jcr:primaryType="nt:unstructured"
                sling:resourceType="merclink/components/container"
                layout="responsiveGrid">
                <title
                    jcr:primaryType="nt:unstructured"
                    sling:resourceType="merclink/components/title"/>
                <container
                    jcr:primaryType="nt:unstructured"
                    sling:resourceType="merclink/components/container"
                    layout="responsiveGrid">
                    <newslisting
                        jcr:created="{Date}2022-09-23T07:09:12.949-05:00"
                        jcr:createdBy="Sravani.Madiki@mercmarine.com"
                        jcr:lastModified="{Date}2022-09-23T07:27:24.133-05:00"
                        jcr:lastModifiedBy="Sravani.Madiki@mercmarine.com"
                        jcr:primaryType="nt:unstructured"
                        sling:resourceType="merclink/components/content/newslisting"
                        currentnewsheading="Current News"
                        maxItems="1000"
                        parentPage="/content/ecommerce/merclink/au/en/home/current-news"/>
                </container>
            </container>
        </root>
    </jcr:content>
    <outboard-engine-cover/>
    <outboard-engine-cover1/>
    <outboard-engine-cover2/>
    <outboard-engine-cover3/>
    <outboard-engine-cover4/>
    <outboard-engine-cover5/>
    <outboard-engine-cover6/>
    <outboard-engine-cover7/>
    <outboard-engine-cover8/>
    <outboard-engine-cover9/>
    <outboard-engine-cover10/>
    <newspage/>
    <newpagefornews/>
</jcr:root>
