<?xml version="1.0" encoding="UTF-8"?>
<jcr:root xmlns:sling="http://sling.apache.org/jcr/sling/1.0" xmlns:cq="http://www.day.com/jcr/cq/1.0" xmlns:jcr="http://www.jcp.org/jcr/1.0" xmlns:mix="http://www.jcp.org/jcr/mix/1.0" xmlns:nt="http://www.jcp.org/jcr/nt/1.0"
    jcr:primaryType="cq:Page">
    <jcr:content
        cq:contextHubPath="/etc/cloudsettings/default/contexthub"
        cq:contextHubSegmentsPath="/etc/segmentation/contexthub"
        cq:lastModified="{Date}2022-09-07T07:17:04.830-05:00"
        cq:lastModifiedBy="Anusha.Pasupuleti@Brunswick.com"
        cq:lastReplicated="{Date}2022-09-07T07:17:19.494-05:00"
        cq:lastReplicatedBy="Anusha.Pasupuleti@Brunswick.com"
        cq:lastReplicationAction="Activate"
        cq:template="/conf/merclink/settings/wcm/templates/page-content"
        jcr:isCheckedOut="{Boolean}true"
        jcr:mixinTypes="[mix:versionable]"
        jcr:primaryType="cq:PageContent"
        jcr:title="Product Listing"
        jcr:uuid="45bf2150-b6bc-47de-9623-2299d4eefedf"
        sling:resourceType="merclink/components/structure/page">
        <root
            jcr:primaryType="nt:unstructured"
            sling:resourceType="merclink/components/container"
            layout="responsiveGrid">
            <container
                jcr:primaryType="nt:unstructured"
                sling:resourceType="merclink/components/container"
                layout="responsiveGrid">
                <title
                    jcr:primaryType="nt:unstructured"
                    sling:resourceType="merclink/components/title"/>
                <container
                    jcr:primaryType="nt:unstructured"
                    sling:resourceType="merclink/components/container"
                    layout="responsiveGrid">
                    <teaser_copy_15793249 jcr:primaryType="nt:unstructured"/>
                    <cstmbreadcrumb
                        jcr:created="{Date}2022-07-16T05:31:32.014-05:00"
                        jcr:createdBy="Abburi.Chowdary@Brunswick.com"
                        jcr:lastModified="{Date}2022-07-16T05:31:57.705-05:00"
                        jcr:lastModifiedBy="Abburi.Chowdary@Brunswick.com"
                        jcr:primaryType="nt:unstructured"
                        sling:resourceType="merclink/components/content/cstmbreadcrumb"
                        currentpagetitle="product-listing">
                        <navItemList jcr:primaryType="nt:unstructured">
                            <item0
                                jcr:primaryType="nt:unstructured"
                                pagelabel="Home"
                                pagelink="/content/ecommerce/merclink/au/en/home.html"/>
                        </navItemList>
                    </cstmbreadcrumb>
                    <productlisting
                        jcr:created="{Date}2022-06-22T02:25:11.366-05:00"
                        jcr:createdBy="Sravani.Madiki@mercmarine.com"
                        jcr:lastModified="{Date}2022-09-07T07:17:04.821-05:00"
                        jcr:lastModifiedBy="Anusha.Pasupuleti@Brunswick.com"
                        jcr:primaryType="nt:unstructured"
                        sling:resourceType="merclink/components/content/productlisting"
                        addtocarttext="Add To Cart"
                        gridview="Switch to Grid View"
                        hideprice="Hide Price"
                        listview="Switch to List View"
                        productDetailPage="/content/ecommerce/merclink/au/en/productdetails"
                        showprice="Show Price"
                        wishlistcontent="Add To Wish List"/>
                    <addtowishlist
                        jcr:created="{Date}2022-07-04T06:37:12.940-05:00"
                        jcr:createdBy="Arunkumar.Govindan@Brunswick.com"
                        jcr:lastModified="{Date}2022-09-07T07:16:12.412-05:00"
                        jcr:lastModifiedBy="Anusha.Pasupuleti@Brunswick.com"
                        jcr:primaryType="nt:unstructured"
                        sling:resourceType="merclink/components/commerce/addtowishlist"
                        addtowishlistbtn="Add To Wishlist"
                        addtowishlisttitle="Add To Wish List "
                        copytoexisting="Copy To Existing Wishlist"
                        copytonew="Copy To New Wishlist "
                        private="Private"
                        shared="Shared"/>
                </container>
            </container>
        </root>
    </jcr:content>
</jcr:root>
