<?xml version="1.0" encoding="UTF-8"?>
<jcr:root xmlns:sling="http://sling.apache.org/jcr/sling/1.0" xmlns:cq="http://www.day.com/jcr/cq/1.0" xmlns:jcr="http://www.jcp.org/jcr/1.0" xmlns:mix="http://www.jcp.org/jcr/mix/1.0" xmlns:nt="http://www.jcp.org/jcr/nt/1.0"
    jcr:primaryType="cq:Page">
    <jcr:content
        cq:contextHubPath="/etc/cloudsettings/default/contexthub"
        cq:contextHubSegmentsPath="/etc/segmentation/contexthub"
        cq:lastModified="{Date}2022-09-07T06:51:13.403-05:00"
        cq:lastModifiedBy="Anusha.Pasupuleti@Brunswick.com"
        cq:lastReplicated="{Date}2022-09-07T06:51:37.424-05:00"
        cq:lastReplicatedBy="Anusha.Pasupuleti@Brunswick.com"
        cq:lastReplicationAction="Activate"
        cq:template="/conf/merclink/settings/wcm/templates/page-content"
        jcr:isCheckedOut="{Boolean}true"
        jcr:mixinTypes="[mix:versionable]"
        jcr:primaryType="cq:PageContent"
        jcr:title="Contact User Management"
        jcr:uuid="bba3afe2-5241-42dd-a05d-3b2a2f24a04c"
        sling:resourceType="merclink/components/structure/page">
        <root
            jcr:primaryType="nt:unstructured"
            sling:resourceType="merclink/components/container"
            layout="responsiveGrid">
            <container
                jcr:primaryType="nt:unstructured"
                sling:resourceType="merclink/components/container"
                layout="responsiveGrid">
                <title
                    jcr:primaryType="nt:unstructured"
                    sling:resourceType="merclink/components/title"/>
                <container
                    jcr:lastModified="{Date}2022-06-23T02:08:38.241-05:00"
                    jcr:lastModifiedBy="Anagha.Dwajan@mercmarine.com"
                    jcr:primaryType="nt:unstructured"
                    sling:resourceType="merclink/components/container"
                    layout="responsiveGrid">
                    <teaser_copy_15793249 jcr:primaryType="nt:unstructured"/>
                    <cstmbreadcrumb
                        jcr:created="{Date}2022-07-16T05:10:51.851-05:00"
                        jcr:createdBy="Abburi.Chowdary@Brunswick.com"
                        jcr:lastModified="{Date}2022-07-16T05:16:44.792-05:00"
                        jcr:lastModifiedBy="Abburi.Chowdary@Brunswick.com"
                        jcr:primaryType="nt:unstructured"
                        sling:resourceType="merclink/components/content/cstmbreadcrumb"
                        currentpagetitle="Contact [User] Management">
                        <navItemList jcr:primaryType="nt:unstructured">
                            <item0
                                jcr:primaryType="nt:unstructured"
                                pagelabel="Home"
                                pagelink="/content/ecommerce/merclink/au/en/home.html"/>
                        </navItemList>
                    </cstmbreadcrumb>
                    <contactusermanagemen
                        jcr:created="{Date}2022-05-08T18:24:16.437+05:30"
                        jcr:createdBy="admin"
                        jcr:lastModified="{Date}2022-09-07T06:51:13.370-05:00"
                        jcr:lastModifiedBy="Anusha.Pasupuleti@Brunswick.com"
                        jcr:primaryType="nt:unstructured"
                        sling:resourceType="merclink/components/content/contactusermanagement"
                        accountNameLabel="Account Name"
                        showContactsFor="Show Contacts For"
                        Title="Contact [User] Management"/>
                    <contactlist
                        jcr:created="{Date}2022-05-09T15:06:28.838+05:30"
                        jcr:createdBy="admin"
                        jcr:lastModified="{Date}2022-09-05T04:13:09.501-05:00"
                        jcr:lastModifiedBy="Anusha.Pasupuleti@Brunswick.com"
                        jcr:primaryType="nt:unstructured"
                        sling:resourceType="merclink/components/content/contactlist"
                        accountnumber="Account Number"
                        createnewcontact="Create New Contact"
                        createNewContactUrl="/content/ecommerce/merclink/au/en/contactusermanagement/createnewcontact.html"
                        downarrow="/content/dam/merclink/images/down.svg"
                        edit="Edit"
                        editContactUrl="/content/ecommerce/merclink/au/en/contactusermanagement/edit-contact.html"
                        emailusername="Email/Username"
                        enddate="End Date"
                        export="Export"
                        firstname="First Name"
                        lastname="Last Name"
                        middlename="Middle Name"
                        phonenumber="Phone Number"
                        showinactiveusers="Show Inactive Users"
                        startdate="Start Date"
                        title="Contact List"
                        uparrow="/content/dam/merclink/images/up.svg"/>
                </container>
            </container>
        </root>
    </jcr:content>
    <createnewcontact/>
    <edit-contact/>
</jcr:root>
