<?xml version="1.0" encoding="UTF-8"?>
<jcr:root xmlns:sling="http://sling.apache.org/jcr/sling/1.0" xmlns:cq="http://www.day.com/jcr/cq/1.0" xmlns:jcr="http://www.jcp.org/jcr/1.0" xmlns:nt="http://www.jcp.org/jcr/nt/1.0"
    jcr:primaryType="nt:unstructured"
    jcr:title="Breadcumb Component"
    sling:resourceType="cq/gui/components/authoring/dialog">
    <content
        jcr:primaryType="nt:unstructured"
        sling:resourceType="granite/ui/components/coral/foundation/container">
        <items jcr:primaryType="nt:unstructured">
            <tabs
                jcr:primaryType="nt:unstructured"
                sling:resourceType="granite/ui/components/coral/foundation/tabs"
                maximized="{Boolean}true">
                <items jcr:primaryType="nt:unstructured">
                    <breadcrumb
                        jcr:primaryType="nt:unstructured"
                        jcr:title="Breadcumb"
                        sling:resourceType="granite/ui/components/coral/foundation/container">
                        <items jcr:primaryType="nt:unstructured">
                            <well
                                jcr:primaryType="nt:unstructured"
                                sling:resourceType="granite/ui/components/coral/foundation/well"
                                fieldLabel="Breadcrumb">
                                <items jcr:primaryType="nt:unstructured">
                                    <currentpagetitle
                                        jcr:primaryType="nt:unstructured"
                                        sling:resourceType="granite/ui/components/foundation/form/textfield"
                                        fieldDescription="Current Page Title"
                                        fieldLabel="Current Page Title"
                                        name="./currentpagetitle"/>
                                    <navigation
                                        jcr:primaryType="nt:unstructured"
                                        sling:resourceType="granite/ui/components/coral/foundation/form/multifield"
                                        composite="{Boolean}true"
                                        fieldDescription="Navigation Details"
                                        fieldLabel="Navigation Details"
                                        required="{Boolean}false">
                                        <field
                                            jcr:primaryType="nt:unstructured"
                                            sling:resourceType="granite/ui/components/coral/foundation/container"
                                            emptyText="Navigation Item List"
                                            name="./navItemList">
                                            <items jcr:primaryType="nt:unstructured">
                                                <pagelabel
                                                    jcr:primaryType="nt:unstructured"
                                                    sling:resourceType="granite/ui/components/foundation/form/textfield"
                                                    emptyText="Navigation Page Name"
                                                    fieldLabel="Navigation Page Name"
                                                    name="./pagelabel"/>
                                                <pagelink
                                                    jcr:primaryType="nt:unstructured"
                                                    sling:resourceType="granite/ui/components/coral/foundation/form/pathfield"
                                                    emptyText="Navigation Page Link"
                                                    fieldLabel="Navigation Page Link"
                                                    name="./pagelink"/>
                                            </items>
                                        </field>
                                    </navigation>
                                </items>
                            </well>
                        </items>
                    </breadcrumb>
                </items>
            </tabs>
        </items>
    </content>
</jcr:root>
