<?xml version="1.0" encoding="UTF-8"?>
<jcr:root xmlns:sling="http://sling.apache.org/jcr/sling/1.0" xmlns:cq="http://www.day.com/jcr/cq/1.0" xmlns:jcr="http://www.jcp.org/jcr/1.0" xmlns:nt="http://www.jcp.org/jcr/nt/1.0"
    jcr:primaryType="cq:Page">
    <jcr:content
        cq:lastModified="{Date}2022-03-04T04:06:12.386-06:00"
        cq:lastModifiedBy="Anagha.Dwajan@mercmarine.com"
        cq:template="/conf/delcity/settings/wcm/templates/delcity-generic-template"
        jcr:primaryType="cq:PageContent"
        jcr:title="Del City Celebrates 70 Years of Business"
        sling:resourceType="delcity/components/structure/page">
        <root
            jcr:primaryType="nt:unstructured"
            sling:resourceType="wcm/foundation/components/responsivegrid">
            <footer
                jcr:created="{Date}2021-06-21T14:21:52.357+05:30"
                jcr:createdBy="admin"
                jcr:lastModified="{Date}2022-02-01T17:04:20.028+05:30"
                jcr:lastModifiedBy="admin"
                jcr:primaryType="nt:unstructured"
                sling:resourceType="delcity/components/structure/footer"
                menutitle1="About Us"
                sendIcon="/content/dam/delcity/images/Icon-send@2x.png">
                <aboutus jcr:primaryType="nt:unstructured">
                    <item0
                        jcr:primaryType="nt:unstructured"
                        pagetitle="About Us"/>
                    <item1
                        jcr:primaryType="nt:unstructured"
                        pagetitle="Contact Us"/>
                    <item2
                        jcr:primaryType="nt:unstructured"
                        pagetitle="FAQs"/>
                </aboutus>
            </footer>
            <responsivegrid
                jcr:created="{Date}2021-06-21T14:21:44.042+05:30"
                jcr:createdBy="admin"
                jcr:lastModified="{Date}2022-02-01T17:04:38.578+05:30"
                jcr:lastModifiedBy="admin"
                jcr:primaryType="nt:unstructured"
                sling:resourceType="wcm/foundation/components/responsivegrid">
                <blogteaser_copy_copy
                    jcr:created="{Date}2022-02-24T11:19:35.192+05:30"
                    jcr:createdBy="admin"
                    jcr:lastModified="{Date}2022-02-25T17:39:27.309+05:30"
                    jcr:lastModifiedBy="admin"
                    jcr:primaryType="nt:unstructured"
                    sling:resourceType="ecomm-framework/components/content/blogteaser"
                    authoringDate="January 23, 2018"
                    authorName="Kelsey Scherf"
                    blogImage="/content/dam/delcity/images/blogs/image-not-available-image.png"
                    selectBrand="DC"
                    teaserHeader="Del City Celebrates 70 Years of Business">
                    <categoryList jcr:primaryType="nt:unstructured">
                        <item0
                            jcr:primaryType="nt:unstructured"
                            delcitycategories="Del City News"/>
                    </categoryList>
                </blogteaser_copy_copy>
                <responsivegrid
                    jcr:created="{Date}2022-02-25T17:36:51.871+05:30"
                    jcr:createdBy="admin"
                    jcr:lastModified="{Date}2022-02-25T17:36:51.871+05:30"
                    jcr:lastModifiedBy="admin"
                    jcr:primaryType="nt:unstructured"
                    sling:resourceType="wcm/foundation/components/responsivegrid">
                    <cq:responsive jcr:primaryType="nt:unstructured"/>
                    <text_1418127462_copy
                        jcr:created="{Date}2022-02-23T13:36:27.302+05:30"
                        jcr:createdBy="admin"
                        jcr:lastModified="{Date}2022-02-25T17:43:41.392+05:30"
                        jcr:lastModifiedBy="admin"
                        jcr:primaryType="nt:unstructured"
                        sling:resourceType="delcity/components/content/text"
                        text="&lt;p>(Menomonee Falls, WI) -Del City is proud to announce officially being in business for 70&lt;/p>&#xd;&#xa;&lt;p> years.&amp;nbsp;Started in Del City, Oklahoma, Founder Harold Swartzendruber sold wire out of the back of his station wagon. &amp;nbsp;As the market for electrical supplies grew, Del City knew that it had to keep up with the times. A small warehouse was then purchased in 1947 and Del City Wire Co, Inc. was officially born.&lt;/p>&#xd;&#xa;"
                        textIsRich="true">
                        <cq:responsive jcr:primaryType="nt:unstructured">
                            <default
                                jcr:primaryType="nt:unstructured"
                                offset="1"
                                width="8"/>
                        </cq:responsive>
                    </text_1418127462_copy>
                    <image_1433581_copy_c
                        jcr:created="{Date}2022-02-23T13:36:42.461+05:30"
                        jcr:createdBy="admin"
                        jcr:lastModified="{Date}2022-02-23T13:43:17.379+05:30"
                        jcr:lastModifiedBy="admin"
                        jcr:primaryType="nt:unstructured"
                        sling:resourceType="ecomm-framework/components/content/image"
                        altValueFromDAM="true"
                        displayPopupTitle="true"
                        fileReference="/content/dam/delcity/images/blogs/image-not-available-image.png"
                        isDecorative="false"
                        titleValueFromDAM="true">
                        <cq:responsive jcr:primaryType="nt:unstructured">
                            <default
                                jcr:primaryType="nt:unstructured"
                                offset="0"
                                width="3"/>
                        </cq:responsive>
                    </image_1433581_copy_c>
                    <text
                        cq:styleIds="[1629979540972]"
                        jcr:created="{Date}2022-02-25T17:43:54.501+05:30"
                        jcr:createdBy="admin"
                        jcr:lastModified="{Date}2022-02-25T17:45:58.210+05:30"
                        jcr:lastModifiedBy="admin"
                        jcr:primaryType="nt:unstructured"
                        sling:resourceType="delcity/components/content/text"
                        text="&lt;p>Del City is now headquartered in Menomonee Falls, Wisconsin and continues to grow. Starting as a successful catalog company, Del City shifted heavily to e-commerce in 2009-2010. With constantly evolving desktop and mobile sites, Del City is able to meet customer needs with speed and accuracy. Today, Del City carries over 15,000 products to be a dynamic e-commerce company suiting a variety of customers. By leveraging various e-commerce platforms, Del City is able to provide great products and satisfaction to both small and large customers alike.&lt;/p>&#xd;&#xa;&lt;p>&amp;nbsp;&lt;/p>&#xd;&#xa;&lt;p>With 70 years of experience, Del City is happy to be your go-to source for 12V electrical and transportation supplies. The knowledgeable team is able to provide customers with top-notch service in addition to extensive product knowledge. Del City crafts helpful content utilizing industry knowledge and further educates customers about the electrical supply industry. With a variety of how to articles, product features, general industry news, and more, Del City can provide you with insight that is sure to be useful.&lt;/p>&#xd;&#xa;&lt;p>&amp;nbsp;&lt;/p>&#xd;&#xa;&lt;p>Although Del City has been in business for 70 years, there is no plan to slow down anytime soon! Along with a high degree of industry knowledge, Del City boasts manufacturer pricing. This allows customers to get quality products at the right price. In order to provide the best service, Del City owns three warehouses located throughout the United States. With 1-2 day shipping for most locations in the United States, customers can expect quality products to come with speedy delivery.&lt;/p>&#xd;&#xa;&lt;p>&amp;nbsp;&lt;/p>&#xd;&#xa;&lt;p>Del City strives to be your one stop shop for all your 12V electrical and transportation needs. &amp;nbsp;To see the variety of products and to learn more about the company, visit&amp;nbsp;&lt;a href=&quot;http://www.delcity.net/&quot;>&lt;u>www.delcity.net&lt;/u>&lt;/a>&amp;nbsp;or contact us at 1.800.654.4757. To read How-To articles, product features, industry news, and more; check our our blog&amp;nbsp;&lt;a href=&quot;http://blog.delcity.net/&quot;>“&lt;u>The Current”!&lt;/u>&lt;/a>&lt;/p>&#xd;&#xa;&lt;p>&amp;nbsp;&lt;/p>&#xd;&#xa;&lt;p style=&quot;text-align: center;&quot;>###&lt;/p>&#xd;&#xa;&lt;p style=&quot;text-align: center;&quot;>&amp;nbsp;&lt;/p>&#xd;&#xa;&lt;p style=&quot;text-align: center;&quot;>&amp;nbsp;&lt;/p>&#xd;&#xa;&lt;h6>&amp;nbsp; &amp;nbsp; &amp;nbsp; &amp;nbsp; &amp;nbsp; &amp;nbsp;Posted in&amp;nbsp;&lt;a href=&quot;https://blog.delcity.net/category/del-city-news/&quot;>&lt;u>Del City News&lt;/u>&lt;/a>.&lt;/h6>&#xd;&#xa;&lt;h6>&amp;nbsp;&lt;/h6>&#xd;&#xa;"
                        textIsRich="true"/>
                    <separator
                        jcr:created="{Date}2022-02-25T17:46:06.726+05:30"
                        jcr:createdBy="admin"
                        jcr:lastModified="{Date}2022-02-25T17:46:06.726+05:30"
                        jcr:lastModifiedBy="admin"
                        jcr:primaryType="nt:unstructured"
                        sling:resourceType="ecomm-framework/components/content/separator"/>
                    <button_copy_copy_cop
                        jcr:created="{Date}2022-02-22T11:52:26.328+05:30"
                        jcr:createdBy="admin"
                        jcr:lastModified="{Date}2022-02-25T17:46:59.971+05:30"
                        jcr:lastModifiedBy="admin"
                        jcr:primaryType="nt:unstructured"
                        jcr:title="Wire 201: Wiring Basics"
                        sling:resourceType="ecomm-framework/components/content/button"
                        link="https://blog.delcity.net/wire-201-wiring-basics/">
                        <cq:responsive jcr:primaryType="nt:unstructured">
                            <default
                                jcr:primaryType="nt:unstructured"
                                offset="1"
                                width="2"/>
                        </cq:responsive>
                    </button_copy_copy_cop>
                    <button_938914514_cop
                        jcr:created="{Date}2022-02-22T11:52:37.899+05:30"
                        jcr:createdBy="admin"
                        jcr:lastModified="{Date}2022-02-25T17:47:51.794+05:30"
                        jcr:lastModifiedBy="admin"
                        jcr:primaryType="nt:unstructured"
                        jcr:title="6 Reasons to Attend NTEA’s Work Truck Show 2018"
                        sling:resourceType="ecomm-framework/components/content/button"
                        link="https://blog.delcity.net/6-reasons-to-attend-nteas-work-truck-show-2018/">
                        <cq:responsive jcr:primaryType="nt:unstructured">
                            <default
                                jcr:primaryType="nt:unstructured"
                                offset="4"
                                width="4"/>
                        </cq:responsive>
                    </button_938914514_cop>
                    <text_1605237869
                        jcr:created="{Date}2022-02-25T17:48:18.420+05:30"
                        jcr:createdBy="admin"
                        jcr:lastModified="{Date}2022-02-25T17:48:18.420+05:30"
                        jcr:lastModifiedBy="admin"
                        jcr:primaryType="nt:unstructured"
                        sling:resourceType="delcity/components/content/text"/>
                </responsivegrid>
            </responsivegrid>
        </root>
    </jcr:content>
</jcr:root>
