<?xml version="1.0" encoding="UTF-8"?>
<jcr:root xmlns:sling="http://sling.apache.org/jcr/sling/1.0" xmlns:cq="http://www.day.com/jcr/cq/1.0" xmlns:jcr="http://www.jcp.org/jcr/1.0" xmlns:nt="http://www.jcp.org/jcr/nt/1.0"
    jcr:primaryType="cq:Page">
    <jcr:content
        cq:lastModified="{Date}2022-03-04T08:02:12.426-06:00"
        cq:lastModifiedBy="Anagha.Dwajan@mercmarine.com"
        cq:template="/conf/delcity/settings/wcm/templates/delcity-generic-template"
        jcr:primaryType="cq:PageContent"
        jcr:title="RV &amp; Solar Fast Facts"
        sling:resourceType="delcity/components/structure/page">
        <root
            jcr:primaryType="nt:unstructured"
            sling:resourceType="wcm/foundation/components/responsivegrid">
            <footer
                jcr:created="{Date}2021-06-21T14:21:52.357+05:30"
                jcr:createdBy="admin"
                jcr:lastModified="{Date}2022-02-01T17:04:20.028+05:30"
                jcr:lastModifiedBy="admin"
                jcr:primaryType="nt:unstructured"
                sling:resourceType="delcity/components/structure/footer"
                menutitle1="About Us"
                sendIcon="/content/dam/delcity/images/Icon-send@2x.png">
                <aboutus jcr:primaryType="nt:unstructured">
                    <item0
                        jcr:primaryType="nt:unstructured"
                        pagetitle="About Us"/>
                    <item1
                        jcr:primaryType="nt:unstructured"
                        pagetitle="Contact Us"/>
                    <item2
                        jcr:primaryType="nt:unstructured"
                        pagetitle="FAQs"/>
                </aboutus>
            </footer>
            <responsivegrid
                jcr:created="{Date}2021-06-21T14:21:44.042+05:30"
                jcr:createdBy="admin"
                jcr:lastModified="{Date}2022-02-01T17:04:38.578+05:30"
                jcr:lastModifiedBy="admin"
                jcr:primaryType="nt:unstructured"
                sling:resourceType="wcm/foundation/components/responsivegrid">
                <blogteaser
                    jcr:created="{Date}2022-02-23T12:02:32.478+05:30"
                    jcr:createdBy="admin"
                    jcr:lastModified="{Date}2022-02-28T11:10:24.774+05:30"
                    jcr:lastModifiedBy="admin"
                    jcr:primaryType="nt:unstructured"
                    sling:resourceType="ecomm-framework/components/content/blogteaser"
                    authoringDate="July 03, 2018"
                    authorName="Kelsey Scherf"
                    blogImage="/content/dam/delcity/images/blogs/image-not-available-image.png"
                    selectBrand="DC"
                    teaserHeader="RV &amp; Solar Fast Facts ">
                    <categoryList jcr:primaryType="nt:unstructured">
                        <item0
                            jcr:primaryType="nt:unstructured"
                            delcitycategories="Solar"/>
                        <item1
                            jcr:primaryType="nt:unstructured"
                            delcitycategories="Speciality Vehicles"/>
                    </categoryList>
                </blogteaser>
                <responsivegrid
                    jcr:created="{Date}2022-02-23T12:02:23.361+05:30"
                    jcr:createdBy="admin"
                    jcr:lastModified="{Date}2022-02-23T12:02:23.361+05:30"
                    jcr:lastModifiedBy="admin"
                    jcr:primaryType="nt:unstructured"
                    sling:resourceType="wcm/foundation/components/responsivegrid">
                    <cq:responsive jcr:primaryType="nt:unstructured"/>
                    <text
                        cq:styleIds="[1629979540972]"
                        jcr:created="{Date}2022-02-23T12:04:21.687+05:30"
                        jcr:createdBy="admin"
                        jcr:lastModified="{Date}2022-02-28T11:38:05.579+05:30"
                        jcr:lastModifiedBy="admin"
                        jcr:primaryType="nt:unstructured"
                        sling:resourceType="delcity/components/content/text"
                        text="&lt;p>&amp;nbsp;&lt;/p>&#xd;&#xa;&lt;p>The RV industry continues to grow as more people take advantage of the many benefits an RV can bring. Del City looked into how solar power can help the RV industry thrive. Download the&amp;nbsp;&lt;a href=&quot;http://blog.delcity.net/wp-content/uploads/2018/07/RV_Solar.pdf&quot;>&lt;u>infographic&lt;/u>&lt;/a>&amp;nbsp;for RV &amp;amp; Solar Fast Facts below. For a more comprehensive look at solar power, check out our free&amp;nbsp;&lt;a href=&quot;http://blog.delcity.net/wp-content/uploads/2019/04/Complete_Guide_to_Solar_4.pdf&quot;>&lt;u>ebook!&lt;/u>&lt;/a>&lt;/p>&#xd;&#xa;&lt;p>&amp;nbsp;&lt;/p>&#xd;&#xa;"
                        textIsRich="true"/>
                    <image
                        jcr:created="{Date}2022-02-23T12:08:57.054+05:30"
                        jcr:createdBy="admin"
                        jcr:lastModified="{Date}2022-02-23T12:11:23.628+05:30"
                        jcr:lastModifiedBy="admin"
                        jcr:primaryType="nt:unstructured"
                        sling:resourceType="ecomm-framework/components/content/image"
                        altValueFromDAM="true"
                        displayPopupTitle="true"
                        fileReference="/content/dam/delcity/images/blogs/RV-300x266.png"
                        isDecorative="false"
                        titleValueFromDAM="true">
                        <cq:responsive jcr:primaryType="nt:unstructured">
                            <default
                                jcr:primaryType="nt:unstructured"
                                offset="4"
                                width="4"/>
                        </cq:responsive>
                    </image>
                    <text_55690749
                        cq:styleIds="[1629979540972]"
                        jcr:created="{Date}2022-02-23T12:09:23.242+05:30"
                        jcr:createdBy="admin"
                        jcr:lastModified="{Date}2022-02-28T12:00:50.343+05:30"
                        jcr:lastModifiedBy="admin"
                        jcr:primaryType="nt:unstructured"
                        sling:resourceType="delcity/components/content/text"
                        text="&lt;p style=&quot;text-align: center;&quot;>&lt;a href=&quot;http://delcity.wpengine.com/wp-content/uploads/2018/07/RV_Solar.pdf&quot;>RV &amp;amp; Solar Fast Facts&lt;/a>&lt;/p>&#xd;&#xa;&lt;h6>&amp;nbsp; &amp;nbsp; &amp;nbsp; &amp;nbsp; Posted in&amp;nbsp;&lt;a href=&quot;https://blog.delcity.net/category/solar/&quot;>&lt;u>Solar&lt;/u>&lt;/a>,&amp;nbsp;&lt;a href=&quot;https://blog.delcity.net/category/specialty-vehicles/&quot;>&lt;u>Specialty Vehicles&lt;/u>&lt;/a>.&lt;/h6>&#xd;&#xa;&lt;h6>&amp;nbsp;&lt;/h6>&#xd;&#xa;"
                        textIsRich="true"/>
                    <separator
                        jcr:created="{Date}2022-02-23T12:11:47.598+05:30"
                        jcr:createdBy="admin"
                        jcr:lastModified="{Date}2022-02-23T12:11:47.598+05:30"
                        jcr:lastModifiedBy="admin"
                        jcr:primaryType="nt:unstructured"
                        sling:resourceType="ecomm-framework/components/content/separator"/>
                    <button
                        jcr:created="{Date}2022-02-23T12:11:57.454+05:30"
                        jcr:createdBy="admin"
                        jcr:lastModified="{Date}2022-02-23T12:12:52.137+05:30"
                        jcr:lastModifiedBy="admin"
                        jcr:primaryType="nt:unstructured"
                        jcr:title="Automotive &amp; Solar Fast Facts"
                        sling:resourceType="ecomm-framework/components/content/button"
                        link="https://blog.delcity.net/automotive-solar-fast-facts/">
                        <cq:responsive jcr:primaryType="nt:unstructured">
                            <default
                                jcr:primaryType="nt:unstructured"
                                offset="1"
                                width="3"/>
                        </cq:responsive>
                    </button>
                    <button_795333722
                        jcr:created="{Date}2022-02-23T12:12:03.466+05:30"
                        jcr:createdBy="admin"
                        jcr:lastModified="{Date}2022-02-23T12:13:29.080+05:30"
                        jcr:lastModifiedBy="admin"
                        jcr:primaryType="nt:unstructured"
                        jcr:title="Agriculture &amp; Solar Fast Facts"
                        sling:resourceType="ecomm-framework/components/content/button"
                        link="https://blog.delcity.net/agriculture-solar-fast-facts/">
                        <cq:responsive jcr:primaryType="nt:unstructured">
                            <default
                                jcr:primaryType="nt:unstructured"
                                offset="5"
                                width="3"/>
                        </cq:responsive>
                    </button_795333722>
                    <text_2012753377
                        jcr:created="{Date}2022-02-23T12:13:53.463+05:30"
                        jcr:createdBy="admin"
                        jcr:lastModified="{Date}2022-02-23T12:13:53.463+05:30"
                        jcr:lastModifiedBy="admin"
                        jcr:primaryType="nt:unstructured"
                        sling:resourceType="delcity/components/content/text"/>
                </responsivegrid>
            </responsivegrid>
        </root>
    </jcr:content>
</jcr:root>
