<?xml version="1.0" encoding="UTF-8"?>
<jcr:root xmlns:sling="http://sling.apache.org/jcr/sling/1.0" xmlns:cq="http://www.day.com/jcr/cq/1.0" xmlns:jcr="http://www.jcp.org/jcr/1.0" xmlns:nt="http://www.jcp.org/jcr/nt/1.0"
    jcr:primaryType="cq:Page">
    <jcr:content
        cq:lastModified="{Date}2022-03-04T07:23:04.643-06:00"
        cq:lastModifiedBy="Praveen.Vatchavayi@mercmarine.com"
        cq:template="/conf/delcity/settings/wcm/templates/delcity-generic-template"
        jcr:primaryType="cq:PageContent"
        jcr:title="New Product Announcement: Triplex and Quadplex Brake Cable"
        sling:resourceType="delcity/components/structure/page">
        <root
            jcr:primaryType="nt:unstructured"
            sling:resourceType="wcm/foundation/components/responsivegrid">
            <footer
                jcr:created="{Date}2021-06-21T14:21:52.357+05:30"
                jcr:createdBy="admin"
                jcr:lastModified="{Date}2022-02-01T17:04:20.028+05:30"
                jcr:lastModifiedBy="admin"
                jcr:primaryType="nt:unstructured"
                sling:resourceType="delcity/components/structure/footer"
                menutitle1="About Us"
                sendIcon="/content/dam/delcity/images/Icon-send@2x.png">
                <aboutus jcr:primaryType="nt:unstructured">
                    <item0
                        jcr:primaryType="nt:unstructured"
                        pagetitle="About Us"/>
                    <item1
                        jcr:primaryType="nt:unstructured"
                        pagetitle="Contact Us"/>
                    <item2
                        jcr:primaryType="nt:unstructured"
                        pagetitle="FAQs"/>
                </aboutus>
            </footer>
            <responsivegrid
                jcr:created="{Date}2021-06-21T14:21:44.042+05:30"
                jcr:createdBy="admin"
                jcr:lastModified="{Date}2022-02-01T17:04:38.578+05:30"
                jcr:lastModifiedBy="admin"
                jcr:primaryType="nt:unstructured"
                sling:resourceType="wcm/foundation/components/responsivegrid">
                <blogteaser
                    jcr:created="{Date}2022-02-22T19:27:51.362+05:30"
                    jcr:createdBy="admin"
                    jcr:lastModified="{Date}2022-03-04T07:23:04.635-06:00"
                    jcr:lastModifiedBy="Praveen.Vatchavayi@mercmarine.com"
                    jcr:primaryType="nt:unstructured"
                    sling:resourceType="ecomm-framework/components/content/blogteaser"
                    authoringDate="September 01, 2016"
                    authorName="Kelsey Scherf"
                    blogImage="/content/dam/delcity/images/blogs/image-not-available-image.png"
                    selectBrand="DC"
                    teaserDescription="New Product Announcement: Triplex and Quadplex Brake Cable"
                    teaserHeader="New Product Announcement: Triplex and Quadplex Brake Cable">
                    <cq:responsive jcr:primaryType="nt:unstructured">
                        <default
                            jcr:primaryType="nt:unstructured"
                            offset="0"
                            width="12"/>
                    </cq:responsive>
                    <categoryList jcr:primaryType="nt:unstructured">
                        <item0
                            jcr:primaryType="nt:unstructured"
                            delcitycategories="Del City News"/>
                        <item1
                            jcr:primaryType="nt:unstructured"
                            delcitycategories="Wire &amp; Cable"/>
                    </categoryList>
                </blogteaser>
                <responsivegrid
                    jcr:created="{Date}2022-02-22T19:26:52.705+05:30"
                    jcr:createdBy="admin"
                    jcr:lastModified="{Date}2022-02-22T19:26:52.705+05:30"
                    jcr:lastModifiedBy="admin"
                    jcr:primaryType="nt:unstructured"
                    sling:resourceType="wcm/foundation/components/responsivegrid">
                    <cq:responsive jcr:primaryType="nt:unstructured"/>
                    <text
                        jcr:created="{Date}2022-02-22T19:41:26.391+05:30"
                        jcr:createdBy="admin"
                        jcr:lastModified="{Date}2022-02-22T19:41:34.433+05:30"
                        jcr:lastModifiedBy="admin"
                        jcr:primaryType="nt:unstructured"
                        sling:resourceType="ecomm-framework/components/content/text"
                        text="&lt;p>Triplex and Quadplex brake cable is now available at Del City. This complementary product to our existing offering has the same properties as our&amp;nbsp;&lt;a href=&quot;http://www.delcity.net/store/Duplex-Brake-Cable/p_818437&quot;>Duplex brake cable&lt;/a>&amp;nbsp;and features either three-conductor or four-conductor, PVC jacketed primary wires, laid in parallel. Primarily used for electric brake systems on trucks, buses, and trailers, adding more conductor options allows the end user more flexibility with their wiring needs.&lt;/p>&#xd;&#xa;"
                        textIsRich="true">
                        <cq:responsive jcr:primaryType="nt:unstructured">
                            <default
                                jcr:primaryType="nt:unstructured"
                                offset="0"
                                width="11"/>
                        </cq:responsive>
                    </text>
                    <text_444725863
                        cq:styleIds="[1629979540972]"
                        jcr:created="{Date}2022-02-22T19:41:51.208+05:30"
                        jcr:createdBy="admin"
                        jcr:lastModified="{Date}2022-02-23T10:22:21.563+05:30"
                        jcr:lastModifiedBy="admin"
                        jcr:primaryType="nt:unstructured"
                        sling:resourceType="delcity/components/content/text"
                        text="&lt;h1>&lt;b>What are the gauge &amp;amp; conductor options?&lt;/b>&lt;/h1>&#xd;&#xa;&lt;p>In addition to 2-conductor Duplex brake cable, we will now offer the 3-conductor &lt;a href=&quot;http://www.delcity.net/store/Triplex-Brake-Cable/p_818438&quot;>Triplex&lt;/a> and 4-conductor &lt;a href=&quot;http://www.delcity.net/store/Quadplex-Brake-Cable/p_818455&quot;>Quadplex&lt;/a> brake cable available in 16 Ga, 14 Ga &amp;amp; 12 Ga sizes.&lt;/p>&#xd;&#xa;"
                        textIsRich="true">
                        <cq:responsive jcr:primaryType="nt:unstructured">
                            <default
                                jcr:primaryType="nt:unstructured"
                                offset="0"
                                width="12"/>
                        </cq:responsive>
                    </text_444725863>
                    <image
                        jcr:created="{Date}2022-02-22T19:42:07.972+05:30"
                        jcr:createdBy="admin"
                        jcr:lastModified="{Date}2022-02-22T19:49:41.874+05:30"
                        jcr:lastModifiedBy="admin"
                        jcr:primaryType="nt:unstructured"
                        sling:resourceType="ecomm-framework/components/content/image"
                        altValueFromDAM="true"
                        displayPopupTitle="true"
                        fileReference="/content/dam/delcity/images/blogs/image-not-available-image.png"
                        isDecorative="false"
                        titleValueFromDAM="true">
                        <cq:responsive jcr:primaryType="nt:unstructured">
                            <default
                                jcr:primaryType="nt:unstructured"
                                offset="4"
                                width="5"/>
                        </cq:responsive>
                    </image>
                    <text_180381950
                        jcr:created="{Date}2022-02-22T19:42:25.174+05:30"
                        jcr:createdBy="admin"
                        jcr:lastModified="{Date}2022-02-22T19:42:31.181+05:30"
                        jcr:lastModifiedBy="admin"
                        jcr:primaryType="nt:unstructured"
                        sling:resourceType="ecomm-framework/components/content/text"
                        text="&lt;p>Brake cable is offered in 100 ft, 250 ft, 500 ft, and 1,000 ft spools.&lt;/p>&#xd;&#xa;&lt;p>All Del City&amp;nbsp;&lt;a href=&quot;http://www.delcity.net/store/Brake-Cable/p_818436&quot;>brake cable&lt;/a>&amp;nbsp;is made of a high quality polyvinyl chloride jacket. The operating temperature range is -40°C – 105°C and the inner conductors meet SAE J1128. Brake cable is color coded for industry standards. Constructed in three conductor configurations, the color code for Triplex brake cable is: white, black, green, with grey outer jacket while the Quadplex brake cable is constructed of four conductor configurations with the following color code: white, black, green, red, with grey outer jacket.&lt;/p>&#xd;&#xa;&lt;p>Beyond brake cable, Del City offers 15 different&amp;nbsp;&lt;a href=&quot;http://www.delcity.net/store/Wire-&amp;amp;-Cable/&quot;>types of wire&lt;/a>&amp;nbsp;including, primary wire, battery cable and trailer cable. To learn more about Triplex or Quadplex brake cable and the many other types of wire available at Del City, visit www.delcity.net, call our Technical Specialist at 1.800.654.4757, or email us at&amp;nbsp;&lt;a href=&quot;mailto:info@delcity.net&quot;>info@delcity.net&lt;/a>.&amp;nbsp;&lt;/p>&#xd;&#xa;"
                        textIsRich="true">
                        <cq:responsive jcr:primaryType="nt:unstructured">
                            <default
                                jcr:primaryType="nt:unstructured"
                                offset="0"
                                width="11"/>
                        </cq:responsive>
                    </text_180381950>
                    <text_1836318067
                        jcr:created="{Date}2022-02-22T19:42:42.542+05:30"
                        jcr:createdBy="admin"
                        jcr:lastModified="{Date}2022-02-23T10:23:12.749+05:30"
                        jcr:lastModifiedBy="admin"
                        jcr:primaryType="nt:unstructured"
                        sling:resourceType="ecomm-framework/components/content/text"
                        text="&lt;h6 style=&quot;margin-left: 40px;&quot;>Posted in&amp;nbsp;&lt;a href=&quot;https://blog.delcity.net/category/del-city-news/&quot;>Del City News&lt;/a>,&amp;nbsp;&lt;a href=&quot;https://blog.delcity.net/category/wire-cable/&quot;>Wire &amp;amp; Cable&lt;/a>.&lt;/h6>&#xd;&#xa;"
                        textIsRich="true">
                        <cq:responsive jcr:primaryType="nt:unstructured">
                            <default
                                jcr:primaryType="nt:unstructured"
                                offset="0"
                                width="12"/>
                        </cq:responsive>
                    </text_1836318067>
                    <separator
                        jcr:created="{Date}2022-02-22T19:42:58.317+05:30"
                        jcr:createdBy="admin"
                        jcr:lastModified="{Date}2022-02-22T19:42:58.317+05:30"
                        jcr:lastModifiedBy="admin"
                        jcr:primaryType="nt:unstructured"
                        sling:resourceType="ecomm-framework/components/content/separator"/>
                    <button
                        jcr:created="{Date}2022-02-22T19:43:07.716+05:30"
                        jcr:createdBy="admin"
                        jcr:lastModified="{Date}2022-02-22T19:43:39.198+05:30"
                        jcr:lastModifiedBy="admin"
                        jcr:primaryType="nt:unstructured"
                        jcr:title=" Benefits of Automotive LED Replacement…"
                        sling:resourceType="ecomm-framework/components/content/button"
                        icon="&lt;---"
                        link="https://blog.delcity.net/benefits-of-automotive-led-replacement-bulbs/">
                        <cq:responsive jcr:primaryType="nt:unstructured">
                            <default
                                jcr:primaryType="nt:unstructured"
                                offset="1"
                                width="3"/>
                        </cq:responsive>
                    </button>
                    <button_2011098317
                        jcr:created="{Date}2022-02-22T19:43:47.422+05:30"
                        jcr:createdBy="admin"
                        jcr:lastModified="{Date}2022-02-22T19:44:18.279+05:30"
                        jcr:lastModifiedBy="admin"
                        jcr:primaryType="nt:unstructured"
                        jcr:title="A Comparison Between Battery Cable… "
                        sling:resourceType="ecomm-framework/components/content/button"
                        icon="--->"
                        link="https://blog.delcity.net/a-comparison-between-battery-cable-and-welding-cable/">
                        <cq:responsive jcr:primaryType="nt:unstructured">
                            <default
                                jcr:primaryType="nt:unstructured"
                                offset="4"
                                width="3"/>
                        </cq:responsive>
                    </button_2011098317>
                </responsivegrid>
            </responsivegrid>
        </root>
    </jcr:content>
</jcr:root>
