<?xml version="1.0" encoding="UTF-8"?>
<jcr:root xmlns:sling="http://sling.apache.org/jcr/sling/1.0" xmlns:cq="http://www.day.com/jcr/cq/1.0" xmlns:jcr="http://www.jcp.org/jcr/1.0" xmlns:nt="http://www.jcp.org/jcr/nt/1.0"
    jcr:primaryType="nt:unstructured"
    jcr:title="Invoices"
    sling:resourceType="cq/gui/components/authoring/dialog">
    <content
        jcr:primaryType="nt:unstructured"
        sling:resourceType="granite/ui/components/coral/foundation/container">
        <items jcr:primaryType="nt:unstructured">
            <tabs
                jcr:primaryType="nt:unstructured"
                sling:resourceType="granite/ui/components/coral/foundation/tabs">
                <items jcr:primaryType="nt:unstructured">
                    <searchlist
                        jcr:primaryType="nt:unstructured"
                        jcr:title="Search Filter"
                        sling:resourceType="granite/ui/components/coral/foundation/fixedcolumns"
                        margin="true">
                        <items jcr:primaryType="nt:unstructured">
                            <column
                                jcr:primaryType="nt:unstructured"
                                sling:resourceType="granite/ui/components/coral/foundation/container">
                                <items jcr:primaryType="nt:unstructured">
                                    <title
                                        jcr:primaryType="nt:unstructured"
                                        sling:resourceType="granite/ui/components/coral/foundation/form/textfield"
                                        fieldDescription="Please add title for Page."
                                        fieldLabel="Page Title"
                                        maxlength="30"
                                        name="./title"/>
                                        
                                    <searchOption
                                        jcr:primaryType="nt:unstructured"
                                        sling:resourceType="granite/ui/components/coral/foundation/form/textfield"
                                        fieldDescription="Please add Search Option Label Text."
                                        fieldLabel="Search Option Label"
                                        maxlength="30"
                                        name="./searchOption"/>
                                       
                                    <startDate
                                        jcr:primaryType="nt:unstructured"
                                        sling:resourceType="granite/ui/components/coral/foundation/form/textfield"
                                        fieldDescription="Please add Start Date Label Text."
                                        fieldLabel="Start Date Label"
                                        maxlength="20"
                                        name="./startDate"/>
                                        
                                    <endDate
                                        jcr:primaryType="nt:unstructured"
                                        sling:resourceType="granite/ui/components/coral/foundation/form/textfield"
                                        fieldDescription="Please add End Date Label Text."
                                        fieldLabel="End Date Label"
                                        maxlength="20"
                                        name="./endDate"/>

                                    <checkBoxOne
                                        jcr:primaryType="nt:unstructured"
                                        sling:resourceType="granite/ui/components/coral/foundation/form/textfield"
                                        fieldDescription="Please add Check Box Label Text."
                                        fieldLabel="Check Box Label"
                                        maxlength="30"
                                        name="./checkBoxOne"/>
                                        
                                    <searchBtn
                                        jcr:primaryType="nt:unstructured"
                                        sling:resourceType="granite/ui/components/coral/foundation/form/textfield"
                                        fieldDescription="Please add Search Button Label."
                                        fieldLabel="Search Button Label"
                                        maxlength="20"
                                        name="./searchBtn"
                                        required="{Boolean}true"/>
                                        
                                    <resetBtn
                                        jcr:primaryType="nt:unstructured"
                                        sling:resourceType="granite/ui/components/coral/foundation/form/textfield"
                                        fieldDescription="Please add Reset button Label."
                                        fieldLabel="Reset Button Label"
                                        maxlength="20"
                                        name="./resetBtn"
                                        required="{Boolean}true"/>
                                   
                                </items>
                            </column>
                        </items>
                    </searchlist>
                    <ExportDetails
                        jcr:primaryType="nt:unstructured"
                        jcr:title="Export and Analytics"
                        sling:resourceType="granite/ui/components/coral/foundation/fixedcolumns"
                        margin="true">
                        <items jcr:primaryType="nt:unstructured">
                            <column
                                jcr:primaryType="nt:unstructured"
                                sling:resourceType="granite/ui/components/coral/foundation/container">
                                <items jcr:primaryType="nt:unstructured">
                                       
                                    <exportBtn
                                        jcr:primaryType="nt:unstructured"
                                        sling:resourceType="granite/ui/components/coral/foundation/form/textfield"
                                        fieldDescription="Please add Export Button Label."
                                        fieldLabel="Export Button Label"
                                        maxlength="20"
                                        name="./exportBtn"
                                        required="{Boolean}true"/>
                                        
                                    <exportBtnAnalytics
		                                jcr:primaryType="nt:unstructured"
		                                sling:resourceType="granite/ui/components/coral/foundation/form/textfield"
		                                fieldDescription="Enter the data-attribute value for analytics."
		                                fieldLabel="Export Button Analytics Value"
		                                name="./exportBtnAnalytics"/>
		                                
		                             <invoiceAccountVal
                                        jcr:primaryType="nt:unstructured"
                                        sling:resourceType="granite/ui/components/coral/foundation/form/textfield"
                                        fieldDescription="Please add Invoice Account Value."
                                        fieldLabel="Invoice Account Value"
                                        maxlength="20"
                                        name="./invoiceAccountVal"/>
                                        
                                </items>
                            </column>
                        </items>
                    </ExportDetails>
                    <tableheadings
                        jcr:primaryType="nt:unstructured"
                        jcr:title="Table Headings"
                        sling:resourceType="granite/ui/components/coral/foundation/fixedcolumns"
                        margin="true">
                        <items jcr:primaryType="nt:unstructured">
                            <column
                                jcr:primaryType="nt:unstructured"
                                sling:resourceType="granite/ui/components/coral/foundation/container">
                                <items jcr:primaryType="nt:unstructured">
                                    
                                    <Col1heading
                                        jcr:primaryType="nt:unstructured"
                                        sling:resourceType="granite/ui/components/coral/foundation/form/textfield"
                                        fieldDescription="Please add title for Column1."
                                        fieldLabel="Column1 Heading"
                                        maxlength="20"
                                        name="./col1"/>
                                    <Col2heading
                                        jcr:primaryType="nt:unstructured"
                                        sling:resourceType="granite/ui/components/coral/foundation/form/textfield"
                                        fieldDescription="Please add title for Column2."
                                        fieldLabel="Column2 Heading"
                                        maxlength="20"
                                        name="./col2"/>
                                    <Col3heading
                                        jcr:primaryType="nt:unstructured"
                                        sling:resourceType="granite/ui/components/coral/foundation/form/textfield"
                                        fieldDescription="Please add title for Column3."
                                        fieldLabel="Column3 Heading"
                                        maxlength="20"
                                        name="./col3"/>
                                    <Col4heading
                                        jcr:primaryType="nt:unstructured"
                                        sling:resourceType="granite/ui/components/coral/foundation/form/textfield"
                                        fieldDescription="Please add title for Column4."
                                        fieldLabel="Column4 Heading"
                                        maxlength="20"
                                        name="./col4"/>
                                </items>
                            </column>
                        </items>
                    </tableheadings>
                </items>
            </tabs>
        </items>
    </content>
</jcr:root>
