<?xml version="1.0" encoding="UTF-8"?>
<jcr:root xmlns:sling="http://sling.apache.org/jcr/sling/1.0" xmlns:cq="http://www.day.com/jcr/cq/1.0" xmlns:jcr="http://www.jcp.org/jcr/1.0" xmlns:mix="http://www.jcp.org/jcr/mix/1.0" xmlns:nt="http://www.jcp.org/jcr/nt/1.0"
    jcr:primaryType="cq:Page">
    <jcr:content
        cq:lastModified="{Date}2022-03-01T04:40:03.390-06:00"
        cq:lastModifiedBy="Anagha.Dwajan@mercmarine.com"
        cq:lastReplicated="{Date}2022-03-01T04:40:32.415-06:00"
        cq:lastReplicatedBy="Anagha.Dwajan@mercmarine.com"
        cq:lastReplicationAction="Activate"
        cq:template="/conf/delcity/settings/wcm/templates/delcity-generic-template"
        jcr:isCheckedOut="{Boolean}true"
        jcr:mixinTypes="[mix:versionable]"
        jcr:primaryType="cq:PageContent"
        jcr:title="Cole Hersee Plastic Solenoids"
        jcr:uuid="cc82ce66-ea44-41bd-9bcc-3252508dc160"
        sling:resourceType="delcity/components/structure/page">
        <root
            jcr:primaryType="nt:unstructured"
            sling:resourceType="wcm/foundation/components/responsivegrid">
            <footer
                jcr:created="{Date}2021-06-21T14:21:52.357+05:30"
                jcr:createdBy="admin"
                jcr:lastModified="{Date}2022-02-01T17:04:20.028+05:30"
                jcr:lastModifiedBy="admin"
                jcr:primaryType="nt:unstructured"
                sling:resourceType="delcity/components/structure/footer"
                menutitle1="About Us"
                sendIcon="/content/dam/delcity/images/Icon-send@2x.png">
                <aboutus jcr:primaryType="nt:unstructured">
                    <item0
                        jcr:primaryType="nt:unstructured"
                        pagetitle="About Us"/>
                    <item1
                        jcr:primaryType="nt:unstructured"
                        pagetitle="Contact Us"/>
                    <item2
                        jcr:primaryType="nt:unstructured"
                        pagetitle="FAQs"/>
                </aboutus>
            </footer>
            <responsivegrid
                jcr:created="{Date}2021-06-21T14:21:44.042+05:30"
                jcr:createdBy="admin"
                jcr:lastModified="{Date}2022-02-01T17:04:38.578+05:30"
                jcr:lastModifiedBy="admin"
                jcr:primaryType="nt:unstructured"
                sling:resourceType="wcm/foundation/components/responsivegrid">
                <blogteaser
                    jcr:created="{Date}2022-02-22T12:58:37.581+05:30"
                    jcr:createdBy="admin"
                    jcr:lastModified="{Date}2022-03-01T04:38:21.494-06:00"
                    jcr:lastModifiedBy="Anagha.Dwajan@mercmarine.com"
                    jcr:primaryType="nt:unstructured"
                    sling:resourceType="ecomm-framework/components/content/blogteaser"
                    authoringDate="April 18, 2015"
                    authorName="Kelsey Scherf"
                    blogImage="/content/dam/delcity/images/blogs/image-not-available-image.png"
                    selectBrand="DC"
                    teaserDescription="Cole Hersee plastic solenoids are constructed of glass-filled nylon, making them extremely light weight and durable."
                    teaserHeader="Cole Hersee Plastic Solenoids">
                    <categoryList jcr:primaryType="nt:unstructured">
                        <item0
                            jcr:primaryType="nt:unstructured"
                            delcitycategories="Relays &amp; Power Distribution"/>
                        <item1
                            jcr:primaryType="nt:unstructured"
                            delcitycategories="Switches"/>
                    </categoryList>
                </blogteaser>
                <text
                    cq:styleIds="[1630063461827]"
                    jcr:created="{Date}2022-02-22T13:01:16.428+05:30"
                    jcr:createdBy="admin"
                    jcr:lastModified="{Date}2022-02-22T13:01:24.386+05:30"
                    jcr:lastModifiedBy="admin"
                    jcr:primaryType="nt:unstructured"
                    sling:resourceType="delcity/components/content/text"
                    text="&lt;p>Cole Hersee plastic solenoids are constructed of glass-filled nylon, making them extremely light weight and durable. They are naturally resistant to corrosion compared to traditional metal housing solenoids. These plastic solenoids are resistant to high or low temperatures (-40°C to 60°C) allowing them to be used in a wide variety of applications.&amp;nbsp;&lt;/p>&#xd;&#xa;"
                    textIsRich="true"/>
                <image
                    jcr:created="{Date}2022-02-22T13:02:04.656+05:30"
                    jcr:createdBy="admin"
                    jcr:lastModified="{Date}2022-02-22T13:02:12.899+05:30"
                    jcr:lastModifiedBy="admin"
                    jcr:primaryType="nt:unstructured"
                    sling:resourceType="ecomm-framework/components/content/image"
                    altValueFromDAM="true"
                    displayPopupTitle="true"
                    fileReference="/content/dam/delcity/images/blogs/image-not-available-image.png"
                    isDecorative="false"
                    titleValueFromDAM="true">
                    <cq:responsive jcr:primaryType="nt:unstructured">
                        <default
                            jcr:primaryType="nt:unstructured"
                            offset="3"
                            width="6"/>
                    </cq:responsive>
                </image>
                <text_1294179183
                    cq:styleIds="[1630063461827]"
                    jcr:created="{Date}2022-02-22T13:17:25.274+05:30"
                    jcr:createdBy="admin"
                    jcr:lastModified="{Date}2022-02-22T13:18:35.848+05:30"
                    jcr:lastModifiedBy="admin"
                    jcr:primaryType="nt:unstructured"
                    sling:resourceType="delcity/components/content/text"
                    text="&lt;p>Del City now offers plastic solenoids in intermittent duty or continuous duty.&amp;nbsp; The intermittent duty solenoidsare rated to 200 amps and provide a large amount of power fora short period of time.&amp;nbsp;The plastic intermittent duty solenoid is SPST, normally open with an insulated coil and two 10-32 studs. The plastic continuous duty solenoids are rated to 100 amps and provide power for a long period of time at a lower amperage than an intermittent solenoid. The continuous duty solenoids are SPST, normally open with insulated coils. Del City offers the continuous duty plastic solenoid with either two blade contacts or two 10-32 studs. The intermittent and continuous duty solenoids are typically used for starting small engines including lawn tractors, golf carts and sweepers.&lt;br>&#xd;&#xa;&lt;/p>&#xd;&#xa;"
                    textIsRich="true"/>
                <text_829572052
                    cq:styleIds="[1629979545994]"
                    jcr:created="{Date}2022-02-22T13:03:00.203+05:30"
                    jcr:createdBy="admin"
                    jcr:lastModified="{Date}2022-02-28T10:25:49.922+05:30"
                    jcr:lastModifiedBy="admin"
                    jcr:primaryType="nt:unstructured"
                    sling:resourceType="delcity/components/content/text"
                    text="&lt;table border=&quot;0&quot; cellpadding=&quot;0&quot; cellspacing=&quot;0&quot; width=&quot;869&quot;>&#xd;&#xa;&lt;tbody>&lt;tr>&lt;td height=&quot;60&quot; width=&quot;141&quot;>&lt;b>Solenoid Type&lt;/b>&lt;/td>&#xd;&#xa;&lt;td width=&quot;96&quot;>&lt;b>Part No.&lt;/b>&lt;/td>&#xd;&#xa;&lt;td width=&quot;92&quot;>&lt;b>Voltage&lt;/b>&lt;/td>&#xd;&#xa;&lt;td width=&quot;89&quot;>&lt;b>Contact&lt;/b>&lt;/td>&#xd;&#xa;&lt;td width=&quot;98&quot;>&lt;b>Bracket&lt;/b>&lt;/td>&#xd;&#xa;&lt;td width=&quot;127&quot;>&lt;b>Large Stud&lt;/b>&lt;/td>&#xd;&#xa;&lt;td width=&quot;152&quot;>&lt;b>Coil Terminals&lt;/b>&lt;/td>&#xd;&#xa;&lt;td width=&quot;74&quot;>&lt;b>Coil Type&lt;/b>&lt;/td>&#xd;&#xa;&lt;/tr>&lt;tr>&lt;td height=&quot;38&quot; width=&quot;141&quot;>Intermittent&lt;/td>&#xd;&#xa;&lt;td width=&quot;96&quot;>&lt;a href=&quot;http://www.delcity.net/store/Cole-Hersee-Intermittent-Plastic-!-SPST-12V-200A/p_809118.h_809119.t_1&quot;>67045&lt;/a>&lt;/td>&#xd;&#xa;&lt;td width=&quot;92&quot;>12V&lt;/td>&#xd;&#xa;&lt;td width=&quot;89&quot;>Copper&lt;/td>&#xd;&#xa;&lt;td width=&quot;98&quot;>L&lt;/td>&#xd;&#xa;&lt;td width=&quot;127&quot;>5/16”-24&lt;/td>&#xd;&#xa;&lt;td width=&quot;152&quot;>2 10-32&lt;/td>&#xd;&#xa;&lt;td width=&quot;74&quot;>Insulated&lt;/td>&#xd;&#xa;&lt;/tr>&lt;tr>&lt;td height=&quot;38&quot; width=&quot;141&quot;>Continuous&lt;/td>&#xd;&#xa;&lt;td width=&quot;96&quot;>&lt;a href=&quot;http://www.delcity.net/store/Cole-Hersee-Continuous-Plastic-!-SPST-12V-100A/p_809121.h_809122.t_1&quot;>67012&lt;/a>&lt;/td>&#xd;&#xa;&lt;td width=&quot;92&quot;>12V&lt;/td>&#xd;&#xa;&lt;td width=&quot;89&quot;>Silver&lt;/td>&#xd;&#xa;&lt;td width=&quot;98&quot;>F&lt;/td>&#xd;&#xa;&lt;td width=&quot;127&quot;>5/16”-24&lt;/td>&#xd;&#xa;&lt;td width=&quot;152&quot;>2 blade&lt;/td>&#xd;&#xa;&lt;td width=&quot;74&quot;>Insulated&lt;/td>&#xd;&#xa;&lt;/tr>&lt;tr>&lt;td height=&quot;39&quot; width=&quot;141&quot;>Continuous&lt;/td>&#xd;&#xa;&lt;td width=&quot;96&quot;>&lt;a href=&quot;http://www.delcity.net/store/Cole-Hersee-Continuous-Plastic-!-SPST-12V-100A/p_809121.h_809122.t_1&quot;>67017&lt;/a>&lt;/td>&#xd;&#xa;&lt;td width=&quot;92&quot;>12V&lt;/td>&#xd;&#xa;&lt;td width=&quot;89&quot;>Silver&lt;/td>&#xd;&#xa;&lt;td width=&quot;98&quot;>L&lt;/td>&#xd;&#xa;&lt;td width=&quot;127&quot;>5/16”-24&lt;/td>&#xd;&#xa;&lt;td width=&quot;152&quot;>2 10-32&lt;/td>&#xd;&#xa;&lt;td width=&quot;74&quot;>Insulated&lt;/td>&#xd;&#xa;&lt;/tr>&lt;/tbody>&lt;/table>&#xd;&#xa;"
                    textIsRich="true">
                    <cq:responsive jcr:primaryType="nt:unstructured">
                        <default
                            jcr:primaryType="nt:unstructured"
                            offset="0"
                            width="12"/>
                    </cq:responsive>
                </text_829572052>
                <separator_621822907
                    jcr:created="{Date}2022-02-22T15:11:58.928+05:30"
                    jcr:createdBy="admin"
                    jcr:lastModified="{Date}2022-02-22T15:11:58.928+05:30"
                    jcr:lastModifiedBy="admin"
                    jcr:primaryType="nt:unstructured"
                    sling:resourceType="ecomm-framework/components/content/separator"/>
                <text_575439398
                    cq:styleIds="[1630063461827]"
                    jcr:created="{Date}2022-02-22T13:19:14.696+05:30"
                    jcr:createdBy="admin"
                    jcr:lastModified="{Date}2022-02-22T15:05:44.131+05:30"
                    jcr:lastModifiedBy="admin"
                    jcr:primaryType="nt:unstructured"
                    sling:resourceType="delcity/components/content/text"
                    text="&lt;p>*67045: Maximum operating voltage 14V DC. Cycle Life: 10,000 min&amp;nbsp; &amp;nbsp; &amp;nbsp; &lt;/p>&#xd;&#xa;&lt;p>&amp;nbsp;*67012/17: Maximum operating voltage 14V DC. Cycle Life: 50,000 min&lt;/p>&#xd;&#xa;&lt;p>The heavy service continuous duty solenoid is rated to 225 amps, making it ideal for use with heavy vehicles, material handling, hydraulic systems, large DC machinery and electric vehicles. The heavy service solenoid features an insulated coil and two 10-32 studs.&lt;/p>&#xd;&#xa;"
                    textIsRich="true"/>
                <text_829572052_copy
                    cq:styleIds="[1629979545994]"
                    jcr:created="{Date}2022-02-22T13:03:00.203+05:30"
                    jcr:createdBy="admin"
                    jcr:lastModified="{Date}2022-02-28T10:35:12.418+05:30"
                    jcr:lastModifiedBy="admin"
                    jcr:primaryType="nt:unstructured"
                    sling:resourceType="delcity/components/content/text"
                    text="&lt;table border=&quot;0&quot; cellpadding=&quot;0&quot; cellspacing=&quot;0&quot; width=&quot;903&quot;>&#xd;&#xa;&lt;tbody>&lt;tr>&lt;td height=&quot;40&quot; width=&quot;143&quot;>&lt;b>Solenoid Type&lt;/b>&lt;/td>&#xd;&#xa;&lt;td width=&quot;106&quot;>&lt;b>Part No.&lt;/b>&lt;/td>&#xd;&#xa;&lt;td width=&quot;96&quot;>&lt;b>Voltage&lt;/b>&lt;/td>&#xd;&#xa;&lt;td width=&quot;92&quot;>&lt;b>Contact&lt;/b>&lt;/td>&#xd;&#xa;&lt;td width=&quot;89&quot;>&lt;b>Bracket&lt;/b>&lt;/td>&#xd;&#xa;&lt;td width=&quot;98&quot;>&lt;b>Large Stud&lt;/b>&lt;/td>&#xd;&#xa;&lt;td width=&quot;127&quot;>&lt;b>Coil Terminals&lt;/b>&lt;/td>&#xd;&#xa;&lt;td width=&quot;152&quot;>&lt;b>Coil Type&lt;/b>&lt;/td>&#xd;&#xa;&lt;/tr>&lt;tr>&lt;td height=&quot;58&quot; width=&quot;143&quot;>HD Continuous&lt;/td>&#xd;&#xa;&lt;td width=&quot;106&quot;>&lt;a href=&quot;http://www.delcity.net/store/Cole-Hersee-Heavy-Continuous-!-SPST-12V-225A/p_809126.h_809127.t_1&quot;>67050&lt;/a>&lt;/td>&#xd;&#xa;&lt;td width=&quot;96&quot;>12V&lt;/td>&#xd;&#xa;&lt;td width=&quot;92&quot;>Copper&lt;/td>&#xd;&#xa;&lt;td width=&quot;89&quot;>L&lt;/td>&#xd;&#xa;&lt;td width=&quot;98&quot;>5/16”-24&lt;/td>&#xd;&#xa;&lt;td width=&quot;127&quot;>2 10-32&lt;/td>&#xd;&#xa;&lt;td width=&quot;152&quot;>Insulated&lt;/td>&#xd;&#xa;&lt;/tr>&lt;/tbody>&lt;/table>&#xd;&#xa;"
                    textIsRich="true">
                    <cq:responsive jcr:primaryType="nt:unstructured">
                        <default
                            jcr:primaryType="nt:unstructured"
                            offset="1"
                            width="11"/>
                    </cq:responsive>
                </text_829572052_copy>
                <separator_1182879283
                    jcr:created="{Date}2022-02-22T15:11:51.389+05:30"
                    jcr:createdBy="admin"
                    jcr:lastModified="{Date}2022-02-22T15:11:51.389+05:30"
                    jcr:lastModifiedBy="admin"
                    jcr:primaryType="nt:unstructured"
                    sling:resourceType="ecomm-framework/components/content/separator"/>
                <text_634682915
                    cq:styleIds="[1630063461827]"
                    jcr:created="{Date}2022-02-22T13:21:53.935+05:30"
                    jcr:createdBy="admin"
                    jcr:lastModified="{Date}2022-02-22T13:22:12.690+05:30"
                    jcr:lastModifiedBy="admin"
                    jcr:primaryType="nt:unstructured"
                    sling:resourceType="delcity/components/content/text"
                    text="&lt;p>*67050: Maximum operating voltage 14V DC. Cycle Life: 25,000 min&lt;/p>&#xd;&#xa;&lt;p>&amp;nbsp;The motor reversing solenoid has dynamic breaking capability for reversing applications with hoists, winches, windlasses and snowplow blades. The motor reversing solenoid is a DPDT intermittent solenoid with two blade coil terminals and a common ground coil type.&amp;nbsp;&lt;/p>&#xd;&#xa;"
                    textIsRich="true"/>
                <text_829572052_copy_1679511119
                    cq:styleIds="[1629979545994]"
                    jcr:created="{Date}2022-02-22T13:03:00.203+05:30"
                    jcr:createdBy="admin"
                    jcr:lastModified="{Date}2022-02-28T10:39:19.628+05:30"
                    jcr:lastModifiedBy="admin"
                    jcr:primaryType="nt:unstructured"
                    sling:resourceType="delcity/components/content/text"
                    text="&lt;p>&lt;b> &lt;/b>&lt;/p>&#xd;&#xa;&lt;table border=&quot;0&quot; cellpadding=&quot;0&quot; cellspacing=&quot;0&quot; width=&quot;903&quot;>&#xd;&#xa;&lt;tbody>&lt;tr>&lt;td height=&quot;20&quot; width=&quot;143&quot;>&lt;b>Solenoid Type&lt;/b>&lt;/td>&#xd;&#xa;&lt;td width=&quot;106&quot;>&lt;b>Part No.&lt;/b>&lt;/td>&#xd;&#xa;&lt;td width=&quot;96&quot;>&lt;b>Voltage&lt;/b>&lt;/td>&#xd;&#xa;&lt;td width=&quot;92&quot;>&lt;b>Contact&lt;/b>&lt;/td>&#xd;&#xa;&lt;td width=&quot;89&quot;>&lt;b>Bracket&lt;/b>&lt;/td>&#xd;&#xa;&lt;td width=&quot;98&quot;>&lt;b>Large Stud&lt;/b>&lt;/td>&#xd;&#xa;&lt;td width=&quot;127&quot;>&lt;b>Coil Terminals&lt;/b>&lt;/td>&#xd;&#xa;&lt;td width=&quot;152&quot;>&lt;b>Coil Type&lt;/b>&lt;/td>&#xd;&#xa;&lt;/tr>&lt;tr>&lt;td height=&quot;21&quot; width=&quot;143&quot;>Motor Reversing&lt;/td>&#xd;&#xa;&lt;td width=&quot;106&quot;>&lt;a href=&quot;http://www.delcity.net/store/Cole-Hersee-Insulated-Intermittent-Reversing-Motor-!-DPDT/p_809129.h_809130.t_1&quot;>67055&lt;/a>&lt;/td>&#xd;&#xa;&lt;td width=&quot;96&quot;>12V&lt;/td>&#xd;&#xa;&lt;td width=&quot;92&quot;>Copper&lt;/td>&#xd;&#xa;&lt;td width=&quot;89&quot;>F&lt;/td>&#xd;&#xa;&lt;td width=&quot;98&quot;>5/16”-24&lt;/td>&#xd;&#xa;&lt;td width=&quot;127&quot;>2 blades&lt;/td>&#xd;&#xa;&lt;td width=&quot;152&quot;>Common Ground&lt;/td>&#xd;&#xa;&lt;/tr>&lt;/tbody>&lt;/table>&#xd;&#xa;"
                    textIsRich="true">
                    <cq:responsive jcr:primaryType="nt:unstructured">
                        <default
                            jcr:primaryType="nt:unstructured"
                            offset="1"
                            width="11"/>
                    </cq:responsive>
                </text_829572052_copy_1679511119>
                <separator_842254080
                    jcr:created="{Date}2022-02-22T15:11:37.382+05:30"
                    jcr:createdBy="admin"
                    jcr:lastModified="{Date}2022-02-22T15:11:37.382+05:30"
                    jcr:lastModifiedBy="admin"
                    jcr:primaryType="nt:unstructured"
                    sling:resourceType="ecomm-framework/components/content/separator"/>
                <text_423015356
                    cq:styleIds="[1630063461827]"
                    jcr:created="{Date}2022-02-22T13:25:16.905+05:30"
                    jcr:createdBy="admin"
                    jcr:lastModified="{Date}2022-02-22T13:25:37.129+05:30"
                    jcr:lastModifiedBy="admin"
                    jcr:primaryType="nt:unstructured"
                    sling:resourceType="delcity/components/content/text"
                    text="&lt;p>*67055: Maximum operating voltage 14.5V DC. Cycle Life: 10,000 cycles at 5 seconds On, 25 seconds Off.&lt;/p>&#xd;&#xa;"
                    textIsRich="true"/>
                <text_1176752900
                    jcr:created="{Date}2022-02-22T13:03:46.375+05:30"
                    jcr:createdBy="admin"
                    jcr:lastModified="{Date}2022-02-27T15:55:54.060+05:30"
                    jcr:lastModifiedBy="admin"
                    jcr:primaryType="nt:unstructured"
                    sling:resourceType="delcity/components/content/text"
                    text="&lt;h6>Posted in&amp;nbsp;&lt;a href=&quot;https://blog.delcity.net/category/relays-power-distribution/&quot;>Relays &amp;amp; Power Distribution&lt;/a>,&amp;nbsp;&lt;a href=&quot;https://blog.delcity.net/category/switches/&quot;>Switches&lt;/a>.&lt;/h6>&#xd;&#xa;"
                    textIsRich="true"/>
                <separator
                    jcr:created="{Date}2022-02-22T13:04:57.189+05:30"
                    jcr:createdBy="admin"
                    jcr:lastModified="{Date}2022-02-22T13:04:57.189+05:30"
                    jcr:lastModifiedBy="admin"
                    jcr:primaryType="nt:unstructured"
                    sling:resourceType="ecomm-framework/components/content/separator"/>
                <button
                    jcr:created="{Date}2022-02-27T16:02:37.797+05:30"
                    jcr:createdBy="admin"
                    jcr:lastModified="{Date}2022-02-27T16:03:08.321+05:30"
                    jcr:lastModifiedBy="admin"
                    jcr:primaryType="nt:unstructured"
                    jcr:title=" What does RoHS mean?"
                    sling:resourceType="ecomm-framework/components/content/button"
                    link="https://blog.delcity.net/what-does-rohs-mean-2/">
                    <cq:responsive jcr:primaryType="nt:unstructured">
                        <default
                            jcr:primaryType="nt:unstructured"
                            offset="1"
                            width="3"/>
                    </cq:responsive>
                </button>
                <button_1719507203_co
                    jcr:created="{Date}2022-02-22T13:06:49.047+05:30"
                    jcr:createdBy="admin"
                    jcr:lastModified="{Date}2022-02-22T13:07:25.959+05:30"
                    jcr:lastModifiedBy="admin"
                    jcr:primaryType="nt:unstructured"
                    jcr:title="How To Use a Clamp Making Tool "
                    sling:resourceType="ecomm-framework/components/content/button"
                    link="https://blog.delcity.net/how-to-use-a-clamp-making-tool/">
                    <cq:responsive jcr:primaryType="nt:unstructured">
                        <default
                            jcr:primaryType="nt:unstructured"
                            offset="4"
                            width="4"/>
                    </cq:responsive>
                </button_1719507203_co>
                <text_61089532
                    jcr:created="{Date}2022-02-27T15:54:08.726+05:30"
                    jcr:createdBy="admin"
                    jcr:lastModified="{Date}2022-02-27T15:54:08.726+05:30"
                    jcr:lastModifiedBy="admin"
                    jcr:primaryType="nt:unstructured"
                    sling:resourceType="delcity/components/content/text">
                    <cq:responsive jcr:primaryType="nt:unstructured">
                        <default
                            jcr:primaryType="nt:unstructured"
                            offset="0"
                            width="11"/>
                    </cq:responsive>
                </text_61089532>
            </responsivegrid>
        </root>
    </jcr:content>
</jcr:root>
