<?xml version="1.0" encoding="UTF-8"?>
<jcr:root xmlns:sling="http://sling.apache.org/jcr/sling/1.0" xmlns:cq="http://www.day.com/jcr/cq/1.0" xmlns:jcr="http://www.jcp.org/jcr/1.0" xmlns:nt="http://www.jcp.org/jcr/nt/1.0"
    jcr:primaryType="cq:Page">
    <jcr:content
        cq:lastModified="{Date}2022-10-14T14:51:47.081-05:00"
        cq:lastModifiedBy="heather.steinhart@delcity.net"
        cq:template="/conf/delcity/settings/wcm/templates/delcity-generic-template"
        jcr:primaryType="cq:PageContent"
        jcr:title="All About Different Wire Types"
        sling:resourceType="delcity/components/structure/page">
        <root
            jcr:primaryType="nt:unstructured"
            sling:resourceType="wcm/foundation/components/responsivegrid">
            <footer
                jcr:created="{Date}2021-06-21T14:21:52.357+05:30"
                jcr:createdBy="admin"
                jcr:lastModified="{Date}2022-02-01T17:04:20.028+05:30"
                jcr:lastModifiedBy="admin"
                jcr:primaryType="nt:unstructured"
                sling:resourceType="delcity/components/structure/footer"
                menutitle1="About Us"
                sendIcon="/content/dam/delcity/images/Icon-send@2x.png">
                <aboutus jcr:primaryType="nt:unstructured">
                    <item0
                        jcr:primaryType="nt:unstructured"
                        pagetitle="About Us"/>
                    <item1
                        jcr:primaryType="nt:unstructured"
                        pagetitle="Contact Us"/>
                    <item2
                        jcr:primaryType="nt:unstructured"
                        pagetitle="FAQs"/>
                </aboutus>
            </footer>
            <responsivegrid
                jcr:created="{Date}2021-06-21T14:21:44.042+05:30"
                jcr:createdBy="admin"
                jcr:lastModified="{Date}2022-02-01T17:04:38.578+05:30"
                jcr:lastModifiedBy="admin"
                jcr:primaryType="nt:unstructured"
                sling:resourceType="wcm/foundation/components/responsivegrid">
                <blogteaser
                    jcr:created="{Date}2022-02-23T11:11:36.252+05:30"
                    jcr:createdBy="admin"
                    jcr:lastModified="{Date}2022-02-25T15:15:48.881+05:30"
                    jcr:lastModifiedBy="admin"
                    jcr:primaryType="nt:unstructured"
                    sling:resourceType="ecomm-framework/components/content/blogteaser"
                    authoringDate="August 03, 2017"
                    authorName="Kelsey Scherf"
                    blogImage="/content/dam/delcity/images/blogs/image-not-available-image.png"
                    selectBrand="DC"
                    teaserHeader="All About Different Wire Types">
                    <categoryList jcr:primaryType="nt:unstructured">
                        <item0
                            jcr:primaryType="nt:unstructured"
                            delcitycategories="Wire &amp; Cable"/>
                    </categoryList>
                </blogteaser>
                <blogteaser_132522249
                    jcr:lastModified="{Date}2022-03-04T07:16:49.456-06:00"
                    jcr:lastModifiedBy="Praveen.Vatchavayi@mercmarine.com"
                    jcr:primaryType="nt:unstructured"
                    sling:resourceType="ecomm-framework/components/content/blogteaser"
                    authoringDate="August 03, 2017"
                    authorName="Kelsey Scherf"
                    blogImage="/content/dam/delcity/images/blogs/image-not-available-image.png"
                    selectBrand="DC"
                    teaserDescription="Electrical wire comes in all sorts of different sizes, colors and types. How do you know what is the right one to use? We have many to choose from! Take a look at this handy guide for a quick summary."
                    teaserHeader="All About Different Wire Types">
                    <categoryList jcr:primaryType="nt:unstructured">
                        <item0
                            jcr:primaryType="nt:unstructured"
                            delcitycategories="Wire &amp; Cable"/>
                    </categoryList>
                </blogteaser_132522249>
                <responsivegrid
                    jcr:created="{Date}2022-02-23T11:11:28.717+05:30"
                    jcr:createdBy="admin"
                    jcr:lastModified="{Date}2022-02-23T11:11:28.717+05:30"
                    jcr:lastModifiedBy="admin"
                    jcr:primaryType="nt:unstructured"
                    sling:resourceType="wcm/foundation/components/responsivegrid">
                    <cq:responsive jcr:primaryType="nt:unstructured"/>
                    <text
                        cq:styleIds="[1629979540972]"
                        jcr:created="{Date}2022-02-23T11:13:22.157+05:30"
                        jcr:createdBy="admin"
                        jcr:lastModified="{Date}2022-02-25T15:16:43.676+05:30"
                        jcr:lastModifiedBy="admin"
                        jcr:primaryType="nt:unstructured"
                        sling:resourceType="delcity/components/content/text"
                        text="&lt;p>Electrical wire comes in all sorts of different sizes, colors and types. How do you know what is the right one to use? We have many to choose from! Take a look at this handy guide for a quick summary.&lt;/p>&#xd;&#xa;&lt;p>&lt;b>WIRE TYPES&lt;/b>&lt;/p>&#xd;&#xa;&lt;p>What are the different types of wire and what are they used for?&lt;/p>&#xd;&#xa;&lt;p>At Del City, we have Parallel, Cross-Link, Primary, Speaker, Ripcord, Marine Tinned Copper wire and cable, RVI hook-up, Battery, Welding, Trailer, Brake, Booster, Shielded and Power Cords.&lt;/p>&#xd;&#xa;&lt;p>&lt;b>&lt;a href=&quot;https://www.delcity.net/store/Parallel-Wire/p_820668&quot;>&lt;u>Parallel&lt;/u>&lt;/a>:&lt;/b>&amp;nbsp;Parallel wire is constructed of standard-wall; polyvinyl chloride (PVC) insulated wires that are extruded in two, three or four side-by-side configurations. Parallel wires are built to stay together under operating conditions, although they can be easily separated on the end of the run for termination or final connection. Parallel wire is color-coded for easy identification purposes.&amp;nbsp;&lt;b>Application:&amp;nbsp;&lt;/b>Parallel wiring is ideal for wiring trailer lights, small trailers and other applications where economical wire is required.&lt;/p>&#xd;&#xa;&lt;p>&lt;b>&lt;a href=&quot;https://www.delcity.net/store/Primary-Wire/p_360&quot;>&lt;u>Primary&lt;/u>&lt;/a>:&lt;/b>&amp;nbsp;Primary wire is an insulated wire that is highly resistant to grease, oil, and acids.&amp;nbsp;&lt;b>Application:&lt;/b>&amp;nbsp;Many original, repair, and replacement applications use primary wire, or GPT wire, within their installs. This resistance makes it ideal for automotive, truck, trailer, marine, construction, agricultural, and many other applications.&lt;/p>&#xd;&#xa;&lt;p>&lt;b>&lt;a href=&quot;https://www.delcity.net/store/Speaker-Wire/p_363.h_184024&quot;>&lt;u>Speaker&lt;/u>&lt;/a>:&lt;/b>&amp;nbsp;This type of speaker cable is designed as a 2 conductor wiring. The 2 conductor wire is made up of one copper wire and one tinned copper wire. Both copper wires are encapsulated in a clear PVC insulation that provides protection against flame, moisture, and abrasion. The clear insulation also makes it easy to identify the wires.&amp;nbsp;&lt;b>Application:&lt;/b>&amp;nbsp;Wide variety of speaker systems, it is primarily constructed for car audio wiring or marine speaker wire for radios, aftermarket speaker systems and other audio amplifiers.&lt;/p>&#xd;&#xa;&lt;p>&lt;b>&lt;a href=&quot;https://www.delcity.net/store/Cross!Link-Wire/p_804928&quot;>&lt;u>Cross-Link&lt;/u>&lt;/a>:&lt;/b>&amp;nbsp;Del City’s Cross-Link Wire is manufactured with a chemically cross-linked, polyethylene insulation providing extra protection in extreme environments.&amp;nbsp;&lt;b>Application:&lt;/b>&amp;nbsp;Ideal wire choice for engine compartments and other high temperature environments.&lt;/p>&#xd;&#xa;&lt;p>&lt;b>&lt;a href=&quot;https://www.delcity.net/store/Ripcord/p_361.h_183379&quot;>&lt;u>Ripcord&lt;/u>&lt;/a>:&lt;/b>&amp;nbsp;This is an 18 gauge, 2 conductor cable that is encapsulated in black, white or brown PVC insulation, which provides protection against flame, moisture, and abrasion. The wire ends can be easily separated while remaining intact throughout the length of the cord.&amp;nbsp;&lt;b>Application:&lt;/b>&amp;nbsp;Also known as lamp cord, is ideally used for making custom cord sets and other wiring applications for any household or industrial appliance, including light extension cords or alarm systems.&lt;/p>&#xd;&#xa;"
                        textIsRich="true"/>
                    <image
                        jcr:created="{Date}2022-02-23T11:14:35.072+05:30"
                        jcr:createdBy="admin"
                        jcr:lastModified="{Date}2022-02-23T11:14:45.781+05:30"
                        jcr:lastModifiedBy="admin"
                        jcr:primaryType="nt:unstructured"
                        sling:resourceType="ecomm-framework/components/content/image"
                        altValueFromDAM="true"
                        displayPopupTitle="true"
                        fileReference="/content/dam/delcity/images/blogs/image-not-available-image.png"
                        isDecorative="false"
                        titleValueFromDAM="true">
                        <cq:responsive jcr:primaryType="nt:unstructured">
                            <default
                                jcr:primaryType="nt:unstructured"
                                offset="1"
                                width="3"/>
                        </cq:responsive>
                    </image>
                    <text_486913507
                        cq:styleIds="[1629979540972]"
                        jcr:created="{Date}2022-02-23T11:15:27.264+05:30"
                        jcr:createdBy="admin"
                        jcr:lastModified="{Date}2022-02-23T15:23:26.778+05:30"
                        jcr:lastModifiedBy="admin"
                        jcr:primaryType="nt:unstructured"
                        sling:resourceType="delcity/components/content/text"
                        text="&lt;p>&lt;b>Marine:&lt;/b>&amp;nbsp;Manufactured with electroplated tinned copper housed in an extremely flexible polyvinyl chloride (PVC) jacket. This design allows the tinned wire to meet or exceed the certifications and ratings expected for marine grade wire.&amp;nbsp;&lt;b>Application:&lt;/b>&amp;nbsp;Best for use with marine, automotive, and harsh environment applications in mind. Meets or exceeds UL1426, BC-5W2, US Coast Guard Charterboat CRF Title 46, ABYC, and CSA TEW standards.&lt;/p>&#xa;&lt;p>&lt;b>RVI Hook-Up&lt;/b>: RVI hook-up wire is copper stranded wire with thermoplastic insulation that is moisture resistant and provides extra protection against nicks and cuts.&amp;nbsp;&lt;b>Application:&lt;/b>&amp;nbsp;Ideal for wiring machine tools, control cabinets, automotive and marine applications.&lt;/p>&#xa;&lt;p>&lt;b>Battery:&lt;/b>&amp;nbsp;SGT and SGX battery cable is manufactured to SAE J-1127 specifications with copper stranding. The SGT cable features a thermoplastic PVC insulation, while the SGX cable features a high-grade, RoHS compliant, XPLE insulation. Both insulations are protective against the elements and resistant to oils, acids, and cracking.&amp;nbsp;&lt;b>Application:&lt;/b>&amp;nbsp;Great for use in automotive, truck, trailer, marine, construction, agricultural, and many other applications.&lt;/p>&#xa;&lt;p>&lt;b>Welding:&lt;/b>&amp;nbsp;Welding cable is manufactured with annealed rope-stranded bare copper and insulated with a flexible, waterproof ethylene propylene diene monomer jacked (EPDM). This construction makes Del City’s welding cables the ideal selection for common applications such as battery, solar panels, and vehicles. However, welding cable can also be used in other electrical applications depending on the demands and subject to the cables ratings. The welding cables EPDM jacket and finer cable strands that creates a high degree of flexibility.&amp;nbsp;&lt;b>Application:&lt;/b>&amp;nbsp;These cables are a great option for cold weather installations or where tight areas require bends in the cable.&lt;/p>&#xa;&lt;p>&lt;b>Trailer:&lt;/b>&amp;nbsp;Trailer cable, also known as trailer wire, is manufactured of multiple general purpose (GPT) wire conductors covered by an outer flexible PVC jacket. The full line offered by Del City is available in four (4) conductor, six (6) conductor or seven (7) conductor configurations. The internal primary wires are single conductor and are color-coded to industry standards.&amp;nbsp;&lt;b>Application:&lt;/b>&amp;nbsp;Trailer wire is ideal for wiring trucks and trailers due to its durability and high resistance to cracking, abrasion, oil, acid and natural elements.&lt;/p>&#xa;&lt;p>&lt;b>Brake:&lt;/b>&amp;nbsp;Features a flat, jacketed gray PVC insulation that provides protection against weather and acid effects. The inner conductors of the brake cable meet SAE standard J1128 with varying standard color codes based on conductor size.&amp;nbsp;&lt;b>Application:&lt;/b>&amp;nbsp;Brake cable is commonly used as automotive cable in electric brake systems for vehicles, trucks, and trailer applications. Brake cable is also ideal for replacing, repairing, or building your vehicle applications electrical systems.&lt;/p>&#xa;&lt;p>&lt;b>Booster:&lt;/b>&amp;nbsp;Booster cable consists of two battery cables extruded together, creating an exceptionally flexible option, even in sub-zero temperatures. Our dual booster cable wire is constructed with highly conductive 100% copper stranding to maximize current transfer.&amp;nbsp;&lt;b>Application:&lt;/b>&amp;nbsp;Creating or hard wiring booster cables for extreme temperatures.&lt;/p>&#xa;&lt;p>&lt;b>Shielded:&lt;/b>&amp;nbsp;Shielded wire is a multi-conductor wire constructed of stranded tinned copper conductors, polyester reinforced tape, and stranded tinned cooper drain wire shielding with a PVC jacket. The construction of the multi-conductor wire provides an additional layer of protection to combat the effects of EMI (Electromagnetic Interface).&amp;nbsp;&lt;b>Application:&lt;/b>&amp;nbsp;Use in radio installations, security systems, and microphone systems.&lt;/p>&#xa;&lt;p>&lt;b>Power Cord:&lt;/b>&amp;nbsp;Power Cord features an EPDM insulation that is resistant to oil, acid, impact, abrasion, sunlight, flame, and high temperatures.&amp;nbsp;&lt;b>Application:&lt;/b>&amp;nbsp;This is a type of power cord that is designed for use with portable tools, small motors, and power extensions.&lt;/p>&#xa;"
                        textIsRich="true"/>
                    <text_1001956270
                        jcr:created="{Date}2022-02-23T15:18:11.808+05:30"
                        jcr:createdBy="admin"
                        jcr:lastModified="{Date}2022-02-23T15:25:30.625+05:30"
                        jcr:lastModifiedBy="admin"
                        jcr:primaryType="nt:unstructured"
                        sling:resourceType="delcity/components/content/text"
                        text="&lt;p>&lt;b>STANDARD WIRE COLORS&lt;/b>&lt;/p>&#xd;&#xa;&lt;p>Standard wire colors as recommended by ABYC standards are:&lt;/p>&#xd;&#xa;"
                        textIsRich="true">
                        <cq:responsive jcr:primaryType="nt:unstructured">
                            <default
                                jcr:primaryType="nt:unstructured"
                                offset="0"
                                width="7"/>
                        </cq:responsive>
                    </text_1001956270>
                    <image_388738615
                        jcr:created="{Date}2022-02-23T15:18:39.131+05:30"
                        jcr:createdBy="admin"
                        jcr:lastModified="{Date}2022-02-23T15:26:00.697+05:30"
                        jcr:lastModifiedBy="admin"
                        jcr:primaryType="nt:unstructured"
                        sling:resourceType="ecomm-framework/components/content/image"
                        altValueFromDAM="true"
                        displayPopupTitle="true"
                        fileReference="/content/dam/delcity/images/blogs/image-not-available-image.png"
                        isDecorative="false"
                        titleValueFromDAM="true">
                        <cq:responsive jcr:primaryType="nt:unstructured">
                            <default
                                jcr:primaryType="nt:unstructured"
                                offset="0"
                                width="3"/>
                        </cq:responsive>
                    </image_388738615>
                    <text_1518736854
                        cq:styleIds="[1629979540972]"
                        jcr:created="{Date}2022-02-23T17:07:12.723+05:30"
                        jcr:createdBy="admin"
                        jcr:lastModified="{Date}2022-02-23T17:07:20.811+05:30"
                        jcr:lastModifiedBy="admin"
                        jcr:primaryType="nt:unstructured"
                        sling:resourceType="delcity/components/content/text"
                        text="&lt;p>&lt;b>WHAT SIZE WIRE DO I NEED?&lt;/b>&lt;/p>&#xd;&#xa;&lt;p>AWG stands for American Wire Gauge and is equivalent to simply saying “Gauge” or “GA” in the United States. Del City carries wire as small as 20ga for primary wire all the way up to 4/0 for booster cable used on batteries. The gauge is measured on the amount/size of the wire strands inside the jacket. Some wires have thicker insulation that will result in a larger outside diameter.&lt;/p>&#xd;&#xa;"
                        textIsRich="true"/>
                    <image_183148197
                        jcr:created="{Date}2022-02-23T17:07:49.766+05:30"
                        jcr:createdBy="admin"
                        jcr:lastModified="{Date}2022-02-23T17:08:30.730+05:30"
                        jcr:lastModifiedBy="admin"
                        jcr:primaryType="nt:unstructured"
                        sling:resourceType="ecomm-framework/components/content/image"
                        altValueFromDAM="true"
                        displayPopupTitle="true"
                        fileReference="/content/dam/delcity/images/blogs/image-not-available-image.png"
                        isDecorative="false"
                        titleValueFromDAM="true">
                        <cq:responsive jcr:primaryType="nt:unstructured">
                            <default
                                jcr:primaryType="nt:unstructured"
                                offset="1"
                                width="6"/>
                        </cq:responsive>
                    </image_183148197>
                    <image_1387195488
                        jcr:created="{Date}2022-02-23T17:07:57.302+05:30"
                        jcr:createdBy="admin"
                        jcr:lastModified="{Date}2022-02-23T17:09:12.528+05:30"
                        jcr:lastModifiedBy="admin"
                        jcr:primaryType="nt:unstructured"
                        sling:resourceType="ecomm-framework/components/content/image"
                        altValueFromDAM="true"
                        displayPopupTitle="true"
                        fileReference="/content/dam/delcity/images/blogs/image-not-available-image.png"
                        isDecorative="false"
                        titleValueFromDAM="true">
                        <cq:responsive jcr:primaryType="nt:unstructured">
                            <default
                                jcr:primaryType="nt:unstructured"
                                offset="1"
                                width="6"/>
                        </cq:responsive>
                    </image_1387195488>
                    <text_503786325
                        jcr:created="{Date}2022-02-23T17:11:04.733+05:30"
                        jcr:createdBy="admin"
                        jcr:lastModified="{Date}2022-02-25T15:17:36.859+05:30"
                        jcr:lastModifiedBy="admin"
                        jcr:primaryType="nt:unstructured"
                        sling:resourceType="delcity/components/content/text"
                        text="&lt;p>&lt;b>WHY IS SOME WIRE MORE FLEXIBLE THAN OTHERS?&lt;/b>&lt;/p>&#xd;&#xa;&lt;p>Wire flexibility is influenced by the wire strand size. Wire strand size has the largest impact on overall wire flexibility. As individual wire strand size decreases, wire flexibility increases. Having more small wire will give you a more flexible wire.&lt;/p>&#xd;&#xa;&lt;p>Hopefully you learned a few things about the&amp;nbsp;&lt;a href=&quot;https://www.delcity.net/store/Wire-&amp;amp;-Cable/&quot;>&lt;u>wire&lt;/u>&lt;/a>&amp;nbsp;that Del City offers. Take a look around the site and give us a call if you are not finding what you need! Still a little confused about some different cables? Check out our blog post on the&lt;a href=&quot;http://blog.delcity.net/whats-the-difference-between-battery-cable-and-welding-cable&quot;>&lt;u>difference between Welding and Booster cable&lt;/u>&lt;/a>. You might be surpised! Now get out there and choose the proper wire for your needs!&lt;/p>&#xd;&#xa;&lt;h6>&amp;nbsp; &amp;nbsp; &amp;nbsp; &amp;nbsp; &amp;nbsp; &amp;nbsp; &amp;nbsp; Posted in&amp;nbsp;&lt;a href=&quot;https://blog.delcity.net/category/wire-cable/&quot;>&lt;u>Wire &amp;amp; Cable&lt;/u>&lt;/a>.&lt;/h6>&#xd;&#xa;"
                        textIsRich="true"/>
                    <separator
                        jcr:created="{Date}2022-02-23T17:12:26.642+05:30"
                        jcr:createdBy="admin"
                        jcr:lastModified="{Date}2022-02-23T17:12:26.642+05:30"
                        jcr:lastModifiedBy="admin"
                        jcr:primaryType="nt:unstructured"
                        sling:resourceType="ecomm-framework/components/content/separator"/>
                    <button
                        jcr:created="{Date}2022-02-23T17:12:34.439+05:30"
                        jcr:createdBy="admin"
                        jcr:lastModified="{Date}2022-02-23T17:14:18.452+05:30"
                        jcr:lastModifiedBy="admin"
                        jcr:primaryType="nt:unstructured"
                        jcr:title="How to Install LED Light Strips"
                        sling:resourceType="ecomm-framework/components/content/button"
                        link="https://blog.delcity.net/how-to-install-led-light-strips/">
                        <cq:responsive jcr:primaryType="nt:unstructured">
                            <default
                                jcr:primaryType="nt:unstructured"
                                offset="1"
                                width="3"/>
                        </cq:responsive>
                    </button>
                    <button_257062584
                        jcr:created="{Date}2022-02-23T17:12:40.612+05:30"
                        jcr:createdBy="admin"
                        jcr:lastModified="{Date}2022-02-23T17:15:05.686+05:30"
                        jcr:lastModifiedBy="admin"
                        jcr:primaryType="nt:unstructured"
                        jcr:title="How To Use Crimping Tools"
                        sling:resourceType="ecomm-framework/components/content/button"
                        link="https://blog.delcity.net/how-to-use-crimping-tools/">
                        <cq:responsive jcr:primaryType="nt:unstructured">
                            <default
                                jcr:primaryType="nt:unstructured"
                                offset="5"
                                width="2"/>
                        </cq:responsive>
                    </button_257062584>
                </responsivegrid>
            </responsivegrid>
        </root>
    </jcr:content>
</jcr:root>
