<?xml version="1.0" encoding="UTF-8"?>
<jcr:root xmlns:sling="http://sling.apache.org/jcr/sling/1.0" xmlns:cq="http://www.day.com/jcr/cq/1.0" xmlns:jcr="http://www.jcp.org/jcr/1.0" xmlns:mix="http://www.jcp.org/jcr/mix/1.0" xmlns:nt="http://www.jcp.org/jcr/nt/1.0"
    jcr:primaryType="cq:Page">
    <jcr:content
        cq:lastModified="{Date}2022-11-03T23:19:46.116-05:00"
        cq:lastModifiedBy="Ankit.Raj@mercmarine.com"
        cq:lastReplicated="{Date}2022-10-11T02:43:38.237-05:00"
        cq:lastReplicatedBy="Abhijeet.Misal@mercmarine.com"
        cq:lastReplicationAction="Activate"
        cq:template="/conf/delcity/settings/wcm/templates/delcity-generic-template"
        jcr:isCheckedOut="{Boolean}true"
        jcr:mixinTypes="[mix:versionable]"
        jcr:primaryType="cq:PageContent"
        jcr:title="Review Return"
        jcr:uuid="f62b0a1b-77d0-4deb-aed8-1b28bb8de579"
        sling:resourceType="delcity/components/structure/page">
        <root
            jcr:primaryType="nt:unstructured"
            sling:resourceType="wcm/foundation/components/responsivegrid">
            <responsivegrid
                jcr:created="{Date}2021-07-19T21:39:11.006+05:30"
                jcr:createdBy="admin"
                jcr:lastModified="{Date}2021-07-19T11:16:38.662-05:00"
                jcr:lastModifiedBy="Praveen.Vatchavayi@mercmarine.com"
                jcr:primaryType="nt:unstructured"
                sling:resourceType="wcm/foundation/components/responsivegrid">
                <responsivegrid
                    jcr:created="{Date}2022-01-17T08:21:01.669-06:00"
                    jcr:createdBy="Anagha.Dwajan@mercmarine.com"
                    jcr:lastModified="{Date}2022-01-17T08:21:01.669-06:00"
                    jcr:lastModifiedBy="Anagha.Dwajan@mercmarine.com"
                    jcr:primaryType="nt:unstructured"
                    sling:resourceType="wcm/foundation/components/responsivegrid">
                    <cq:responsive jcr:primaryType="nt:unstructured"/>
                    <breadcrumb
                        jcr:created="{Date}2022-01-17T08:21:10.154-06:00"
                        jcr:createdBy="Anagha.Dwajan@mercmarine.com"
                        jcr:lastModified="{Date}2022-01-17T08:21:10.154-06:00"
                        jcr:lastModifiedBy="Anagha.Dwajan@mercmarine.com"
                        jcr:primaryType="nt:unstructured"
                        sling:resourceType="ecomm-framework/components/content/breadcrumb"/>
                    <responsivegrid
                        jcr:created="{Date}2022-01-17T08:24:36.000-06:00"
                        jcr:createdBy="Anagha.Dwajan@mercmarine.com"
                        jcr:lastModified="{Date}2022-01-17T08:24:36.000-06:00"
                        jcr:lastModifiedBy="Anagha.Dwajan@mercmarine.com"
                        jcr:primaryType="nt:unstructured"
                        sling:resourceType="wcm/foundation/components/responsivegrid">
                        <cq:responsive jcr:primaryType="nt:unstructured"/>
                        <reviewreturn
                            jcr:created="{Date}2022-01-17T08:25:43.652-06:00"
                            jcr:createdBy="Anagha.Dwajan@mercmarine.com"
                            jcr:lastModified="{Date}2022-11-03T23:19:46.085-05:00"
                            jcr:lastModifiedBy="Ankit.Raj@mercmarine.com"
                            jcr:primaryType="nt:unstructured"
                            sling:resourceType="delcity/components/content/reviewreturn"
                            addMoreItemsLabel="Submit"
                            backToReturnUrl="/content/ecommerce/delcity/us/en/start-a-return"
                            itemdetailsurl="/content/ecommerce/delcity/us/en/product-details.html/"
                            NoItemsErrorMessage="No items for review return."
                            orderdetail="/content/ecommerce/delcity/us/en/order-history/order-detail.html"
                            removeLinkLabel="Submit"
                            returnConfirmationUrl="/content/ecommerce/delcity/us/en/start-a-return/review-return/return-confirmation"
                            startReturnUrl="/content/ecommerce/delcity/us/en/start-a-return"
                            submitBtn="Submit "
                            updateButton="Update Return">
                            <itemsPerPageSelection jcr:primaryType="nt:unstructured">
                                <item0
                                    jcr:primaryType="nt:unstructured"
                                    itemsPerPage="24"/>
                                <item1
                                    jcr:primaryType="nt:unstructured"
                                    itemsPerPage="48"/>
                                <item2
                                    jcr:primaryType="nt:unstructured"
                                    itemsPerPage="72"/>
                                <item3
                                    jcr:primaryType="nt:unstructured"
                                    itemsPerPage="ALL"/>
                            </itemsPerPageSelection>
                        </reviewreturn>
                    </responsivegrid>
                </responsivegrid>
            </responsivegrid>
        </root>
    </jcr:content>
    <return-confirmation/>
</jcr:root>
