<?xml version="1.0" encoding="UTF-8"?>
<jcr:root xmlns:sling="http://sling.apache.org/jcr/sling/1.0" xmlns:jcr="http://www.jcp.org/jcr/1.0"
    jcr:primaryType="sling:OrderedFolder">
    <asset.jpg/>
    <jcr:content/>
    <images/>
    <cross-image-filter.svg/>
    <Icon_x0020_material-filter-list.svg/>
    <warning.svg/>
    <dash-lg.svg/>
    <plus-lg.svg/>
    <check-lg.svg/>
    <asset1.jpg/>
    <Motorguide_x0020_Deep_x0020_Cycle_x0020_Battery_x0020_Flyer_x0020__x0028_8_x0029_.pdf/>
    <Dealer_x0020_Branded_x0020_PFD-_x0020_2022_x0020_copy_x0020__x0028_4_x0029_.pdf/>
    <shs22-04.pdf/>
    <_x0032_022_x0020_Service_x0020_Due_x0020_Stickers_x0020_Order_x0020_Form_x0020_AUD.pdf/>
    <mm-no-image.png/>
</jcr:root>
