{
  "products": {
    "items": [
      {
        "__typename": "ConfigurableProduct",
        "sku": "product-sku",
        "name": "Product name",
        "description": {
          "html": "<p>Product description, can include <strong>html</strong> tags.</p>"
        },
        "image": {
          "label": "Product image",
          "url": "/apps/core/cif/components/commerce/product/v1/product/clientlib/resources/images/catalog/product/thumbnail.png"
        },
        "thumbnail": {
          "label": "Product thumbnail",
          "url": "/apps/core/cif/components/commerce/product/v1/product/clientlib/resources/images/catalog/product/thumbnail.png"
        },
        "url_key": "product-url-key",
        "stock_status": "IN_STOCK",
        "price_range": {
          "maximum_price": {
            "regular_price": {
              "value": 42,
              "currency": "USD"
            },
            "final_price": {
              "value": 42,
              "currency": "USD"
            },
            "discount": {
              "amount_off": 0,
              "percent_off": 0
            }
          },
          "minimum_price": {
            "regular_price": {
              "value": 9.99,
              "currency": "USD"
            },
            "final_price": {
              "value": 9.99,
              "currency": "USD"
            },
            "discount": {
              "amount_off": 0,
              "percent_off": 0
            }
          }
        },
        "media_gallery": [
          {
            "__typename": "ProductImage",
            "disabled": false,
            "url": "/apps/core/cif/components/commerce/product/v1/product/clientlib/resources/images/catalog/product/thumbnail.png",
            "label": "",
            "position": 1
          }
        ],
        "configurable_options": [
          {
            "label": "Color",
            "attribute_code": "color",
            "values": [
              {
                "value_index": 56,
                "label": "Orange"
              },
              {
                "value_index": 58,
                "label": "Red"
              }
            ]
          },
          {
            "label": "Size",
            "attribute_code": "size",
            "values": [
              {
                "value_index": 167,
                "label": "XS"
              },
              {
                "value_index": 168,
                "label": "S"
              }
            ]
          }
        ],
        "variants": [
          {
            "attributes": [
              {
                "code": "color",
                "value_index": 56
              },
              {
                "code": "size",
                "value_index": 167
              }
            ],
            "product": {
              "sku": "variant-sku-orange-xs",
              "name": "Variant name orange-xs",
              "description": {
                "html": "<p>Variant orange-xs description, can include <strong>html</strong> tags.</p>"
              },
              "image": {
                "label": "Variant image orange-xs",
                "url": "/apps/core/cif/components/commerce/product/v1/product/clientlib/resources/images/catalog/product/thumbnail.png"
              },
              "thumbnail": {
                "label": "Variant thumbnail orange-xs",
                "url": "/apps/core/cif/components/commerce/product/v1/product/clientlib/resources/images/catalog/product/thumbnail.png"
              },
              "url_key": "variant-orange-xs-url-key",
              "stock_status": "IN_STOCK",
              "color": 56,
              "price_range": {
                "minimum_price": {
                  "regular_price": {
                    "value": 42,
                    "currency": "USD"
                  },
                  "final_price": {
                    "value": 42,
                    "currency": "USD"
                  },
                  "discount": {
                    "amount_off": 0,
                    "percent_off": 0
                  }
                }
              },
              "media_gallery": [
                {
                  "__typename": "ProductImage",
                  "disabled": false,
                  "url": "/apps/core/cif/components/commerce/product/v1/product/clientlib/resources/images/catalog/product/thumbnail.png",
                  "label": "",
                  "position": 1
                }
              ]
            }
          },
          {
            "attributes": [
              {
                "code": "color",
                "value_index": 58
              },
              {
                "code": "size",
                "value_index": 167
              }
            ],
            "product": {
              "sku": "variant-sku-red-xs",
              "name": "Variant name red-xs",
              "description": {
                "html": "<p>Variant red-xs description, can include <strong>html</strong> tags.</p>"
              },
              "image": {
                "label": "Variant image red-xs",
                "url": "/apps/core/cif/components/commerce/product/v1/product/clientlib/resources/images/catalog/product/thumbnail.png"
              },
              "thumbnail": {
                "label": "Variant thumbnail red-xs",
                "url": "/apps/core/cif/components/commerce/product/v1/product/clientlib/resources/images/catalog/product/thumbnail.png"
              },
              "url_key": "variant-red-xs-url-key",
              "stock_status": "IN_STOCK",
              "color": 56,
              "price_range": {
                "minimum_price": {
                  "regular_price": {
                    "value": 42,
                    "currency": "USD"
                  },
                  "final_price": {
                    "value": 42,
                    "currency": "USD"
                  },
                  "discount": {
                    "amount_off": 0,
                    "percent_off": 0
                  }
                }
              },
              "media_gallery": [
                {
                  "__typename": "ProductImage",
                  "disabled": false,
                  "url": "/apps/core/cif/components/commerce/product/v1/product/clientlib/resources/images/catalog/product/thumbnail.png",
                  "label": "",
                  "position": 1
                }
              ]
            }
          },
          {
            "attributes": [
              {
                "code": "color",
                "value_index": 56
              },
              {
                "code": "size",
                "value_index": 168
              }
            ],
            "product": {
              "sku": "variant-sku-orange-s",
              "name": "Variant name orange-s",
              "description": {
                "html": "<p>Variant orange-s description, can include <strong>html</strong> tags.</p>"
              },
              "image": {
                "label": "Variant image orange-s",
                "url": "/apps/core/cif/components/commerce/product/v1/product/clientlib/resources/images/catalog/product/thumbnail.png"
              },
              "thumbnail": {
                "label": "Variant thumbnail orange-s",
                "url": "/apps/core/cif/components/commerce/product/v1/product/clientlib/resources/images/catalog/product/thumbnail.png"
              },
              "url_key": "variant-orange-s-url-key",
              "stock_status": "IN_STOCK",
              "color": 56,
              "price_range": {
                "minimum_price": {
                  "regular_price": {
                    "value": 42,
                    "currency": "USD"
                  },
                  "final_price": {
                    "value": 42,
                    "currency": "USD"
                  },
                  "discount": {
                    "amount_off": 0,
                    "percent_off": 0
                  }
                }
              },
              "media_gallery": [
                {
                  "__typename": "ProductImage",
                  "disabled": false,
                  "url": "/apps/core/cif/components/commerce/product/v1/product/clientlib/resources/images/catalog/product/thumbnail.png",
                  "label": "",
                  "position": 1
                }
              ]
            }
          },
          {
            "attributes": [
              {
                "code": "color",
                "value_index": 58
              },
              {
                "code": "size",
                "value_index": 168
              }
            ],
            "product": {
              "sku": "variant-sku-red-s",
              "name": "Variant name red-s",
              "description": {
                "html": "<p>Variant red-s description, can include <strong>html</strong> tags.</p>"
              },
              "image": {
                "label": "Variant image red-s",
                "url": "/apps/core/cif/components/commerce/product/v1/product/clientlib/resources/images/catalog/product/thumbnail.png"
              },
              "thumbnail": {
                "label": "Variant thumbnail red-s",
                "url": "/apps/core/cif/components/commerce/product/v1/product/clientlib/resources/images/catalog/product/thumbnail.png"
              },
              "url_key": "variant-red-s-url-key",
              "stock_status": "IN_STOCK",
              "color": 56,
              "price_range": {
                "minimum_price": {
                  "regular_price": {
                    "value": 9.99,
                    "currency": "USD"
                  },
                  "final_price": {
                    "value": 9.99,
                    "currency": "USD"
                  },
                  "discount": {
                    "amount_off": 0,
                    "percent_off": 0
                  }
                }
              },
              "media_gallery": [
                {
                  "__typename": "ProductImage",
                  "disabled": false,
                  "url": "/apps/core/cif/components/commerce/product/v1/product/clientlib/resources/images/catalog/product/thumbnail.png",
                  "label": "",
                  "position": 1
                }
              ]
            }
          }
        ]
      }
    ]
  }
}
