<?xml version="1.0" encoding="UTF-8"?>
<jcr:root xmlns:sling="http://sling.apache.org/jcr/sling/1.0" xmlns:cq="http://www.day.com/jcr/cq/1.0" xmlns:jcr="http://www.jcp.org/jcr/1.0" xmlns:nt="http://www.jcp.org/jcr/nt/1.0"
    jcr:primaryType="cq:Page">
    <jcr:content
        cq:lastModified="{Date}2022-03-04T08:02:05.669-06:00"
        cq:lastModifiedBy="Praveen.Vatchavayi@mercmarine.com"
        cq:template="/conf/delcity/settings/wcm/templates/delcity-generic-template"
        jcr:primaryType="cq:PageContent"
        jcr:title="What are Single Pole Electrical Switches and Double Pole Electrical Switches?"
        sling:resourceType="delcity/components/structure/page">
        <root
            jcr:primaryType="nt:unstructured"
            sling:resourceType="wcm/foundation/components/responsivegrid">
            <footer
                jcr:created="{Date}2021-06-21T14:21:52.357+05:30"
                jcr:createdBy="admin"
                jcr:lastModified="{Date}2022-02-01T17:04:20.028+05:30"
                jcr:lastModifiedBy="admin"
                jcr:primaryType="nt:unstructured"
                sling:resourceType="delcity/components/structure/footer"
                menutitle1="About Us"
                sendIcon="/content/dam/delcity/images/Icon-send@2x.png">
                <aboutus jcr:primaryType="nt:unstructured">
                    <item0
                        jcr:primaryType="nt:unstructured"
                        pagetitle="About Us"/>
                    <item1
                        jcr:primaryType="nt:unstructured"
                        pagetitle="Contact Us"/>
                    <item2
                        jcr:primaryType="nt:unstructured"
                        pagetitle="FAQs"/>
                </aboutus>
            </footer>
            <responsivegrid
                jcr:created="{Date}2021-06-21T14:21:44.042+05:30"
                jcr:createdBy="admin"
                jcr:lastModified="{Date}2022-02-01T17:04:38.578+05:30"
                jcr:lastModifiedBy="admin"
                jcr:primaryType="nt:unstructured"
                sling:resourceType="wcm/foundation/components/responsivegrid">
                <blogteaser
                    jcr:created="{Date}2022-02-23T15:54:39.946+05:30"
                    jcr:createdBy="admin"
                    jcr:lastModified="{Date}2022-02-28T12:00:01.286+05:30"
                    jcr:lastModifiedBy="admin"
                    jcr:primaryType="nt:unstructured"
                    sling:resourceType="ecomm-framework/components/content/blogteaser"
                    authoringDate="July 03, 2016"
                    authorName="Kelsey Scherf"
                    blogImage="/content/dam/delcity/images/blogs/image-not-available-image.png"
                    selectBrand="DC"
                    teaserHeader="What are Single Pole Electrical Switches and Double Pole Electrical Switches?">
                    <cq:responsive jcr:primaryType="nt:unstructured">
                        <default
                            jcr:primaryType="nt:unstructured"
                            offset="0"
                            width="12"/>
                    </cq:responsive>
                    <categoryList jcr:primaryType="nt:unstructured">
                        <item0
                            jcr:primaryType="nt:unstructured"
                            delcitycategories="Switches"/>
                    </categoryList>
                </blogteaser>
                <responsivegrid
                    jcr:created="{Date}2022-02-23T15:54:10.726+05:30"
                    jcr:createdBy="admin"
                    jcr:lastModified="{Date}2022-02-23T15:54:10.726+05:30"
                    jcr:lastModifiedBy="admin"
                    jcr:primaryType="nt:unstructured"
                    sling:resourceType="wcm/foundation/components/responsivegrid">
                    <cq:responsive jcr:primaryType="nt:unstructured"/>
                    <text
                        jcr:created="{Date}2022-02-23T16:03:25.135+05:30"
                        jcr:createdBy="admin"
                        jcr:lastModified="{Date}2022-02-23T16:03:33.283+05:30"
                        jcr:lastModifiedBy="admin"
                        jcr:primaryType="nt:unstructured"
                        sling:resourceType="delcity/components/content/text"
                        text="&lt;p>SPST switch? SPDT switch? DPST switch? DPDT switch? Whoa – pump the breaks. What do all those letters stand for? What do these electrical switches do?&lt;/p>&#xd;&#xa;&lt;p>Let’s&amp;nbsp;start with some&amp;nbsp;basics.&lt;/p>&#xd;&#xa;&lt;p>&amp;nbsp;&lt;/p>&#xd;&#xa;&lt;p>&lt;b>How does a switch work?&lt;/b>&lt;/p>&#xd;&#xa;&lt;p>An&amp;nbsp;&lt;a href=&quot;http://www.delcity.net/store/Switches/&quot;>electrical switch&lt;/a>&amp;nbsp;always has a few different ratings: amperage, voltage, and type of voltage.&lt;/p>&#xd;&#xa;&lt;p>Amperage is the measurement of the flow of electricity through a circuit, and is abbreviated as “amps” (A).&lt;/p>&#xd;&#xa;&lt;p>Voltage is the measurement of electrical pressure required to create the movement or flow of electricity through a circuit, and is abbreviated as “volt” (V). Voltage can either be AC or DC.&lt;/p>&#xd;&#xa;&lt;p>AC voltage simply means&lt;/p>&#xd;&#xa;&lt;p>&amp;nbsp;&lt;/p>&#xd;&#xa;&lt;p>“alternating current”, which means the electric current (or voltage) reverses direction at consistent intervals. AC voltage is often found in things such as a wall outlet.&lt;/p>&#xd;&#xa;&lt;p>DC voltage, or “direct current”, refers tothe current of electricity maintaining its direction. DC voltage has either a positive or negative polarity which it maintains. DC voltage is often found in vehicle applications or batteries.&lt;/p>&#xd;&#xa;&lt;p>Although it’s not often, there are times when a switch is rated with Horsepower, which is defined&amp;nbsp;as 1HP = 746 Watts of electrical power.&lt;/p>&#xd;&#xa;&lt;p>&amp;nbsp;&lt;/p>&#xd;&#xa;&lt;p>Now that we have a better understanding of the ratings which an electrical switch operates within, let’s consider what the actuation of a switch means for your application.&lt;/p>&#xd;&#xa;&lt;p>&amp;nbsp;&lt;/p>&#xd;&#xa;&lt;p>&lt;b>Types of Electrical Switch Actuation Configurations&lt;/b>&lt;/p>&#xd;&#xa;&lt;p>&lt;b>SPST switch&lt;/b>&amp;nbsp;stands for a single pole single throw electrical switch. A SPST switch controls a single wire circuit.&lt;/p>&#xd;&#xa;&lt;ul>&#xd;&#xa;&lt;li>Example: ON – OFF&lt;/li>&#xd;&#xa;&lt;/ul>&#xd;&#xa;"
                        textIsRich="true">
                        <cq:responsive jcr:primaryType="nt:unstructured">
                            <default
                                jcr:primaryType="nt:unstructured"
                                offset="1"
                                width="11"/>
                        </cq:responsive>
                    </text>
                    <image
                        jcr:created="{Date}2022-02-23T16:03:47.788+05:30"
                        jcr:createdBy="admin"
                        jcr:lastModified="{Date}2022-02-23T16:03:58.348+05:30"
                        jcr:lastModifiedBy="admin"
                        jcr:primaryType="nt:unstructured"
                        sling:resourceType="ecomm-framework/components/content/image"
                        altValueFromDAM="true"
                        displayPopupTitle="true"
                        fileReference="/content/dam/delcity/images/blogs/image-not-available-image.png"
                        isDecorative="false"
                        titleValueFromDAM="true">
                        <cq:responsive jcr:primaryType="nt:unstructured">
                            <default
                                jcr:primaryType="nt:unstructured"
                                offset="4"
                                width="4"/>
                        </cq:responsive>
                    </image>
                    <text_254587170
                        jcr:created="{Date}2022-02-23T16:04:18.111+05:30"
                        jcr:createdBy="admin"
                        jcr:lastModified="{Date}2022-02-23T16:04:23.967+05:30"
                        jcr:lastModifiedBy="admin"
                        jcr:primaryType="nt:unstructured"
                        sling:resourceType="delcity/components/content/text"
                        text="&lt;p>&lt;b>SPDT switch&lt;/b>&amp;nbsp;stands for a single pole double throw electrical switch. A SPDT switch controls two single wire circuits, with only one circuit able to be energized at a given time.&lt;/p>&#xd;&#xa;&lt;ul>&#xd;&#xa;&lt;li>Example: ON – OFF – ON&lt;/li>&#xd;&#xa;&lt;/ul>&#xd;&#xa;"
                        textIsRich="true">
                        <cq:responsive jcr:primaryType="nt:unstructured">
                            <default
                                jcr:primaryType="nt:unstructured"
                                offset="0"
                                width="11"/>
                        </cq:responsive>
                    </text_254587170>
                    <image_1140334859
                        jcr:created="{Date}2022-02-23T16:04:46.232+05:30"
                        jcr:createdBy="admin"
                        jcr:lastModified="{Date}2022-02-23T16:04:54.684+05:30"
                        jcr:lastModifiedBy="admin"
                        jcr:primaryType="nt:unstructured"
                        sling:resourceType="ecomm-framework/components/content/image"
                        altValueFromDAM="true"
                        displayPopupTitle="true"
                        fileReference="/content/dam/delcity/images/blogs/image-not-available-image.png"
                        isDecorative="false"
                        titleValueFromDAM="true">
                        <cq:responsive jcr:primaryType="nt:unstructured">
                            <default
                                jcr:primaryType="nt:unstructured"
                                offset="4"
                                width="4"/>
                        </cq:responsive>
                    </image_1140334859>
                    <text_108492355
                        jcr:created="{Date}2022-02-23T16:05:11.447+05:30"
                        jcr:createdBy="admin"
                        jcr:lastModified="{Date}2022-02-23T16:05:17.087+05:30"
                        jcr:lastModifiedBy="admin"
                        jcr:primaryType="nt:unstructured"
                        sling:resourceType="delcity/components/content/text"
                        text="&lt;p>&lt;b>DPST switch&lt;/b>&amp;nbsp;stands for a double pole single throw electrical switch. A DPST switch controls two circuits at the same time; either both circuits are ON or both circuits are OFF. However, it is possible to have different voltages from separate sources wired to one DPST switch.&lt;/p>&#xd;&#xa;&lt;ul>&#xd;&#xa;&lt;li>Example: ON – OFF&lt;/li>&#xd;&#xa;&lt;/ul>&#xd;&#xa;"
                        textIsRich="true">
                        <cq:responsive jcr:primaryType="nt:unstructured">
                            <default
                                jcr:primaryType="nt:unstructured"
                                offset="0"
                                width="11"/>
                        </cq:responsive>
                    </text_108492355>
                    <image_2025592181
                        jcr:created="{Date}2022-02-23T16:05:24.431+05:30"
                        jcr:createdBy="admin"
                        jcr:lastModified="{Date}2022-02-23T16:05:32.490+05:30"
                        jcr:lastModifiedBy="admin"
                        jcr:primaryType="nt:unstructured"
                        sling:resourceType="ecomm-framework/components/content/image"
                        altValueFromDAM="true"
                        displayPopupTitle="true"
                        fileReference="/content/dam/delcity/images/blogs/image-not-available-image.png"
                        isDecorative="false"
                        titleValueFromDAM="true">
                        <cq:responsive jcr:primaryType="nt:unstructured">
                            <default
                                jcr:primaryType="nt:unstructured"
                                offset="4"
                                width="4"/>
                        </cq:responsive>
                    </image_2025592181>
                    <text_1383969474
                        jcr:created="{Date}2022-02-23T16:05:49.118+05:30"
                        jcr:createdBy="admin"
                        jcr:lastModified="{Date}2022-02-23T16:05:53.841+05:30"
                        jcr:lastModifiedBy="admin"
                        jcr:primaryType="nt:unstructured"
                        sling:resourceType="delcity/components/content/text"
                        text="&lt;p>&lt;b>DPDT switch&lt;/b>&amp;nbsp;stands for a double pole double throw electrical switch. A DPDT switch controls four circuits, allowing two of the four circuits to be energized at the same time. Similar to the DPST configuration, the two circuits which are energized will either both be ON or both be OFF, and can have&amp;nbsp;different voltages from separate sources wired to one DPDT switch.&lt;/p>&#xd;&#xa;&lt;ul>&#xd;&#xa;&lt;li>Example: ON – OFF – ON&lt;/li>&#xd;&#xa;&lt;/ul>&#xd;&#xa;"
                        textIsRich="true">
                        <cq:responsive jcr:primaryType="nt:unstructured">
                            <default
                                jcr:primaryType="nt:unstructured"
                                offset="0"
                                width="11"/>
                        </cq:responsive>
                    </text_1383969474>
                    <image_1541514226
                        jcr:created="{Date}2022-02-23T16:06:01.639+05:30"
                        jcr:createdBy="admin"
                        jcr:lastModified="{Date}2022-02-23T16:06:09.007+05:30"
                        jcr:lastModifiedBy="admin"
                        jcr:primaryType="nt:unstructured"
                        sling:resourceType="ecomm-framework/components/content/image"
                        altValueFromDAM="true"
                        displayPopupTitle="true"
                        fileReference="/content/dam/delcity/images/blogs/image-not-available-image.png"
                        isDecorative="false"
                        titleValueFromDAM="true">
                        <cq:responsive jcr:primaryType="nt:unstructured">
                            <default
                                jcr:primaryType="nt:unstructured"
                                offset="4"
                                width="4"/>
                        </cq:responsive>
                    </image_1541514226>
                    <text_534728639
                        jcr:created="{Date}2022-02-23T16:06:27.079+05:30"
                        jcr:createdBy="admin"
                        jcr:lastModified="{Date}2022-02-23T16:06:32.662+05:30"
                        jcr:lastModifiedBy="admin"
                        jcr:primaryType="nt:unstructured"
                        sling:resourceType="delcity/components/content/text"
                        text="&lt;p>This terminology is consistent across the different types of&amp;nbsp;&lt;a href=&quot;http://www.delcity.net/store/Switches/&quot;>electrical switches&lt;/a>&amp;nbsp;including&amp;nbsp;&lt;a href=&quot;http://www.delcity.net/store/Toggle-Switches/p_4814&quot;>toggle switches&lt;/a>,&amp;nbsp;&lt;a href=&quot;http://www.delcity.net/store/Rocker-Switches/p_4813&quot;>rocker switches&lt;/a>, and&amp;nbsp;&lt;a href=&quot;http://www.delcity.net/store/Push!Button-Switches/p_4811&quot;>push button switches&lt;/a>.&amp;nbsp;These actuations can also be momentary, meaning the actuation only occurs while the switch is being held in a specific position. Momentary action is designated differently across the industry, but at Del City, we indicated momentary action by ( ).&amp;nbsp;&lt;/p>&#xd;&#xa;&lt;p>&amp;nbsp;&lt;/p>&#xd;&#xa;&lt;p>To learn more about electrical switch configurations and common uses, watch the video below! Or, start searching for your switch by using our&amp;nbsp;&lt;a href=&quot;http://www.delcity.net/productselector?type=Switches&quot;>electrical switch selector&lt;/a>!&lt;/p>&#xd;&#xa;"
                        textIsRich="true">
                        <cq:responsive jcr:primaryType="nt:unstructured">
                            <default
                                jcr:primaryType="nt:unstructured"
                                offset="0"
                                width="11"/>
                        </cq:responsive>
                    </text_534728639>
                    <embed
                        jcr:created="{Date}2022-02-23T16:06:44.862+05:30"
                        jcr:createdBy="admin"
                        jcr:lastModified="{Date}2022-02-23T16:07:03.047+05:30"
                        jcr:lastModifiedBy="admin"
                        jcr:primaryType="nt:unstructured"
                        sling:resourceType="ecomm-framework/components/content/embed"
                        html="&lt;iframe width=&quot;425&quot; height=&quot;350&quot; src=&quot;https://www.youtube.com/embed/epTuL6bgjco&quot; title=&quot;YouTube video player&quot; frameborder=&quot;0&quot; allow=&quot;accelerometer; autoplay; clipboard-write; encrypted-media; gyroscope; picture-in-picture&quot; allowfullscreen>&lt;/iframe>"
                        type="html">
                        <cq:responsive jcr:primaryType="nt:unstructured">
                            <default
                                jcr:primaryType="nt:unstructured"
                                offset="2"
                                width="4"/>
                        </cq:responsive>
                    </embed>
                    <text_762665999
                        jcr:created="{Date}2022-02-23T16:07:23.868+05:30"
                        jcr:createdBy="admin"
                        jcr:lastModified="{Date}2022-02-23T16:07:41.560+05:30"
                        jcr:lastModifiedBy="admin"
                        jcr:primaryType="nt:unstructured"
                        sling:resourceType="delcity/components/content/text"
                        text="&lt;h6 style=&quot;margin-left: 40px;&quot;>Posted in&amp;nbsp;&lt;a href=&quot;https://blog.delcity.net/category/switches/&quot;>Switches&lt;/a>.&lt;/h6>&#xd;&#xa;"
                        textIsRich="true">
                        <cq:responsive jcr:primaryType="nt:unstructured">
                            <default
                                jcr:primaryType="nt:unstructured"
                                offset="0"
                                width="11"/>
                        </cq:responsive>
                    </text_762665999>
                    <separator
                        jcr:created="{Date}2022-02-23T16:07:54.863+05:30"
                        jcr:createdBy="admin"
                        jcr:lastModified="{Date}2022-02-23T16:07:54.863+05:30"
                        jcr:lastModifiedBy="admin"
                        jcr:primaryType="nt:unstructured"
                        sling:resourceType="ecomm-framework/components/content/separator">
                        <cq:responsive jcr:primaryType="nt:unstructured">
                            <default
                                jcr:primaryType="nt:unstructured"
                                offset="1"
                                width="10"/>
                        </cq:responsive>
                    </separator>
                    <button
                        jcr:created="{Date}2022-02-23T16:08:02.507+05:30"
                        jcr:createdBy="admin"
                        jcr:lastModified="{Date}2022-02-23T16:08:37.476+05:30"
                        jcr:lastModifiedBy="admin"
                        jcr:primaryType="nt:unstructured"
                        jcr:title=" What Is Primary Wire?"
                        sling:resourceType="ecomm-framework/components/content/button"
                        icon="&lt;---"
                        link="https://blog.delcity.net/what-is-primary-wire/">
                        <cq:responsive jcr:primaryType="nt:unstructured">
                            <default
                                jcr:primaryType="nt:unstructured"
                                offset="1"
                                width="2"/>
                        </cq:responsive>
                    </button>
                    <button_563907075
                        jcr:created="{Date}2022-02-23T16:08:45.199+05:30"
                        jcr:createdBy="admin"
                        jcr:lastModified="{Date}2022-02-23T16:09:19.835+05:30"
                        jcr:lastModifiedBy="admin"
                        jcr:primaryType="nt:unstructured"
                        jcr:title="What Does A Resistor Do… "
                        sling:resourceType="ecomm-framework/components/content/button"
                        icon="--->"
                        link="https://blog.delcity.net/what-does-a-resistor-do-and-why-is-it-important/">
                        <cq:responsive jcr:primaryType="nt:unstructured">
                            <default
                                jcr:primaryType="nt:unstructured"
                                offset="6"
                                width="2"/>
                        </cq:responsive>
                    </button_563907075>
                </responsivegrid>
            </responsivegrid>
        </root>
    </jcr:content>
</jcr:root>
