<?xml version="1.0" encoding="UTF-8"?>
<jcr:root xmlns:sling="http://sling.apache.org/jcr/sling/1.0" xmlns:cq="http://www.day.com/jcr/cq/1.0" xmlns:jcr="http://www.jcp.org/jcr/1.0" xmlns:mix="http://www.jcp.org/jcr/mix/1.0" xmlns:nt="http://www.jcp.org/jcr/nt/1.0"
    jcr:primaryType="cq:Page">
    <jcr:content
        cq:lastModified="{Date}2022-08-04T23:24:19.635-05:00"
        cq:lastModifiedBy="Aniket.Hissal@mercmarine.com"
        cq:lastReplicated="{Date}2022-08-04T23:25:04.305-05:00"
        cq:lastReplicatedBy="Aniket.Hissal@mercmarine.com"
        cq:lastReplicationAction="Activate"
        cq:template="/conf/delcity/settings/wcm/templates/delcity-generic-template"
        jcr:isCheckedOut="{Boolean}true"
        jcr:mixinTypes="[mix:versionable]"
        jcr:primaryType="cq:PageContent"
        jcr:title="Start A Return"
        jcr:uuid="040cac98-2709-4f8f-b362-764fca71df2c"
        sling:resourceType="delcity/components/structure/page">
        <root
            jcr:primaryType="nt:unstructured"
            sling:resourceType="wcm/foundation/components/responsivegrid">
            <responsivegrid
                jcr:created="{Date}2021-07-19T21:39:11.006+05:30"
                jcr:createdBy="admin"
                jcr:lastModified="{Date}2021-07-19T11:16:38.662-05:00"
                jcr:lastModifiedBy="Praveen.Vatchavayi@mercmarine.com"
                jcr:primaryType="nt:unstructured"
                sling:resourceType="wcm/foundation/components/responsivegrid">
                <responsivegrid
                    jcr:created="{Date}2022-01-17T08:26:42.426-06:00"
                    jcr:createdBy="Anagha.Dwajan@mercmarine.com"
                    jcr:lastModified="{Date}2022-01-17T08:26:42.426-06:00"
                    jcr:lastModifiedBy="Anagha.Dwajan@mercmarine.com"
                    jcr:primaryType="nt:unstructured"
                    sling:resourceType="wcm/foundation/components/responsivegrid">
                    <cq:responsive jcr:primaryType="nt:unstructured"/>
                    <breadcrumb
                        jcr:created="{Date}2022-01-17T08:26:50.042-06:00"
                        jcr:createdBy="Anagha.Dwajan@mercmarine.com"
                        jcr:lastModified="{Date}2022-01-17T08:26:50.042-06:00"
                        jcr:lastModifiedBy="Anagha.Dwajan@mercmarine.com"
                        jcr:primaryType="nt:unstructured"
                        sling:resourceType="ecomm-framework/components/content/breadcrumb"/>
                    <responsivegrid
                        jcr:created="{Date}2022-01-17T08:26:57.778-06:00"
                        jcr:createdBy="Anagha.Dwajan@mercmarine.com"
                        jcr:lastModified="{Date}2022-01-17T08:26:57.778-06:00"
                        jcr:lastModifiedBy="Anagha.Dwajan@mercmarine.com"
                        jcr:primaryType="nt:unstructured"
                        sling:resourceType="wcm/foundation/components/responsivegrid">
                        <cq:responsive jcr:primaryType="nt:unstructured"/>
                        <startareturn
                            jcr:created="{Date}2022-01-17T08:27:10.556-06:00"
                            jcr:createdBy="Anagha.Dwajan@mercmarine.com"
                            jcr:lastModified="{Date}2022-08-04T23:24:19.614-05:00"
                            jcr:lastModifiedBy="Aniket.Hissal@mercmarine.com"
                            jcr:primaryType="nt:unstructured"
                            sling:resourceType="delcity/components/content/startareturn"
                            addToReturnLabel="Add to Return"
                            backToReturnUrl="/content/ecommerce/delcity/us/en/start-a-return"
                            NoItemsErrorMessage="No items eligible for return."
                            note="Customers desiring to return merchandise must do so within 30 days. The 30 day return policy is for all stocked items. Please note stocking agreements, blanket orders and special orders are non-cancelable and non-returnable. Return orders not received within 60 days will be canceled."
                            proceedToReturnBtnTxt="Proceed To Return"
                            proceedToReturnLbl="Proceed to Return"
                            proceedToReturnLink="/content/ecommerce/delcity/us/en/start-a-return/review-return"
                            resetBtn="Reset"
                            ResetBtnTxt="Reset"
                            searchBtnTxt="Search"
                            searchButton="Search"
                            searchItemsLabel="Submit"
                            searchItemstoReturn="Item Number"
                            Title="Start A Return"
                            title="Start A Return">
                            <itemsPerPageSelection jcr:primaryType="nt:unstructured">
                                <item0
                                    jcr:primaryType="nt:unstructured"
                                    itemsPerPage="24"/>
                                <item1
                                    jcr:primaryType="nt:unstructured"
                                    itemsPerPage="48"/>
                                <item2
                                    jcr:primaryType="nt:unstructured"
                                    itemsPerPage="72"/>
                                <item3
                                    jcr:primaryType="nt:unstructured"
                                    itemsPerPage="ALL"/>
                            </itemsPerPageSelection>
                        </startareturn>
                    </responsivegrid>
                </responsivegrid>
            </responsivegrid>
        </root>
    </jcr:content>
    <review-return/>
</jcr:root>
