<?xml version="1.0" encoding="UTF-8"?>
<jcr:root xmlns:sling="http://sling.apache.org/jcr/sling/1.0" xmlns:granite="http://www.adobe.com/jcr/granite/1.0" xmlns:cq="http://www.day.com/jcr/cq/1.0" xmlns:jcr="http://www.jcp.org/jcr/1.0" xmlns:nt="http://www.jcp.org/jcr/nt/1.0"
    jcr:primaryType="nt:unstructured"
    jcr:title="Banner Component"
    sling:resourceType="cq/gui/components/authoring/dialog">
    <content
        jcr:primaryType="nt:unstructured"
        sling:resourceType="granite/ui/components/coral/foundation/container">
        <items jcr:primaryType="nt:unstructured">
            <columns
                jcr:primaryType="nt:unstructured"
                sling:resourceType="granite/ui/components/coral/foundation/container">
                <items jcr:primaryType="nt:unstructured">
                    <select
                        granite:class="cq-bannerdpdown"
                        jcr:primaryType="nt:unstructured"
                        sling:resourceType="granite/ui/components/coral/foundation/form/select"
                        emptyText="Select Banner Type"
                        fieldDescription="Please select the banner type"
                        fieldLabel="Banner Type"
                        name="./bannertype"
                        ordered="true"
                        required="true">
                        <items jcr:primaryType="nt:unstructured">
                            <option1
                                granite:class="hero"
                                jcr:primaryType="nt:unstructured"
                                text="Hero Banner"/>
                        </items>
                    </select>
                    <image
                        granite:class="imgUrl"
                        jcr:primaryType="nt:unstructured"
                        sling:resourceType="granite/ui/components/coral/foundation/form/pathbrowser"
                        fieldDescription="Please select the desired banner image"
                        fieldLabel="Banner Image Path"
                        name="./imgPath"/>
                    <alttext
                        granite:class="altText"
                        jcr:primaryType="nt:unstructured"
                        sling:resourceType="granite/ui/components/coral/foundation/form/textfield"
                        fieldDescription="Please Enter Alternate Text for Banner Image"
                        fieldLabel="Image Alt Text"
                        name="./imgAltTxt"/>
                    <Width
                        jcr:primaryType="nt:unstructured"
                        sling:resourceType="granite/ui/components/coral/foundation/form/textfield"
                        fieldDescription="Please enter width for Banner Image"
                        fieldLabel="Width"
                        name="./width"/>
                </items>
            </columns>
        </items>
    </content>
</jcr:root>
