<?xml version="1.0" encoding="UTF-8"?>
<jcr:root xmlns:sling="http://sling.apache.org/jcr/sling/1.0" xmlns:cq="http://www.day.com/jcr/cq/1.0" xmlns:jcr="http://www.jcp.org/jcr/1.0" xmlns:nt="http://www.jcp.org/jcr/nt/1.0"
    jcr:primaryType="nt:unstructured"
    jcr:title="Availability Search"
    sling:resourceType="cq/gui/components/authoring/dialog">
    <content
        jcr:primaryType="nt:unstructured"
        sling:resourceType="granite/ui/components/coral/foundation/container">
        <items jcr:primaryType="nt:unstructured">
            <tabs
                jcr:primaryType="nt:unstructured"
                sling:resourceType="granite/ui/components/coral/foundation/tabs"
                maximized="{Boolean}true">
                <items jcr:primaryType="nt:unstructured">
                    <availabilitysearch
                        jcr:primaryType="nt:unstructured"
                        jcr:title="Availability Search"
                        sling:resourceType="granite/ui/components/coral/foundation/container">
                        <items jcr:primaryType="nt:unstructured">
                            <well
                                jcr:primaryType="nt:unstructured"
                                sling:resourceType="granite/ui/components/coral/foundation/well"
                                fieldLabel="plp">
                                <items jcr:primaryType="nt:unstructured">
                                    <availabilitytxt
                                        jcr:primaryType="nt:unstructured"
                                        sling:resourceType="granite/ui/components/foundation/form/textfield"
                                        fieldDescription="Enter Availability Text"
                                        fieldLabel="Availability Text"
                                        name="./availabilitytext"/>
                                    <availabilitybutton
                                        jcr:primaryType="nt:unstructured"
                                        sling:resourceType="granite/ui/components/foundation/form/textfield"
                                        fieldDescription="Enter Availability  Search Button Name"
                                        fieldLabel="Availability Search Button Name"
                                        name="./availabilitybutton"/>
                                    <itemnumbertext
                                        jcr:primaryType="nt:unstructured"
                                        sling:resourceType="granite/ui/components/foundation/form/textfield"
                                        fieldDescription="Enter Item Number Text"
                                        fieldLabel="Item Number Text"
                                        name="./itemnumbertext"/>
                                    <pdpbaseurl
                                        jcr:primaryType="nt:unstructured"
                                        sling:resourceType="granite/ui/components/foundation/form/pathbrowser"
                                        fieldDescription="Enter PDP Base Url"
                                        fieldLabel="PDP Base Url"
                                        name="./pdpbaseurl"/>
                                    <errorimage
                                        jcr:primaryType="nt:unstructured"
                                        sling:resourceType="granite/ui/components/foundation/form/pathbrowser"
                                        fieldDescription="Please provide URL for Error Image"
                                        fieldLabel="Error icon URL"
                                        name="./errorimage"/>
                                    <successimage
                                        jcr:primaryType="nt:unstructured"
                                        sling:resourceType="granite/ui/components/foundation/form/pathbrowser"
                                        fieldDescription="Please provide URL for Success Icon"
                                        fieldLabel="Success Icon URL"
                                        name="./successimage"/>
                                </items>
                            </well>
                        </items>
                    </availabilitysearch>
                </items>
            </tabs>
        </items>
    </content>
</jcr:root>
