<?xml version="1.0" encoding="UTF-8"?>
<jcr:root xmlns:sling="http://sling.apache.org/jcr/sling/1.0" xmlns:cq="http://www.day.com/jcr/cq/1.0" xmlns:jcr="http://www.jcp.org/jcr/1.0" xmlns:nt="http://www.jcp.org/jcr/nt/1.0"
    jcr:primaryType="cq:Page">
    <jcr:content
        cq:lastModified="{Date}2022-03-04T06:57:50.158-06:00"
        cq:lastModifiedBy="Anagha.Dwajan@mercmarine.com"
        cq:template="/conf/delcity/settings/wcm/templates/delcity-generic-template"
        jcr:primaryType="cq:PageContent"
        jcr:title="How To Use a Clamp Making Tool"
        sling:resourceType="delcity/components/structure/page">
        <root
            jcr:primaryType="nt:unstructured"
            sling:resourceType="wcm/foundation/components/responsivegrid">
            <footer
                jcr:created="{Date}2021-06-21T14:21:52.357+05:30"
                jcr:createdBy="admin"
                jcr:lastModified="{Date}2022-02-01T17:04:20.028+05:30"
                jcr:lastModifiedBy="admin"
                jcr:primaryType="nt:unstructured"
                sling:resourceType="delcity/components/structure/footer"
                menutitle1="About Us"
                sendIcon="/content/dam/delcity/images/Icon-send@2x.png">
                <aboutus jcr:primaryType="nt:unstructured">
                    <item0
                        jcr:primaryType="nt:unstructured"
                        pagetitle="About Us"/>
                    <item1
                        jcr:primaryType="nt:unstructured"
                        pagetitle="Contact Us"/>
                    <item2
                        jcr:primaryType="nt:unstructured"
                        pagetitle="FAQs"/>
                </aboutus>
            </footer>
            <responsivegrid
                jcr:created="{Date}2021-06-21T14:21:44.042+05:30"
                jcr:createdBy="admin"
                jcr:lastModified="{Date}2022-02-01T17:04:38.578+05:30"
                jcr:lastModifiedBy="admin"
                jcr:primaryType="nt:unstructured"
                sling:resourceType="wcm/foundation/components/responsivegrid">
                <blogteaser
                    jcr:created="{Date}2022-02-22T15:13:51.275+05:30"
                    jcr:createdBy="admin"
                    jcr:lastModified="{Date}2022-03-04T06:57:50.143-06:00"
                    jcr:lastModifiedBy="Anagha.Dwajan@mercmarine.com"
                    jcr:primaryType="nt:unstructured"
                    sling:resourceType="ecomm-framework/components/content/blogteaser"
                    authoringDate="May 04, 2015"
                    authorName="Kelsey Scherf"
                    blogImage="/content/dam/delcity/images/blogs/image-not-available-image.png"
                    selectBrand="DC"
                    teaserDescription="The one-of-a-kind Clamp Making Tool allows you to make strong, reliable clamps out of simple Stainless Steel Safety Wire. "
                    teaserHeader="How To Use a Clamp Making Tool">
                    <categoryList jcr:primaryType="nt:unstructured">
                        <item0
                            jcr:primaryType="nt:unstructured"
                            delcitycategories="Hand Tools &amp; Testers"/>
                        <item1
                            jcr:primaryType="nt:unstructured"
                            delcitycategories="How-To"/>
                    </categoryList>
                </blogteaser>
                <text
                    cq:styleIds="[1629979540972]"
                    jcr:created="{Date}2022-02-22T15:18:06.941+05:30"
                    jcr:createdBy="admin"
                    jcr:lastModified="{Date}2022-02-22T15:21:07.744+05:30"
                    jcr:lastModifiedBy="admin"
                    jcr:primaryType="nt:unstructured"
                    sling:resourceType="delcity/components/content/text"
                    text="&lt;p>The one-of-a-kind&amp;nbsp;&lt;a href=&quot;http://www.delcity.net/store/Clamp-Making-Tool/p_811963.h_811964.t_1&quot;>Clamp Making Tool&lt;/a>&amp;nbsp;allows you to make strong, reliable clamps out of simple&amp;nbsp;&lt;a href=&quot;http://www.delcity.net/store/Stainless-Steel-Safety-Wire/p_811966.h_811967.t_1&quot;>Stainless Steel Safety Wire&lt;/a>.&amp;nbsp; It can be used to replace worn or ineffective hose clamps, or to create clamps on virtually any material by tightening wires around an object and locking them in place. &amp;nbsp;Follow these instructions to create your own clamps today!&lt;/p>&#xd;&#xa;&lt;p>&amp;nbsp;&lt;/p>&#xd;&#xa;&lt;p>&amp;nbsp;&lt;/p>&#xd;&#xa;"
                    textIsRich="true"/>
                <image
                    jcr:created="{Date}2022-02-22T15:18:47.296+05:30"
                    jcr:createdBy="admin"
                    jcr:lastModified="{Date}2022-02-22T15:19:08.192+05:30"
                    jcr:lastModifiedBy="admin"
                    jcr:primaryType="nt:unstructured"
                    sling:resourceType="ecomm-framework/components/content/image"
                    altValueFromDAM="true"
                    displayPopupTitle="true"
                    fileReference="/content/dam/delcity/images/blogs/image-not-available-image.png"
                    isDecorative="false"
                    titleValueFromDAM="true">
                    <cq:responsive jcr:primaryType="nt:unstructured">
                        <default
                            jcr:primaryType="nt:unstructured"
                            offset="3"
                            width="6"/>
                    </cq:responsive>
                </image>
                <separator_198203855
                    jcr:created="{Date}2022-02-22T15:45:18.500+05:30"
                    jcr:createdBy="admin"
                    jcr:lastModified="{Date}2022-02-22T15:45:18.500+05:30"
                    jcr:lastModifiedBy="admin"
                    jcr:primaryType="nt:unstructured"
                    sling:resourceType="ecomm-framework/components/content/separator"/>
                <text_317136058
                    jcr:created="{Date}2022-02-22T15:21:35.313+05:30"
                    jcr:createdBy="admin"
                    jcr:lastModified="{Date}2022-02-22T15:38:26.298+05:30"
                    jcr:lastModifiedBy="admin"
                    jcr:primaryType="nt:unstructured"
                    sling:resourceType="delcity/components/content/text"
                    text="&lt;h3>&amp;nbsp;&lt;b>Single Wrap Application&lt;/b>&lt;/h3>&#xd;&#xa;&lt;h3>&lt;b>Step 1&lt;/b>&lt;/h3>&#xd;&#xa;&lt;ul>&#xd;&#xa;&lt;li>Insert end of wire into front pin on the left side of the tool&lt;/li>&#xd;&#xa;&lt;li>Bring wire over the nose and in front of the front pin on the right side of the tool&lt;/li>&#xd;&#xa;&lt;li>Wrap wire around hose or object to clamp (as many wraps as desired)&lt;/li>&#xd;&#xa;&lt;li>Bring wire over the top of the wraps and around the rear pin on the right hand side&lt;/li>&#xd;&#xa;&lt;li>Take wire over the top of the tool and around the pin on the left hand side&lt;/li>&#xd;&#xa;&lt;/ul>&#xd;&#xa;"
                    textIsRich="true">
                    <cq:responsive jcr:primaryType="nt:unstructured">
                        <default
                            jcr:primaryType="nt:unstructured"
                            offset="0"
                            width="8"/>
                    </cq:responsive>
                </text_317136058>
                <image_993918915
                    jcr:created="{Date}2022-02-22T15:28:13.344+05:30"
                    jcr:createdBy="admin"
                    jcr:lastModified="{Date}2022-02-22T15:28:23.809+05:30"
                    jcr:lastModifiedBy="admin"
                    jcr:primaryType="nt:unstructured"
                    sling:resourceType="ecomm-framework/components/content/image"
                    altValueFromDAM="true"
                    displayPopupTitle="true"
                    fileReference="/content/dam/delcity/images/blogs/image-not-available-image.png"
                    isDecorative="false"
                    titleValueFromDAM="true">
                    <cq:responsive jcr:primaryType="nt:unstructured">
                        <default
                            jcr:primaryType="nt:unstructured"
                            offset="0"
                            width="2"/>
                    </cq:responsive>
                </image_993918915>
                <text_317136058_copy
                    jcr:created="{Date}2022-02-22T15:21:35.313+05:30"
                    jcr:createdBy="admin"
                    jcr:lastModified="{Date}2022-02-22T15:34:18.740+05:30"
                    jcr:lastModifiedBy="admin"
                    jcr:primaryType="nt:unstructured"
                    sling:resourceType="delcity/components/content/text"
                    text="&lt;h3>&lt;b>Step 1 (Alternative)&lt;/b>&lt;/h3>&#xd;&#xa;&lt;ul>&#xd;&#xa;&lt;li>Place loop of wire around nose and twist to tighten&lt;/li>&#xd;&#xa;&lt;li>Wrap wire around hose or object to clamp (as many wraps as desired)&lt;/li>&#xd;&#xa;&lt;li>Bring wire over the top of the wraps and around the rear pin on the right hand side&lt;/li>&#xd;&#xa;&lt;li>Take wire over the top of the tool and around the pin on the left hand side&lt;/li>&#xd;&#xa;&lt;/ul>&#xd;&#xa;"
                    textIsRich="true">
                    <cq:responsive jcr:primaryType="nt:unstructured">
                        <default
                            jcr:primaryType="nt:unstructured"
                            offset="0"
                            width="8"/>
                    </cq:responsive>
                </text_317136058_copy>
                <image_993918915_copy
                    jcr:created="{Date}2022-02-22T15:28:13.344+05:30"
                    jcr:createdBy="admin"
                    jcr:lastModified="{Date}2022-02-22T15:28:23.809+05:30"
                    jcr:lastModifiedBy="admin"
                    jcr:primaryType="nt:unstructured"
                    sling:resourceType="ecomm-framework/components/content/image"
                    altValueFromDAM="true"
                    displayPopupTitle="true"
                    fileReference="/content/dam/delcity/images/blogs/image-not-available-image.png"
                    isDecorative="false"
                    titleValueFromDAM="true">
                    <cq:responsive jcr:primaryType="nt:unstructured">
                        <default
                            jcr:primaryType="nt:unstructured"
                            offset="0"
                            width="2"/>
                    </cq:responsive>
                </image_993918915_copy>
                <text_317136058_copy_1058472349
                    jcr:created="{Date}2022-02-22T15:21:35.313+05:30"
                    jcr:createdBy="admin"
                    jcr:lastModified="{Date}2022-02-22T15:35:09.355+05:30"
                    jcr:lastModifiedBy="admin"
                    jcr:primaryType="nt:unstructured"
                    sling:resourceType="delcity/components/content/text"
                    text="&lt;h3>&lt;b>Step 2&lt;/b>&lt;/h3>&#xd;&#xa;&lt;ul>&#xd;&#xa;&lt;li>Turn wing nut to tighten&lt;/li>&#xd;&#xa;&lt;li>When clamp has reached desired tension, rotate tool 180° to lock clamp&lt;/li>&#xd;&#xa;&lt;li>Loosen wing nut and remove clamp making tool&lt;/li>&#xd;&#xa;&lt;li>Clip wire ends about ¼ inch from clam and push down toward hose or object clamped&lt;/li>&#xd;&#xa;&lt;/ul>&#xd;&#xa;"
                    textIsRich="true">
                    <cq:responsive jcr:primaryType="nt:unstructured">
                        <default
                            jcr:primaryType="nt:unstructured"
                            offset="0"
                            width="8"/>
                    </cq:responsive>
                </text_317136058_copy_1058472349>
                <image_993918915_copy_1528535821
                    jcr:created="{Date}2022-02-22T15:28:13.344+05:30"
                    jcr:createdBy="admin"
                    jcr:lastModified="{Date}2022-02-22T15:28:23.809+05:30"
                    jcr:lastModifiedBy="admin"
                    jcr:primaryType="nt:unstructured"
                    sling:resourceType="ecomm-framework/components/content/image"
                    altValueFromDAM="true"
                    displayPopupTitle="true"
                    fileReference="/content/dam/delcity/images/blogs/image-not-available-image.png"
                    isDecorative="false"
                    titleValueFromDAM="true">
                    <cq:responsive jcr:primaryType="nt:unstructured">
                        <default
                            jcr:primaryType="nt:unstructured"
                            offset="0"
                            width="2"/>
                    </cq:responsive>
                </image_993918915_copy_1528535821>
                <text_317136058_copy_34480580
                    jcr:created="{Date}2022-02-22T15:21:35.313+05:30"
                    jcr:createdBy="admin"
                    jcr:lastModified="{Date}2022-02-22T15:37:45.742+05:30"
                    jcr:lastModifiedBy="admin"
                    jcr:primaryType="nt:unstructured"
                    sling:resourceType="delcity/components/content/text"
                    text="&lt;h3>&lt;b>Double Wrap Application&lt;/b>&lt;/h3>&#xd;&#xa;&lt;h3>&lt;b>Step 1&lt;/b>&lt;/h3>&#xd;&#xa;&lt;ul>&#xd;&#xa;&lt;li>Cut wire to length (4 times around project plus 12” for tool)&lt;/li>&#xd;&#xa;&lt;li>Fold wire in half, tape or wire nut ends together&lt;/li>&#xd;&#xa;&lt;li>Wrap around hose where you want a clamp&lt;/li>&#xd;&#xa;&lt;li>Tuck ends through the loop&lt;/li>&#xd;&#xa;&lt;/ul>&#xd;&#xa;"
                    textIsRich="true">
                    <cq:responsive jcr:primaryType="nt:unstructured">
                        <default
                            jcr:primaryType="nt:unstructured"
                            offset="0"
                            width="8"/>
                    </cq:responsive>
                </text_317136058_copy_34480580>
                <image_993918915_copy_439946801
                    jcr:created="{Date}2022-02-22T15:28:13.344+05:30"
                    jcr:createdBy="admin"
                    jcr:lastModified="{Date}2022-02-22T15:28:23.809+05:30"
                    jcr:lastModifiedBy="admin"
                    jcr:primaryType="nt:unstructured"
                    sling:resourceType="ecomm-framework/components/content/image"
                    altValueFromDAM="true"
                    displayPopupTitle="true"
                    fileReference="/content/dam/delcity/images/blogs/image-not-available-image.png"
                    isDecorative="false"
                    titleValueFromDAM="true">
                    <cq:responsive jcr:primaryType="nt:unstructured">
                        <default
                            jcr:primaryType="nt:unstructured"
                            offset="0"
                            width="2"/>
                    </cq:responsive>
                </image_993918915_copy_439946801>
                <text_317136058_copy_1833920612
                    jcr:created="{Date}2022-02-22T15:21:35.313+05:30"
                    jcr:createdBy="admin"
                    jcr:lastModified="{Date}2022-02-22T15:39:27.921+05:30"
                    jcr:lastModifiedBy="admin"
                    jcr:primaryType="nt:unstructured"
                    sling:resourceType="delcity/components/content/text"
                    text="&lt;h3>&lt;b style=&quot;font-size: 0.8125rem;&quot;>Step 2&lt;/b>&lt;br>&#xd;&#xa;&lt;/h3>&#xd;&#xa;&lt;ul>&#xd;&#xa;&lt;li>Continue to wrap&amp;nbsp;around in the same direction; tuck through loop again and remove tape or wire nut&lt;/li>&#xd;&#xa;&lt;li>Place tool as shown with wire over front pin and around rear pin&lt;/li>&#xd;&#xa;&lt;li>Twist ends together tightly about 6 twists as close to the body of the tool as possible&lt;/li>&#xd;&#xa;&lt;/ul>&#xd;&#xa;"
                    textIsRich="true">
                    <cq:responsive jcr:primaryType="nt:unstructured">
                        <default
                            jcr:primaryType="nt:unstructured"
                            offset="0"
                            width="8"/>
                    </cq:responsive>
                </text_317136058_copy_1833920612>
                <image_993918915_copy_865696523
                    jcr:created="{Date}2022-02-22T15:28:13.344+05:30"
                    jcr:createdBy="admin"
                    jcr:lastModified="{Date}2022-02-22T15:28:23.809+05:30"
                    jcr:lastModifiedBy="admin"
                    jcr:primaryType="nt:unstructured"
                    sling:resourceType="ecomm-framework/components/content/image"
                    altValueFromDAM="true"
                    displayPopupTitle="true"
                    fileReference="/content/dam/delcity/images/blogs/image-not-available-image.png"
                    isDecorative="false"
                    titleValueFromDAM="true">
                    <cq:responsive jcr:primaryType="nt:unstructured">
                        <default
                            jcr:primaryType="nt:unstructured"
                            offset="0"
                            width="2"/>
                    </cq:responsive>
                </image_993918915_copy_865696523>
                <text_317136058_copy_491131086
                    jcr:created="{Date}2022-02-22T15:21:35.313+05:30"
                    jcr:createdBy="admin"
                    jcr:lastModified="{Date}2022-02-22T15:39:57.441+05:30"
                    jcr:lastModifiedBy="admin"
                    jcr:primaryType="nt:unstructured"
                    sling:resourceType="delcity/components/content/text"
                    text="&lt;h3>&lt;b style=&quot;font-size: 0.8125rem;&quot;>Step 3&lt;/b>&lt;br>&#xd;&#xa;&lt;/h3>&#xd;&#xa;&lt;ul>&#xd;&#xa;&lt;li>Place notch at end of tool against the wire loop&lt;/li>&#xd;&#xa;&lt;li>Turn wing nut clockwise to tighten (right hand threads)&lt;/li>&#xd;&#xa;&lt;/ul>&#xd;&#xa;"
                    textIsRich="true">
                    <cq:responsive jcr:primaryType="nt:unstructured">
                        <default
                            jcr:primaryType="nt:unstructured"
                            offset="0"
                            width="8"/>
                    </cq:responsive>
                </text_317136058_copy_491131086>
                <image_993918915_copy_1621575510
                    jcr:created="{Date}2022-02-22T15:28:13.344+05:30"
                    jcr:createdBy="admin"
                    jcr:lastModified="{Date}2022-02-22T15:28:23.809+05:30"
                    jcr:lastModifiedBy="admin"
                    jcr:primaryType="nt:unstructured"
                    sling:resourceType="ecomm-framework/components/content/image"
                    altValueFromDAM="true"
                    displayPopupTitle="true"
                    fileReference="/content/dam/delcity/images/blogs/image-not-available-image.png"
                    isDecorative="false"
                    titleValueFromDAM="true">
                    <cq:responsive jcr:primaryType="nt:unstructured">
                        <default
                            jcr:primaryType="nt:unstructured"
                            offset="0"
                            width="2"/>
                    </cq:responsive>
                </image_993918915_copy_1621575510>
                <text_317136058_copy_1164975653
                    jcr:created="{Date}2022-02-22T15:21:35.313+05:30"
                    jcr:createdBy="admin"
                    jcr:lastModified="{Date}2022-02-22T15:40:27.921+05:30"
                    jcr:lastModifiedBy="admin"
                    jcr:primaryType="nt:unstructured"
                    sling:resourceType="delcity/components/content/text"
                    text="&lt;h3>&lt;b style=&quot;font-size: 0.8125rem;&quot;>Step 4&lt;/b>&lt;br>&#xd;&#xa;&lt;/h3>&#xd;&#xa;&lt;ul>&#xd;&#xa;&lt;li>Rotate tool over to lock the clamp, bending wires back over themselves&lt;/li>&#xd;&#xa;&lt;li>Loosen wing nut and remove the tool&lt;/li>&#xd;&#xa;&lt;li>Clip off wire ends about ¼ inch from clamp and push ends down against the hose.&lt;/li>&#xd;&#xa;&lt;li>As you can see, the Clamp Making Tool allows you to create strong and versatile clamps anytime, anywhere, on any material. Never be caught without the right size clamp again when you have the&amp;nbsp;&lt;a href=&quot;http://www.delcity.net/store/Clamp-Making-Tool/p_811963.h_811964.t_1&quot;>Clamp Making Tool&lt;/a>&amp;nbsp;and&amp;nbsp;&lt;a href=&quot;http://www.delcity.net/store/Stainless-Steel-Safety-Wire/p_811966.h_811967.t_1&quot;>Stainless Steel Safety Wire&lt;/a>&amp;nbsp;on hand!&lt;/li>&#xd;&#xa;&lt;/ul>&#xd;&#xa;"
                    textIsRich="true">
                    <cq:responsive jcr:primaryType="nt:unstructured">
                        <default
                            jcr:primaryType="nt:unstructured"
                            offset="0"
                            width="8"/>
                    </cq:responsive>
                </text_317136058_copy_1164975653>
                <image_993918915_copy_1059015602
                    jcr:created="{Date}2022-02-22T15:28:13.344+05:30"
                    jcr:createdBy="admin"
                    jcr:lastModified="{Date}2022-02-22T15:28:23.809+05:30"
                    jcr:lastModifiedBy="admin"
                    jcr:primaryType="nt:unstructured"
                    sling:resourceType="ecomm-framework/components/content/image"
                    altValueFromDAM="true"
                    displayPopupTitle="true"
                    fileReference="/content/dam/delcity/images/blogs/image-not-available-image.png"
                    isDecorative="false"
                    titleValueFromDAM="true">
                    <cq:responsive jcr:primaryType="nt:unstructured">
                        <default
                            jcr:primaryType="nt:unstructured"
                            offset="0"
                            width="2"/>
                    </cq:responsive>
                </image_993918915_copy_1059015602>
                <text_1479315141
                    jcr:created="{Date}2022-02-22T15:43:20.971+05:30"
                    jcr:createdBy="admin"
                    jcr:lastModified="{Date}2022-02-22T15:43:36.254+05:30"
                    jcr:lastModifiedBy="admin"
                    jcr:primaryType="nt:unstructured"
                    sling:resourceType="delcity/components/content/text"
                    text="&lt;h6 style=&quot;margin-left: 40px;&quot;>Posted in&amp;nbsp;&lt;a href=&quot;https://blog.delcity.net/category/hand-tools-testers/&quot;>Hand Tools &amp;amp; Testers&lt;/a>,&amp;nbsp;&lt;a href=&quot;https://blog.delcity.net/category/how-to/&quot;>How To&lt;/a>.&lt;/h6>&#xd;&#xa;"
                    textIsRich="true">
                    <cq:responsive jcr:primaryType="nt:unstructured">
                        <default
                            jcr:primaryType="nt:unstructured"
                            offset="0"
                            width="11"/>
                    </cq:responsive>
                </text_1479315141>
                <separator
                    jcr:created="{Date}2022-02-22T15:40:38.839+05:30"
                    jcr:createdBy="admin"
                    jcr:lastModified="{Date}2022-02-22T15:40:38.839+05:30"
                    jcr:lastModifiedBy="admin"
                    jcr:primaryType="nt:unstructured"
                    sling:resourceType="ecomm-framework/components/content/separator"/>
                <button
                    jcr:created="{Date}2022-02-22T15:40:46.505+05:30"
                    jcr:createdBy="admin"
                    jcr:lastModified="{Date}2022-02-22T15:41:47.202+05:30"
                    jcr:lastModifiedBy="admin"
                    jcr:primaryType="nt:unstructured"
                    jcr:title=" Cole Hersee Plastic Solenoids"
                    sling:resourceType="ecomm-framework/components/content/button"
                    link="https://blog.delcity.net/cole-hersee-plastic-solenoids-2/">
                    <cq:responsive jcr:primaryType="nt:unstructured">
                        <default
                            jcr:primaryType="nt:unstructured"
                            offset="1"
                            width="3"/>
                    </cq:responsive>
                </button>
                <button_1675359256
                    jcr:created="{Date}2022-02-22T15:42:14.237+05:30"
                    jcr:createdBy="admin"
                    jcr:lastModified="{Date}2022-02-22T15:42:47.257+05:30"
                    jcr:lastModifiedBy="admin"
                    jcr:primaryType="nt:unstructured"
                    jcr:title="Choosing the Right Heat Shrink "
                    sling:resourceType="ecomm-framework/components/content/button"
                    link="https://blog.delcity.net/choosing-the-right-heat-shrink/">
                    <cq:responsive jcr:primaryType="nt:unstructured">
                        <default
                            jcr:primaryType="nt:unstructured"
                            offset="4"
                            width="3"/>
                    </cq:responsive>
                </button_1675359256>
                <text_1636264735_copy
                    jcr:created="{Date}2022-02-24T15:39:12.118+05:30"
                    jcr:createdBy="admin"
                    jcr:lastModified="{Date}2022-02-24T15:39:12.118+05:30"
                    jcr:lastModifiedBy="admin"
                    jcr:primaryType="nt:unstructured"
                    sling:resourceType="delcity/components/content/text">
                    <cq:responsive jcr:primaryType="nt:unstructured">
                        <default
                            jcr:primaryType="nt:unstructured"
                            offset="1"
                            width="11"/>
                    </cq:responsive>
                </text_1636264735_copy>
            </responsivegrid>
        </root>
    </jcr:content>
</jcr:root>
