<?xml version="1.0" encoding="UTF-8"?>
<jcr:root xmlns:sling="http://sling.apache.org/jcr/sling/1.0" xmlns:cq="http://www.day.com/jcr/cq/1.0" xmlns:jcr="http://www.jcp.org/jcr/1.0" xmlns:nt="http://www.jcp.org/jcr/nt/1.0"
    jcr:primaryType="cq:Page">
    <jcr:content
        cq:lastModified="{Date}2022-03-04T05:04:24.924-06:00"
        cq:lastModifiedBy="Anagha.Dwajan@mercmarine.com"
        cq:template="/conf/delcity/settings/wcm/templates/delcity-generic-template"
        jcr:primaryType="cq:PageContent"
        jcr:title="DEUTSCH Products Assembly Guide"
        sling:resourceType="delcity/components/structure/page">
        <root
            jcr:primaryType="nt:unstructured"
            sling:resourceType="wcm/foundation/components/responsivegrid">
            <footer
                jcr:created="{Date}2021-06-21T14:21:52.357+05:30"
                jcr:createdBy="admin"
                jcr:lastModified="{Date}2022-02-01T17:04:20.028+05:30"
                jcr:lastModifiedBy="admin"
                jcr:primaryType="nt:unstructured"
                sling:resourceType="delcity/components/structure/footer"
                menutitle1="About Us"
                sendIcon="/content/dam/delcity/images/Icon-send@2x.png">
                <aboutus jcr:primaryType="nt:unstructured">
                    <item0
                        jcr:primaryType="nt:unstructured"
                        pagetitle="About Us"/>
                    <item1
                        jcr:primaryType="nt:unstructured"
                        pagetitle="Contact Us"/>
                    <item2
                        jcr:primaryType="nt:unstructured"
                        pagetitle="FAQs"/>
                </aboutus>
            </footer>
            <responsivegrid
                jcr:created="{Date}2021-06-21T14:21:44.042+05:30"
                jcr:createdBy="admin"
                jcr:lastModified="{Date}2022-02-01T17:04:38.578+05:30"
                jcr:lastModifiedBy="admin"
                jcr:primaryType="nt:unstructured"
                sling:resourceType="wcm/foundation/components/responsivegrid">
                <blogteaser
                    jcr:created="{Date}2022-02-22T11:26:28.049+05:30"
                    jcr:createdBy="admin"
                    jcr:lastModified="{Date}2022-03-04T05:04:24.915-06:00"
                    jcr:lastModifiedBy="Anagha.Dwajan@mercmarine.com"
                    jcr:primaryType="nt:unstructured"
                    sling:resourceType="ecomm-framework/components/content/blogteaser"
                    authoringDate="September 20, 2017"
                    authorName="Kelsey Scherf"
                    blogImage="/content/dam/delcity/images/blogs/image-not-available-image.png"
                    selectBrand="DC"
                    teaserHeader="DEUTSCH Products Assembly Guide">
                    <categoryList jcr:primaryType="nt:unstructured">
                        <item0
                            jcr:primaryType="nt:unstructured"
                            delcitycategories="How-To"/>
                        <item1
                            jcr:primaryType="nt:unstructured"
                            delcitycategories="Wire Connectors &amp; Quick Splices"/>
                    </categoryList>
                </blogteaser>
                <text
                    jcr:created="{Date}2022-02-22T11:27:54.581+05:30"
                    jcr:createdBy="admin"
                    jcr:lastModified="{Date}2022-02-25T15:11:23.771+05:30"
                    jcr:lastModifiedBy="admin"
                    jcr:primaryType="nt:unstructured"
                    sling:resourceType="delcity/components/content/text"
                    text="&lt;p>The&amp;nbsp;&lt;a href=&quot;https://www.delcity.net/store/Deutsch-DT-Electrical-Connectors/p_822961&quot;>&lt;u>DEUTSCH products&lt;/u>&lt;/a>&amp;nbsp;are built for reliability and quality. With so many series’ available, assembling them may get a little confusing. Check out the tutorials below for tips of DEUTSCH products assembly!&lt;/p>&#xd;&#xa;&lt;p>Also check out our&amp;nbsp;&lt;a href=&quot;http://blog.delcity.net/deutsch-products-guide&quot;>&lt;u>DEUTSCH Product Guide&lt;/u>&lt;/a>&amp;nbsp;to help you distinguish and choose which product is right for you!&lt;/p>&#xd;&#xa;"
                    textIsRich="true"/>
                <embed
                    jcr:created="{Date}2022-02-22T11:29:14.970+05:30"
                    jcr:createdBy="admin"
                    jcr:lastModified="{Date}2022-02-22T11:30:03.012+05:30"
                    jcr:lastModifiedBy="admin"
                    jcr:primaryType="nt:unstructured"
                    sling:resourceType="ecomm-framework/components/content/embed"
                    html="&lt;iframe width=&quot;560&quot; height=&quot;314&quot; src=&quot;https://www.youtube.com/embed/08f5b9gcCBI&quot; title=&quot;YouTube video player&quot; frameborder=&quot;0&quot; allow=&quot;accelerometer; autoplay; clipboard-write; encrypted-media; gyroscope; picture-in-picture&quot; allowfullscreen>&lt;/iframe>"
                    type="html">
                    <cq:responsive jcr:primaryType="nt:unstructured">
                        <default
                            jcr:primaryType="nt:unstructured"
                            offset="1"
                            width="11"/>
                    </cq:responsive>
                </embed>
                <embed_508818460
                    jcr:created="{Date}2022-02-22T11:29:25.016+05:30"
                    jcr:createdBy="admin"
                    jcr:lastModified="{Date}2022-02-22T11:30:21.715+05:30"
                    jcr:lastModifiedBy="admin"
                    jcr:primaryType="nt:unstructured"
                    sling:resourceType="ecomm-framework/components/content/embed"
                    html="&lt;iframe width=&quot;560&quot; height=&quot;314&quot; src=&quot;https://www.youtube.com/embed/3HQCJukTPV4&quot; title=&quot;YouTube video player&quot; frameborder=&quot;0&quot; allow=&quot;accelerometer; autoplay; clipboard-write; encrypted-media; gyroscope; picture-in-picture&quot; allowfullscreen>&lt;/iframe>"
                    type="html">
                    <cq:responsive jcr:primaryType="nt:unstructured">
                        <default
                            jcr:primaryType="nt:unstructured"
                            offset="1"
                            width="11"/>
                    </cq:responsive>
                </embed_508818460>
                <embed_839520325
                    jcr:created="{Date}2022-02-22T11:29:34.343+05:30"
                    jcr:createdBy="admin"
                    jcr:lastModified="{Date}2022-02-22T11:30:42.701+05:30"
                    jcr:lastModifiedBy="admin"
                    jcr:primaryType="nt:unstructured"
                    sling:resourceType="ecomm-framework/components/content/embed"
                    html="&lt;iframe width=&quot;560&quot; height=&quot;314&quot; src=&quot;https://www.youtube.com/embed/z8mFeMqGKj0&quot; title=&quot;YouTube video player&quot; frameborder=&quot;0&quot; allow=&quot;accelerometer; autoplay; clipboard-write; encrypted-media; gyroscope; picture-in-picture&quot; allowfullscreen>&lt;/iframe>"
                    type="html">
                    <cq:responsive jcr:primaryType="nt:unstructured">
                        <default
                            jcr:primaryType="nt:unstructured"
                            offset="1"
                            width="11"/>
                    </cq:responsive>
                </embed_839520325>
                <text_2080490352
                    jcr:created="{Date}2022-02-22T11:31:36.849+05:30"
                    jcr:createdBy="admin"
                    jcr:lastModified="{Date}2022-02-25T15:11:42.744+05:30"
                    jcr:lastModifiedBy="admin"
                    jcr:primaryType="nt:unstructured"
                    sling:resourceType="delcity/components/content/text"
                    text="&lt;p>Still confused? Don’t hesitate to reach out to our Technical Support at&amp;nbsp;&lt;b>1.800.654.4757!&lt;/b>&lt;/p>&#xd;&#xa;&lt;h6>&amp;nbsp; &amp;nbsp; &amp;nbsp; &amp;nbsp; &amp;nbsp; &amp;nbsp; &amp;nbsp; Posted in&amp;nbsp;&lt;u>&lt;a href=&quot;https://blog.delcity.net/category/how-to/&quot;>How To&lt;/a>,&amp;nbsp;&lt;a href=&quot;https://blog.delcity.net/category/wire-connectors-quick-splices/&quot;>Wire Connectors &amp;amp; Quick Splices&lt;/a>&lt;/u>.&lt;/h6>&#xd;&#xa;"
                    textIsRich="true"/>
                <separator
                    jcr:created="{Date}2022-02-22T11:32:02.924+05:30"
                    jcr:createdBy="admin"
                    jcr:lastModified="{Date}2022-02-22T11:32:02.924+05:30"
                    jcr:lastModifiedBy="admin"
                    jcr:primaryType="nt:unstructured"
                    sling:resourceType="ecomm-framework/components/content/separator"/>
                <button
                    jcr:created="{Date}2022-02-22T11:32:14.501+05:30"
                    jcr:createdBy="admin"
                    jcr:lastModified="{Date}2022-02-22T11:34:32.183+05:30"
                    jcr:lastModifiedBy="admin"
                    jcr:primaryType="nt:unstructured"
                    jcr:title="How To Solder Battery Lugs"
                    sling:resourceType="ecomm-framework/components/content/button"
                    link="https://blog.delcity.net/how-to-solder-battery-lugs/">
                    <cq:responsive jcr:primaryType="nt:unstructured">
                        <default
                            jcr:primaryType="nt:unstructured"
                            offset="1"
                            width="3"/>
                    </cq:responsive>
                </button>
                <button_1233679771
                    jcr:created="{Date}2022-02-22T11:32:22.327+05:30"
                    jcr:createdBy="admin"
                    jcr:lastModified="{Date}2022-02-22T11:35:40.031+05:30"
                    jcr:lastModifiedBy="admin"
                    jcr:primaryType="nt:unstructured"
                    jcr:title="DEUTSCH Products Assembly Guide"
                    sling:resourceType="ecomm-framework/components/content/button"
                    link="https://blog.delcity.net/deutsch-products-assembly-guide/">
                    <cq:responsive jcr:primaryType="nt:unstructured">
                        <default
                            jcr:primaryType="nt:unstructured"
                            offset="5"
                            width="3"/>
                    </cq:responsive>
                </button_1233679771>
            </responsivegrid>
        </root>
    </jcr:content>
</jcr:root>
