<?xml version="1.0" encoding="UTF-8"?>
<jcr:root xmlns:sling="http://sling.apache.org/jcr/sling/1.0" xmlns:cq="http://www.day.com/jcr/cq/1.0" xmlns:jcr="http://www.jcp.org/jcr/1.0" xmlns:nt="http://www.jcp.org/jcr/nt/1.0"
    jcr:primaryType="cq:Page">
    <jcr:content
        cq:lastModified="{Date}2022-03-04T07:46:57.588-06:00"
        cq:lastModifiedBy="Anagha.Dwajan@mercmarine.com"
        cq:template="/conf/delcity/settings/wcm/templates/delcity-generic-template"
        jcr:primaryType="cq:PageContent"
        jcr:title="What Is A Solenoid?"
        sling:resourceType="delcity/components/structure/page">
        <root
            jcr:primaryType="nt:unstructured"
            sling:resourceType="wcm/foundation/components/responsivegrid">
            <footer
                jcr:created="{Date}2021-06-21T14:21:52.357+05:30"
                jcr:createdBy="admin"
                jcr:lastModified="{Date}2022-02-01T17:04:20.028+05:30"
                jcr:lastModifiedBy="admin"
                jcr:primaryType="nt:unstructured"
                sling:resourceType="delcity/components/structure/footer"
                menutitle1="About Us"
                sendIcon="/content/dam/delcity/images/Icon-send@2x.png">
                <aboutus jcr:primaryType="nt:unstructured">
                    <item0
                        jcr:primaryType="nt:unstructured"
                        pagetitle="About Us"/>
                    <item1
                        jcr:primaryType="nt:unstructured"
                        pagetitle="Contact Us"/>
                    <item2
                        jcr:primaryType="nt:unstructured"
                        pagetitle="FAQs"/>
                </aboutus>
            </footer>
            <responsivegrid
                jcr:created="{Date}2021-06-21T14:21:44.042+05:30"
                jcr:createdBy="admin"
                jcr:lastModified="{Date}2022-02-01T17:04:38.578+05:30"
                jcr:lastModifiedBy="admin"
                jcr:primaryType="nt:unstructured"
                sling:resourceType="wcm/foundation/components/responsivegrid">
                <blogteaser_copy
                    jcr:created="{Date}2022-02-18T12:11:12.828+05:30"
                    jcr:createdBy="admin"
                    jcr:lastModified="{Date}2022-03-04T07:46:54.265-06:00"
                    jcr:lastModifiedBy="Anagha.Dwajan@mercmarine.com"
                    jcr:primaryType="nt:unstructured"
                    sling:resourceType="ecomm-framework/components/content/blogteaser"
                    authoringDate="October 27, 2016"
                    authorName="Kelsey Scherf"
                    blogImage="/content/dam/delcity/images/blogs/image-not-available-image.png"
                    selectBrand="DC"
                    teaserHeader="What Is A Solenoid?">
                    <categoryList jcr:primaryType="nt:unstructured">
                        <item0
                            jcr:primaryType="nt:unstructured"
                            delcitycategories="Relays &amp; Power Distribution"/>
                        <item1
                            jcr:primaryType="nt:unstructured"
                            delcitycategories="Switches"/>
                    </categoryList>
                </blogteaser_copy>
                <responsivegrid
                    jcr:created="{Date}2022-02-25T17:08:57.991+05:30"
                    jcr:createdBy="admin"
                    jcr:lastModified="{Date}2022-02-25T17:08:57.991+05:30"
                    jcr:lastModifiedBy="admin"
                    jcr:primaryType="nt:unstructured"
                    sling:resourceType="wcm/foundation/components/responsivegrid">
                    <cq:responsive jcr:primaryType="nt:unstructured"/>
                    <image
                        jcr:created="{Date}2022-02-25T17:12:07.818+05:30"
                        jcr:createdBy="admin"
                        jcr:lastModified="{Date}2022-02-25T17:12:18.555+05:30"
                        jcr:lastModifiedBy="admin"
                        jcr:primaryType="nt:unstructured"
                        sling:resourceType="ecomm-framework/components/content/image"
                        altValueFromDAM="true"
                        displayPopupTitle="true"
                        fileReference="/content/dam/delcity/images/blogs/image-not-available-image.png"
                        isDecorative="false"
                        titleValueFromDAM="true">
                        <cq:responsive jcr:primaryType="nt:unstructured">
                            <default
                                jcr:primaryType="nt:unstructured"
                                offset="3"
                                width="4"/>
                        </cq:responsive>
                    </image>
                    <text
                        jcr:created="{Date}2022-02-25T17:13:07.420+05:30"
                        jcr:createdBy="admin"
                        jcr:lastModified="{Date}2022-02-26T15:52:46.927+05:30"
                        jcr:lastModifiedBy="admin"
                        jcr:primaryType="nt:unstructured"
                        sling:resourceType="delcity/components/content/text"
                        text="&lt;p>&lt;b>Overview&lt;/b>&lt;/p>&#xd;&#xa;&lt;p>Often times when working on high amperage applications a&amp;nbsp;&lt;a href=&quot;https://www.delcity.net/store/Solenoid-Switches/p_810283&quot;>&lt;u>solenoid&lt;/u>&lt;/a>&amp;nbsp;is incorporated into the wiring system. This is due to their ability to control a large output of power with very little power input. But, what is a&amp;nbsp;&lt;a href=&quot;https://www.delcity.net/store/Solenoid-Switches/p_810283&quot;>&lt;u>solenoid&lt;/u>&lt;/a>?&amp;nbsp;Some would call them “relay switches”, but really they are just giant relays – not switches – because they cannot be manually actuated like toggle switches, for example. With the ability for a solenoid to carry such a large load, they are an option to consider&amp;nbsp;when a relay is unable to handle the power load required for the application (i.e. snow plows).&lt;/p>&#xd;&#xa;"
                        textIsRich="true"/>
                    <image_783724209
                        jcr:created="{Date}2022-02-25T17:13:35.941+05:30"
                        jcr:createdBy="admin"
                        jcr:lastModified="{Date}2022-02-25T17:13:44.994+05:30"
                        jcr:lastModifiedBy="admin"
                        jcr:primaryType="nt:unstructured"
                        sling:resourceType="ecomm-framework/components/content/image"
                        altValueFromDAM="true"
                        displayPopupTitle="true"
                        fileReference="/content/dam/delcity/images/blogs/image-not-available-image.png"
                        isDecorative="false"
                        titleValueFromDAM="true">
                        <cq:responsive jcr:primaryType="nt:unstructured">
                            <default
                                jcr:primaryType="nt:unstructured"
                                offset="1"
                                width="3"/>
                        </cq:responsive>
                    </image_783724209>
                    <text_copy
                        jcr:created="{Date}2022-02-25T17:13:07.420+05:30"
                        jcr:createdBy="admin"
                        jcr:lastModified="{Date}2022-02-26T15:53:07.402+05:30"
                        jcr:lastModifiedBy="admin"
                        jcr:primaryType="nt:unstructured"
                        sling:resourceType="delcity/components/content/text"
                        text="&lt;p>&lt;b>Design&lt;/b>&lt;/p>&#xd;&#xa;&lt;p>A&amp;nbsp;&lt;a href=&quot;http://www.delcity.net/store/Solenoid-Switches/p_810283&quot;>&lt;u>solenoid&lt;/u>&lt;/a>&amp;nbsp;will have a different number of contacts based on its actuation and duty. In this example, we took an&amp;nbsp;&lt;a href=&quot;https://www.delcity.net/store/Insulated-Continuous-Solenoids/p_743392&quot;>&lt;u>insulated continuous solenoid with SPST actuation&lt;/u>&lt;/a>&amp;nbsp;(the most common actuation type):&lt;/p>&#xd;&#xa;&lt;p>In this instance, the two smaller contacts in the center on top are the control terminals for the coil.&amp;nbsp;Essentially, these two smaller contacts for power and ground function the same as pins 86 and 85 on a relay.&lt;/p>&#xd;&#xa;"
                        textIsRich="true"/>
                    <image_783724209_copy
                        jcr:created="{Date}2022-02-25T17:13:35.941+05:30"
                        jcr:createdBy="admin"
                        jcr:lastModified="{Date}2022-02-25T17:13:44.994+05:30"
                        jcr:lastModifiedBy="admin"
                        jcr:primaryType="nt:unstructured"
                        sling:resourceType="ecomm-framework/components/content/image"
                        altValueFromDAM="true"
                        displayPopupTitle="true"
                        fileReference="/content/dam/delcity/images/blogs/image-not-available-image.png"
                        isDecorative="false"
                        titleValueFromDAM="true">
                        <cq:responsive jcr:primaryType="nt:unstructured">
                            <default
                                jcr:primaryType="nt:unstructured"
                                offset="1"
                                width="3"/>
                        </cq:responsive>
                    </image_783724209_copy>
                    <text_copy_copy
                        jcr:created="{Date}2022-02-25T17:13:07.420+05:30"
                        jcr:createdBy="admin"
                        jcr:lastModified="{Date}2022-02-25T17:16:21.173+05:30"
                        jcr:lastModifiedBy="admin"
                        jcr:primaryType="nt:unstructured"
                        sling:resourceType="delcity/components/content/text"
                        text="&lt;p>Then, the two larger contacts (on either side of the smaller contacts) are what control the circuit accessory. These larger contacts act as pins 30 and 87 on a relay. Because this is a SPST solenoid, only one accessory can be activated within this circuit.&lt;/p>&#xd;&#xa;&lt;p>On the bottom, you’ll see the two mounting brackets which assist in – you guessed it – mounting. But these brackets also support grounding the system when using a non-insulated solenoid.&amp;nbsp;&amp;nbsp;&lt;/p>&#xd;&#xa;&lt;p>&amp;nbsp;&lt;/p>&#xd;&#xa;&lt;p>&lt;b>Magnetic Field &amp;amp; Functionality&lt;/b>&lt;/p>&#xd;&#xa;&lt;p>The magnetic field of a solenoid is created by energizing the coil inside. Essentially, if you open it up, you’ll see the coil wrapped around the core of the solenoid and the t-shaped shaft or “plunger”.&lt;/p>&#xd;&#xa;"
                        textIsRich="true"/>
                    <image_783724209_copy_972379904
                        jcr:created="{Date}2022-02-25T17:13:35.941+05:30"
                        jcr:createdBy="admin"
                        jcr:lastModified="{Date}2022-02-25T17:13:44.994+05:30"
                        jcr:lastModifiedBy="admin"
                        jcr:primaryType="nt:unstructured"
                        sling:resourceType="ecomm-framework/components/content/image"
                        altValueFromDAM="true"
                        displayPopupTitle="true"
                        fileReference="/content/dam/delcity/images/blogs/image-not-available-image.png"
                        isDecorative="false"
                        titleValueFromDAM="true">
                        <cq:responsive jcr:primaryType="nt:unstructured">
                            <default
                                jcr:primaryType="nt:unstructured"
                                offset="1"
                                width="3"/>
                        </cq:responsive>
                    </image_783724209_copy_972379904>
                    <text_copy_copy_1095805686
                        jcr:created="{Date}2022-02-25T17:13:07.420+05:30"
                        jcr:createdBy="admin"
                        jcr:lastModified="{Date}2022-02-25T17:17:23.306+05:30"
                        jcr:lastModifiedBy="admin"
                        jcr:primaryType="nt:unstructured"
                        sling:resourceType="delcity/components/content/text"
                        text="&lt;p>When the circuit is activated, the coil is energized by the power sent from the power contact. This energy moves the plunger head to connect the two larger contacts (power and ground).&amp;nbsp;&lt;/p>&#xd;&#xa;"
                        textIsRich="true"/>
                    <image_783724209_copy_612473739
                        jcr:created="{Date}2022-02-25T17:13:35.941+05:30"
                        jcr:createdBy="admin"
                        jcr:lastModified="{Date}2022-02-25T17:13:44.994+05:30"
                        jcr:lastModifiedBy="admin"
                        jcr:primaryType="nt:unstructured"
                        sling:resourceType="ecomm-framework/components/content/image"
                        altValueFromDAM="true"
                        displayPopupTitle="true"
                        fileReference="/content/dam/delcity/images/blogs/image-not-available-image.png"
                        isDecorative="false"
                        titleValueFromDAM="true">
                        <cq:responsive jcr:primaryType="nt:unstructured">
                            <default
                                jcr:primaryType="nt:unstructured"
                                offset="4"
                                width="3"/>
                        </cq:responsive>
                    </image_783724209_copy_612473739>
                    <text_241732733
                        jcr:created="{Date}2022-02-25T17:20:05.844+05:30"
                        jcr:createdBy="admin"
                        jcr:lastModified="{Date}2022-02-25T17:20:57.255+05:30"
                        jcr:lastModifiedBy="admin"
                        jcr:primaryType="nt:unstructured"
                        sling:resourceType="delcity/components/content/text"
                        text="&lt;h6 style=&quot;text-align: center;&quot;>&lt;i>If you&amp;nbsp;look inside a solenoid, when it’s energized you’ll see the plunger head get drawn in to connect the two large connects, as shown above.&lt;/i>&lt;/h6>&#xd;&#xa;"
                        textIsRich="true"/>
                    <text_1135621254
                        jcr:created="{Date}2022-02-25T17:23:32.220+05:30"
                        jcr:createdBy="admin"
                        jcr:lastModified="{Date}2022-02-28T10:18:04.755+05:30"
                        jcr:lastModifiedBy="admin"
                        jcr:primaryType="nt:unstructured"
                        sling:resourceType="delcity/components/content/text"
                        text="&lt;p>Once this connection is made, power is sent to the accessory. In most cases, this results in an ON activation state.&lt;/p>&#xd;&#xa;&lt;p> &lt;/p>&#xd;&#xa;&lt;h1>&lt;b>   Things To Consider When Choosing A Solenoid&lt;/b>&lt;/h1>&#xd;&#xa;&lt;p>With &lt;a href=&quot;https://www.delcity.net/store/Solenoid-Switches/p_810283&quot;>solenoids&lt;/a>, there are all sorts of choices to make. Let’s take a look at what some of the key areas to consider are when choosing a solenoid for your next build.&lt;/p>&#xd;&#xa;&lt;p> &lt;/p>&#xd;&#xa;&lt;p>&lt;i>Grounded vs Insulated&lt;/i>&lt;/p>&#xd;&#xa;&lt;p>Whether you choose grounded or insulated will largely depending on what you’re working on. If you are building your own application, the choice is up to you. With a grounded solenoid, you will have one less ground wire to run, which can make things easier. However, if you are replacing a solenoid in an existing application, most commonly you’ll want to replace grounded with grounded and insulated with insulated. The exception to this rule is if there is a problem with grounding the circuit. Let’s say there was originally a grounded solenoid being used, but because the mounting brackets are not flush to the mounting base or there’s significant corrosion the circuit isn’t grounding. In this instance, moving to insulated so you can add in a new ground wire may be the best option.&lt;/p>&#xd;&#xa;&lt;p>At a glance, it’s relatively easy to tell if a solenoid is insulated or grounded. When it’s grounded, it will not have the grounding contact sticking outside the housing (rather, it is inside), so only three terminals are exposed (two large &amp;amp; one small). If it’s insulated, you will see the grounding contact sticking out from the outside of the housing of the solenoid, so you’ll see four terminals (two large &amp;amp; two small) because you have to wire in the grounding wire.&lt;/p>&#xd;&#xa;&lt;p> &lt;/p>&#xd;&#xa;&lt;p>&lt;i>Continuous vs Intermittent&lt;/i>&lt;/p>&#xd;&#xa;&lt;p>When choosing between continuous or intermittent, it simply depends on how &lt;i>long&lt;/i> your application will run. For example, to start a car there’s just a brief period of time when a surge of power is needed: when the key is initially turning in the ignition to get the motor to turn over. Since there’s only a short period of time that a strong in rush of power is required, intermittent would be best. However, if you have an application that requires significant draw for an extended period of time, choosing continuous is best. This would be for an application like a cooling fan, for example.&lt;/p>&#xd;&#xa;&lt;p>Here’s a rule of thumb when choosing between intermittent and continuous:&lt;/p>&#xd;&#xa;&lt;p> &lt;/p>&#xd;&#xa;&lt;table border=&quot;0&quot; cellpadding=&quot;0&quot; cellspacing=&quot;0&quot; width=&quot;927&quot;>&#xd;&#xa;   &lt;tbody>&lt;tr>&lt;td height=&quot;57&quot; width=&quot;64&quot;> &lt;/td>&#xd;&#xa;&lt;td width=&quot;125&quot;>Intermittent &lt;/td>&#xd;&#xa;&lt;td width=&quot;738&quot;>0-15 seconds of power at in rush amperage rating&lt;/td>&#xd;&#xa;&lt;/tr>&lt;tr>&lt;td height=&quot;115&quot;> &lt;/td>&#xd;&#xa;&lt;td width=&quot;125&quot;>Continuous &lt;/td>&#xd;&#xa;&lt;td width=&quot;738&quot;>0-15 seconds of power at in rush amperage, then 15+ seconds at the steady amperage rating&lt;/td>&#xd;&#xa;&lt;/tr>&lt;/tbody>&lt;/table>&#xd;&#xa;"
                        textIsRich="true"/>
                    <separator
                        jcr:created="{Date}2022-02-25T17:29:42.709+05:30"
                        jcr:createdBy="admin"
                        jcr:lastModified="{Date}2022-02-25T17:29:42.709+05:30"
                        jcr:lastModifiedBy="admin"
                        jcr:primaryType="nt:unstructured"
                        sling:resourceType="ecomm-framework/components/content/separator"/>
                    <text_1375728322
                        jcr:created="{Date}2022-02-25T17:30:05.167+05:30"
                        jcr:createdBy="admin"
                        jcr:lastModified="{Date}2022-02-26T15:53:55.276+05:30"
                        jcr:lastModifiedBy="admin"
                        jcr:primaryType="nt:unstructured"
                        sling:resourceType="delcity/components/content/text"
                        text="&lt;p>The in rush amperage is basically the very maximum amperage to push through a circuit, and is typically just for the initial start up&amp;nbsp;of the circuit. The other standard amperage rating you’ll often see is the steady amperage rating.&lt;/p>&#xd;&#xa;&lt;p>With continuous duties, a solenoid can stay on for long periods of time but can handle lower currents due to the length of time they remain on. Conversely, intermittent duties allow for higher current loads for much shorter periods of time.&lt;/p>&#xd;&#xa;&lt;p>&amp;nbsp;&lt;/p>&#xd;&#xa;&lt;p>So, that’s what a solenoid is, how they work, and how to choose one for your next build. Next time you start a job, consider a&amp;nbsp;&lt;a href=&quot;https://www.delcity.net/store/Solenoid-Switches/p_810283&quot;>&lt;u>solenoid&lt;/u>&lt;/a>&amp;nbsp;for those large power loads when a relay just can’t do the job. And if you have questions,&amp;nbsp;&lt;b>give our Technical Support a call at 1.800.654.4757.&amp;nbsp;&lt;/b>&lt;/p>&#xd;&#xa;"
                        textIsRich="true"/>
                    <image_783724209_copy_422898481
                        jcr:created="{Date}2022-02-25T17:13:35.941+05:30"
                        jcr:createdBy="admin"
                        jcr:lastModified="{Date}2022-02-25T17:13:44.994+05:30"
                        jcr:lastModifiedBy="admin"
                        jcr:primaryType="nt:unstructured"
                        sling:resourceType="ecomm-framework/components/content/image"
                        altValueFromDAM="true"
                        displayPopupTitle="true"
                        fileReference="/content/dam/delcity/images/blogs/image-not-available-image.png"
                        isDecorative="false"
                        titleValueFromDAM="true">
                        <cq:responsive jcr:primaryType="nt:unstructured">
                            <default
                                jcr:primaryType="nt:unstructured"
                                offset="4"
                                width="3"/>
                        </cq:responsive>
                    </image_783724209_copy_422898481>
                    <text_1522800486
                        jcr:created="{Date}2022-02-25T17:31:03.230+05:30"
                        jcr:createdBy="admin"
                        jcr:lastModified="{Date}2022-02-26T15:52:16.150+05:30"
                        jcr:lastModifiedBy="admin"
                        jcr:primaryType="nt:unstructured"
                        sling:resourceType="delcity/components/content/text"
                        text="&lt;h6>&amp;nbsp; &amp;nbsp; &amp;nbsp; &amp;nbsp; &amp;nbsp; &amp;nbsp; &amp;nbsp; &amp;nbsp;Posted in&amp;nbsp;&lt;a href=&quot;https://blog.delcity.net/category/relays-power-distribution/&quot;>&lt;u>Relays &amp;amp; Power Distribution&lt;/u>&lt;/a>,&amp;nbsp;&lt;a href=&quot;https://blog.delcity.net/category/switches/&quot;>&lt;u>Switches&lt;/u>&lt;/a>.&lt;/h6>&#xa;"
                        textIsRich="true"/>
                    <separator_25919021
                        jcr:created="{Date}2022-02-25T17:32:13.992+05:30"
                        jcr:createdBy="admin"
                        jcr:lastModified="{Date}2022-02-25T17:32:13.992+05:30"
                        jcr:lastModifiedBy="admin"
                        jcr:primaryType="nt:unstructured"
                        sling:resourceType="ecomm-framework/components/content/separator"/>
                    <button
                        jcr:created="{Date}2022-02-25T17:32:20.953+05:30"
                        jcr:createdBy="admin"
                        jcr:lastModified="{Date}2022-02-25T17:33:57.981+05:30"
                        jcr:lastModifiedBy="admin"
                        jcr:primaryType="nt:unstructured"
                        jcr:title="4 Tips For Choosing Wire Loom"
                        sling:resourceType="ecomm-framework/components/content/button"
                        link="https://blog.delcity.net/4-tips-for-choosing-wire-loom/">
                        <cq:responsive jcr:primaryType="nt:unstructured">
                            <default
                                jcr:primaryType="nt:unstructured"
                                offset="1"
                                width="3"/>
                        </cq:responsive>
                    </button>
                    <button_357630208
                        jcr:created="{Date}2022-02-25T17:32:28.530+05:30"
                        jcr:createdBy="admin"
                        jcr:lastModified="{Date}2022-02-25T17:34:37.479+05:30"
                        jcr:lastModifiedBy="admin"
                        jcr:primaryType="nt:unstructured"
                        jcr:title="How To Install Battery Cable Repair Splices"
                        sling:resourceType="ecomm-framework/components/content/button"
                        link="https://blog.delcity.net/how-to-install-battery-cable-repair-splices/">
                        <cq:responsive jcr:primaryType="nt:unstructured">
                            <default
                                jcr:primaryType="nt:unstructured"
                                offset="3"
                                width="4"/>
                        </cq:responsive>
                    </button_357630208>
                </responsivegrid>
            </responsivegrid>
        </root>
    </jcr:content>
</jcr:root>
