<?xml version="1.0" encoding="UTF-8"?>
<jcr:root xmlns:sling="http://sling.apache.org/jcr/sling/1.0" xmlns:cq="http://www.day.com/jcr/cq/1.0" xmlns:jcr="http://www.jcp.org/jcr/1.0" xmlns:nt="http://www.jcp.org/jcr/nt/1.0"
    jcr:primaryType="cq:Page">
    <jcr:content
        cq:lastModified="{Date}2022-03-04T06:56:30.335-06:00"
        cq:lastModifiedBy="Anagha.Dwajan@mercmarine.com"
        cq:template="/conf/delcity/settings/wcm/templates/delcity-generic-template"
        jcr:primaryType="cq:PageContent"
        jcr:title="How to Use Cool Seal Butt Connectors"
        sling:resourceType="delcity/components/structure/page">
        <root
            jcr:primaryType="nt:unstructured"
            sling:resourceType="wcm/foundation/components/responsivegrid">
            <footer
                jcr:created="{Date}2021-06-21T14:21:52.357+05:30"
                jcr:createdBy="admin"
                jcr:lastModified="{Date}2022-02-01T17:04:20.028+05:30"
                jcr:lastModifiedBy="admin"
                jcr:primaryType="nt:unstructured"
                sling:resourceType="delcity/components/structure/footer"
                menutitle1="About Us"
                sendIcon="/content/dam/delcity/images/Icon-send@2x.png">
                <aboutus jcr:primaryType="nt:unstructured">
                    <item0
                        jcr:primaryType="nt:unstructured"
                        pagetitle="About Us"/>
                    <item1
                        jcr:primaryType="nt:unstructured"
                        pagetitle="Contact Us"/>
                    <item2
                        jcr:primaryType="nt:unstructured"
                        pagetitle="FAQs"/>
                </aboutus>
            </footer>
            <responsivegrid
                jcr:created="{Date}2021-06-21T14:21:44.042+05:30"
                jcr:createdBy="admin"
                jcr:lastModified="{Date}2022-02-01T17:04:38.578+05:30"
                jcr:lastModifiedBy="admin"
                jcr:primaryType="nt:unstructured"
                sling:resourceType="wcm/foundation/components/responsivegrid">
                <blogteaser
                    jcr:created="{Date}2022-02-23T13:28:19.678+05:30"
                    jcr:createdBy="admin"
                    jcr:lastModified="{Date}2022-03-04T06:56:30.326-06:00"
                    jcr:lastModifiedBy="Anagha.Dwajan@mercmarine.com"
                    jcr:primaryType="nt:unstructured"
                    sling:resourceType="ecomm-framework/components/content/blogteaser"
                    authoringDate="September 02, 2015"
                    authorName="Kelsey Scherf"
                    blogImage="/content/dam/delcity/images/blogs/image-not-available-image.png"
                    selectBrand="DC"
                    teaserDescription="Need a fast and easy solution for wiring up your install? Get the job done in a fraction of the time in two simple steps with cool seal butt connectors. "
                    teaserHeader="How to Use Cool Seal Butt Connectors">
                    <categoryList jcr:primaryType="nt:unstructured">
                        <item0
                            jcr:primaryType="nt:unstructured"
                            delcitycategories="How-To"/>
                        <item1
                            jcr:primaryType="nt:unstructured"
                            delcitycategories="Terminals"/>
                    </categoryList>
                </blogteaser>
                <text
                    jcr:created="{Date}2022-02-23T13:30:43.419+05:30"
                    jcr:createdBy="admin"
                    jcr:lastModified="{Date}2022-02-23T13:31:15.848+05:30"
                    jcr:lastModifiedBy="admin"
                    jcr:primaryType="nt:unstructured"
                    sling:resourceType="delcity/components/content/text"
                    text="&lt;p>Need a fast and easy solution for wiring up your install? Get the job done in a fraction of the time in two simple steps with&amp;nbsp;&lt;a href=&quot;http://www.delcity.net/store/Cool!Seal-Butt-Connector/p_802081.h_801718.t_1&quot;>cool seal butt connectors&lt;/a>.&amp;nbsp;No heat or specialty tools required! The secret is in the&amp;nbsp;anaerobic sealant technology.&lt;/p>&#xd;&#xa;&lt;p>Check out this quick video to learn more.&lt;/p>&#xd;&#xa;"
                    textIsRich="true">
                    <cq:responsive jcr:primaryType="nt:unstructured">
                        <default
                            jcr:primaryType="nt:unstructured"
                            offset="1"
                            width="11"/>
                    </cq:responsive>
                </text>
                <embed
                    jcr:created="{Date}2022-02-23T13:32:04.886+05:30"
                    jcr:createdBy="admin"
                    jcr:lastModified="{Date}2022-02-23T13:32:37.122+05:30"
                    jcr:lastModifiedBy="admin"
                    jcr:primaryType="nt:unstructured"
                    sling:resourceType="ecomm-framework/components/content/embed"
                    html="&lt;iframe width=&quot;425&quot; height=&quot;350&quot; src=&quot;https://www.youtube.com/embed/eLHyEZ_kieA&quot; title=&quot;YouTube video player&quot; frameborder=&quot;0&quot; allow=&quot;accelerometer; autoplay; clipboard-write; encrypted-media; gyroscope; picture-in-picture&quot; allowfullscreen>&lt;/iframe>"
                    type="html">
                    <cq:responsive jcr:primaryType="nt:unstructured">
                        <default
                            jcr:primaryType="nt:unstructured"
                            offset="1"
                            width="11"/>
                    </cq:responsive>
                </embed>
                <text_1169022649
                    jcr:created="{Date}2022-02-23T13:33:24.457+05:30"
                    jcr:createdBy="admin"
                    jcr:lastModified="{Date}2022-02-23T13:33:40.910+05:30"
                    jcr:lastModifiedBy="admin"
                    jcr:primaryType="nt:unstructured"
                    sling:resourceType="delcity/components/content/text"
                    text="&lt;h6 style=&quot;margin-left: 40px;&quot;>Posted in&amp;nbsp;&lt;a href=&quot;https://blog.delcity.net/category/how-to/&quot;>How To&lt;/a>,&amp;nbsp;&lt;a href=&quot;https://blog.delcity.net/category/terminals/&quot;>Terminals&lt;/a>.&lt;/h6>&#xd;&#xa;"
                    textIsRich="true">
                    <cq:responsive jcr:primaryType="nt:unstructured">
                        <default
                            jcr:primaryType="nt:unstructured"
                            offset="0"
                            width="11"/>
                    </cq:responsive>
                </text_1169022649>
                <separator
                    jcr:created="{Date}2022-02-23T13:33:48.719+05:30"
                    jcr:createdBy="admin"
                    jcr:lastModified="{Date}2022-02-23T13:33:48.719+05:30"
                    jcr:lastModifiedBy="admin"
                    jcr:primaryType="nt:unstructured"
                    sling:resourceType="ecomm-framework/components/content/separator"/>
                <button
                    jcr:created="{Date}2022-02-23T13:34:09.679+05:30"
                    jcr:createdBy="admin"
                    jcr:lastModified="{Date}2022-02-23T13:34:36.367+05:30"
                    jcr:lastModifiedBy="admin"
                    jcr:primaryType="nt:unstructured"
                    jcr:title=" Why Choose Shielded Wire for…"
                    sling:resourceType="ecomm-framework/components/content/button"
                    link="https://blog.delcity.net/why-choose-shielded-wire-for-your-next-wiring-job/">
                    <cq:responsive jcr:primaryType="nt:unstructured">
                        <default
                            jcr:primaryType="nt:unstructured"
                            offset="1"
                            width="3"/>
                    </cq:responsive>
                </button>
                <button_1104525392
                    jcr:created="{Date}2022-02-23T13:34:57.652+05:30"
                    jcr:createdBy="admin"
                    jcr:lastModified="{Date}2022-02-23T13:35:31.044+05:30"
                    jcr:lastModifiedBy="admin"
                    jcr:primaryType="nt:unstructured"
                    jcr:title="Choosing a Custom Carling Rocker Switch "
                    sling:resourceType="ecomm-framework/components/content/button"
                    link="https://blog.delcity.net/choosing-a-custom-carling-rocker-switch/">
                    <cq:responsive jcr:primaryType="nt:unstructured">
                        <default
                            jcr:primaryType="nt:unstructured"
                            offset="4"
                            width="4"/>
                    </cq:responsive>
                </button_1104525392>
            </responsivegrid>
        </root>
    </jcr:content>
</jcr:root>
