<?xml version="1.0" encoding="UTF-8"?>
<jcr:root xmlns:sling="http://sling.apache.org/jcr/sling/1.0" xmlns:cq="http://www.day.com/jcr/cq/1.0" xmlns:jcr="http://www.jcp.org/jcr/1.0" xmlns:nt="http://www.jcp.org/jcr/nt/1.0"
    jcr:primaryType="nt:unstructured"
    jcr:title="Personal Information"
    sling:resourceType="cq/gui/components/authoring/dialog">
    <content
        jcr:primaryType="nt:unstructured"
        sling:resourceType="granite/ui/components/coral/foundation/fixedcolumns"
        margin="{Boolean}false">
        <items jcr:primaryType="nt:unstructured">
            <tabs
                jcr:primaryType="nt:unstructured"
                sling:resourceType="granite/ui/components/coral/foundation/tabs"
                maximized="{Boolean}true">
                <items jcr:primaryType="nt:unstructured">
                    <column
                        jcr:primaryType="nt:unstructured"
                        jcr:title="Details"
                        sling:resourceType="granite/ui/components/coral/foundation/container">
                        <items jcr:primaryType="nt:unstructured">
                            <personalTitle
                                jcr:primaryType="nt:unstructured"
                                sling:resourceType="granite/ui/components/coral/foundation/form/textfield"
                                fieldDescription="Please provide the title for personal Info"
                                fieldLabel="Personal Info Title"
                                maxlength="40"
                                name="./personalTitle"/>
                            <contactLabel
                                jcr:primaryType="nt:unstructured"
                                sling:resourceType="granite/ui/components/coral/foundation/form/textfield"
                                fieldDescription="Please provide label for contact info name"
                                fieldLabel="Contact Info Label"
                                maxlength="20"
                                name="./contactLabel"
                                required="{Boolean}false"/>
                            <changeEmail
                                jcr:primaryType="nt:unstructured"
                                sling:resourceType="granite/ui/components/coral/foundation/form/textfield"
                                fieldDescription="Please provide label for Change Email"
                                fieldLabel="Change Email Label"
                                maxlength="20"
                                name="./changeEmail"
                                required="{Boolean}false"/>
                            <changePass
                                jcr:primaryType="nt:unstructured"
                                sling:resourceType="granite/ui/components/coral/foundation/form/textfield"
                                fieldDescription="Please provide label for change password"
                                fieldLabel="Change Password Label"
                                maxlength="20"
                                name="./changePass"
                                required="{Boolean}false"/>
                            <successIcon
                                jcr:primaryType="nt:unstructured"
                                sling:resourceType="granite/ui/components/coral/foundation/form/pathfield"
                                emptyText="Success Icon"
                                fieldLabel="Success Icon"
                                name="./successIcon"/>
                            <errorIcon
                                jcr:primaryType="nt:unstructured"
                                sling:resourceType="granite/ui/components/coral/foundation/form/pathfield"
                                emptyText="Error Icon"
                                fieldLabel="Error Icon"
                                name="./errorIcon"/>
                            <changepwdlink
                                jcr:primaryType="nt:unstructured"
                                sling:resourceType="granite/ui/components/coral/foundation/form/pathfield"
                                emptyText="Change Password Link"
                                fieldLabel="Change Password Link"
                                name="./chngpwdlnk"/>
                        </items>
                    </column>
                </items>
            </tabs>
        </items>
    </content>
</jcr:root>
