<?xml version="1.0" encoding="UTF-8"?>
<jcr:root xmlns:sling="http://sling.apache.org/jcr/sling/1.0" xmlns:cq="http://www.day.com/jcr/cq/1.0" xmlns:jcr="http://www.jcp.org/jcr/1.0" xmlns:nt="http://www.jcp.org/jcr/nt/1.0"
    jcr:primaryType="nt:unstructured"
    jcr:title="Add To Wishlist"
    sling:resourceType="cq/gui/components/authoring/dialog">
    <content
        jcr:primaryType="nt:unstructured"
        sling:resourceType="granite/ui/components/coral/foundation/container">
        <items jcr:primaryType="nt:unstructured">
            <tabs
                jcr:primaryType="nt:unstructured"
                sling:resourceType="granite/ui/components/coral/foundation/tabs"
                maximized="{Boolean}true">
                <items jcr:primaryType="nt:unstructured">
                    <productlisting
                        jcr:primaryType="nt:unstructured"
                        jcr:title="Add To Wishlist"
                        sling:resourceType="granite/ui/components/coral/foundation/container">
                        <items jcr:primaryType="nt:unstructured">
                            <well
                                jcr:primaryType="nt:unstructured"
                                sling:resourceType="granite/ui/components/coral/foundation/well"
                                fieldLabel="plp">
                                <items jcr:primaryType="nt:unstructured">
                                    <addtowishlisttitle
                                        jcr:primaryType="nt:unstructured"
                                        sling:resourceType="granite/ui/components/foundation/form/textfield"
                                        fieldDescription="Enter Add To Wish List Title"
                                        fieldLabel="Add To Wish List Title"
                                        name="./addtowishlisttitle"/>
                                    <copytonew
                                        jcr:primaryType="nt:unstructured"
                                        sling:resourceType="granite/ui/components/foundation/form/textfield"
                                        fieldDescription="Enter Copy To New Wishlist Checkbox Label"
                                        fieldLabel="Copy To New Wishlist Checkbox Label"
                                        name="./copytonew"/>
                                    <shared
                                        jcr:primaryType="nt:unstructured"
                                        sling:resourceType="granite/ui/components/foundation/form/textfield"
                                        fieldDescription="Enter Shared Check Box Label"
                                        fieldLabel="Shared Check Box Label"
                                        name="./shared"/>
                                    <private
                                        jcr:primaryType="nt:unstructured"
                                        sling:resourceType="granite/ui/components/foundation/form/textfield"
                                        fieldDescription="Enter Private Check Box Label"
                                        fieldLabel="Private Check Box Label"
                                        name="./private"/>
                                    <copytoexisting
                                        jcr:primaryType="nt:unstructured"
                                        sling:resourceType="granite/ui/components/foundation/form/textfield"
                                        fieldDescription="Enter Copy To Existing Wishlist Checkbox Label"
                                        fieldLabel="Copy To Existing Wishlist Checkbox Label"
                                        name="./copytoexisting"/>
                                    <Copy_x0020_of_x0020_addtowishlistbtn
                                        jcr:primaryType="nt:unstructured"
                                        sling:resourceType="granite/ui/components/foundation/form/textfield"
                                        fieldDescription="Enter Add To Wishlist Button Text"
                                        fieldLabel="Add To Wishlist Button Text"
                                        name="./addtowishlistbtn"/>
                                </items>
                            </well>
                        </items>
                    </productlisting>
                </items>
            </tabs>
        </items>
    </content>
</jcr:root>
