<?xml version="1.0" encoding="UTF-8"?>
<jcr:root xmlns:sling="http://sling.apache.org/jcr/sling/1.0" xmlns:cq="http://www.day.com/jcr/cq/1.0" xmlns:jcr="http://www.jcp.org/jcr/1.0" xmlns:nt="http://www.jcp.org/jcr/nt/1.0" xmlns:rep="internal"
    jcr:mixinTypes="[rep:AccessControllable]"
    jcr:primaryType="cq:Page">
    <rep:policy/>
    <wcm jcr:primaryType="nt:unstructured">
        <foundation jcr:primaryType="nt:unstructured">
            <components jcr:primaryType="nt:unstructured">
                <responsivegrid jcr:primaryType="nt:unstructured">
                    <policy_107695938473800
                        jcr:lastModified="{Date}2020-12-10T19:10:32.137+05:30"
                        jcr:lastModifiedBy="admin"
                        jcr:primaryType="nt:unstructured"
                        jcr:title="product-page-content"
                        sling:resourceType="wcm/core/components/policy/policy"
                        components="[/apps/delcity/components/commerce/productdetails,/apps/delcity/components/commerce/productrecommendation]">
                        <jcr:content
                            cq:lastReplicated="{Date}2020-12-04T12:42:24.433+05:30"
                            cq:lastReplicatedBy="admin"
                            cq:lastReplicationAction="Activate"
                            jcr:mixinTypes="[cq:ReplicationStatus]"
                            jcr:primaryType="nt:unstructured"/>
                    </policy_107695938473800>
                    <policy_352571968917500
                        jcr:lastModified="{Date}2020-12-10T19:10:11.078+05:30"
                        jcr:lastModifiedBy="admin"
                        jcr:primaryType="nt:unstructured"
                        jcr:title="product-listing-content"
                        sling:resourceType="wcm/core/components/policy/policy"
                        components="/apps/delcity/components/commerce/productlisting">
                        <jcr:content
                            cq:lastReplicated="{Date}2020-12-04T12:42:18.195+05:30"
                            cq:lastReplicatedBy="admin"
                            cq:lastReplicationAction="Activate"
                            jcr:mixinTypes="[cq:ReplicationStatus]"
                            jcr:primaryType="nt:unstructured"/>
                    </policy_352571968917500>
                    <policy_352711255444900
                        jcr:lastModified="{Date}2020-12-10T19:09:36.602+05:30"
                        jcr:lastModifiedBy="admin"
                        jcr:primaryType="nt:unstructured"
                        jcr:title="landing-page-content"
                        sling:resourceType="wcm/core/components/policy/policy"
                        components="[/apps/delcity/components/content/blogs,/apps/delcity/components/content/herobanner,/apps/delcity/components/content/iconstextbar,/apps/delcity/components/commerce/productrecommendation,/apps/delcity/components/content/promobanner]">
                        <jcr:content
                            cq:lastReplicated="{Date}2020-12-08T21:23:14.928+05:30"
                            cq:lastReplicatedBy="admin"
                            cq:lastReplicationAction="Activate"
                            jcr:mixinTypes="[cq:ReplicationStatus]"
                            jcr:primaryType="nt:unstructured"/>
                    </policy_352711255444900>
                    <policy_25198419713600
                        jcr:lastModified="{Date}2020-12-08T17:16:36.210+05:30"
                        jcr:lastModifiedBy="admin"
                        jcr:primaryType="nt:unstructured"
                        jcr:title="page-root-policy"
                        sling:resourceType="wcm/core/components/policy/policy"
                        components="group:Delcity - Form">
                        <jcr:content jcr:primaryType="nt:unstructured"/>
                    </policy_25198419713600>
                    <policy_30548050600000
                        jcr:lastModified="{Date}2020-12-08T18:31:24.109+05:30"
                        jcr:lastModifiedBy="admin"
                        jcr:primaryType="nt:unstructured"
                        jcr:title="page-root"
                        sling:resourceType="wcm/core/components/policy/policy"
                        components="group:Delcity - Form">
                        <jcr:content jcr:primaryType="nt:unstructured"/>
                    </policy_30548050600000>
                    <policy_30631661028700
                        jcr:lastModified="{Date}2020-12-08T18:32:49.293+05:30"
                        jcr:lastModifiedBy="admin"
                        jcr:primaryType="nt:unstructured"
                        jcr:title="page-content"
                        sling:resourceType="wcm/core/components/policy/policy"
                        components="group:Delcity - Form">
                        <jcr:content jcr:primaryType="nt:unstructured"/>
                    </policy_30631661028700>
                    <policy_39510283391500
                        jcr:lastModified="{Date}2020-12-11T14:27:38.526+05:30"
                        jcr:lastModifiedBy="admin"
                        jcr:primaryType="nt:unstructured"
                        jcr:title="page-content"
                        sling:resourceType="wcm/core/components/policy/policy"
                        components="group:Delcity - Form">
                        <jcr:content
                            cq:lastReplicated="{Date}2020-12-08T21:22:25.063+05:30"
                            cq:lastReplicatedBy="admin"
                            cq:lastReplicationAction="Activate"
                            jcr:mixinTypes="[cq:ReplicationStatus]"
                            jcr:primaryType="nt:unstructured"/>
                    </policy_39510283391500>
                    <policy_72182484275500
                        jcr:lastModified="{Date}2020-12-11T14:35:14.213+05:30"
                        jcr:lastModifiedBy="admin"
                        jcr:primaryType="nt:unstructured"
                        jcr:title="homepage-landing-root"
                        sling:resourceType="wcm/core/components/policy/policy"
                        components="[/apps/delcity/components/structure/footer,/apps/delcity/components/structure/header]">
                        <jcr:content jcr:primaryType="nt:unstructured"/>
                    </policy_72182484275500>
                    <policy_72303133284000
                        jcr:lastModified="{Date}2020-12-11T14:37:04.036+05:30"
                        jcr:lastModifiedBy="admin"
                        jcr:primaryType="nt:unstructured"
                        jcr:title="homepage-landing-content"
                        sling:resourceType="wcm/core/components/policy/policy"
                        components="[/apps/delcity/components/content/blogs,/apps/delcity/components/content/herobanner,/apps/delcity/components/content/iconstextbar,/apps/delcity/components/commerce/productrecommendation,/apps/delcity/components/content/promobanner]">
                        <jcr:content jcr:primaryType="nt:unstructured"/>
                    </policy_72303133284000>
                    <policy_72483450990700
                        jcr:lastModified="{Date}2020-12-11T14:39:41.170+05:30"
                        jcr:lastModifiedBy="admin"
                        jcr:primaryType="nt:unstructured"
                        jcr:title="homepage-landing-root"
                        sling:resourceType="wcm/core/components/policy/policy"
                        components="[/apps/delcity/components/structure/footer,/apps/delcity/components/structure/header]">
                        <jcr:content jcr:primaryType="nt:unstructured"/>
                    </policy_72483450990700>
                    <policy_72738227266100
                        jcr:lastModified="{Date}2020-12-11T14:45:04.231+05:30"
                        jcr:lastModifiedBy="admin"
                        jcr:primaryType="nt:unstructured"
                        jcr:title="homepage-landing-root"
                        sling:resourceType="wcm/core/components/policy/policy"
                        components="[/apps/delcity/components/structure/footer,/apps/delcity/components/structure/header]">
                        <jcr:content
                            cq:lastReplicated="{Date}2020-12-11T15:00:19.175+05:30"
                            cq:lastReplicatedBy="admin"
                            cq:lastReplicationAction="Activate"
                            jcr:mixinTypes="[cq:ReplicationStatus]"
                            jcr:primaryType="nt:unstructured"/>
                    </policy_72738227266100>
                    <policy_72827584083800
                        jcr:lastModified="{Date}2021-07-16T02:24:47.543-05:00"
                        jcr:lastModifiedBy="Jane.Martin@mercmarine.com"
                        jcr:primaryType="nt:unstructured"
                        jcr:title="homepage-landing-content"
                        sling:resourceType="wcm/core/components/policy/policy"
                        components="[/apps/delcity/components/content/blogs,/apps/delcity/components/content/breadcrumb,/apps/delcity/components/content/faq,/apps/delcity/components/content/iconstextbar,/apps/delcity/components/content/text,/apps/delcity/components/form/contactus,/apps/ecomm-framework/components/commerce/productrecommendation,/apps/ecomm-framework/components/content/banner,/apps/ecomm-framework/components/content/blogcategories,/apps/ecomm-framework/components/content/blogteaser,/apps/ecomm-framework/components/content/container,/apps/ecomm-framework/components/content/embed,/apps/ecomm-framework/components/content/image,/apps/ecomm-framework/components/content/text]">
                        <jcr:content
                            cq:lastReplicated="{Date}2021-07-13T06:38:19.661-05:00"
                            cq:lastReplicatedBy="Praveen.Vatchavayi@mercmarine.com"
                            cq:lastReplicationAction="Activate"
                            jcr:mixinTypes="[cq:ReplicationStatus]"
                            jcr:primaryType="nt:unstructured"/>
                    </policy_72827584083800>
                    <policy_73820640356400
                        jcr:lastModified="{Date}2020-12-11T15:02:01.904+05:30"
                        jcr:lastModifiedBy="admin"
                        jcr:primaryType="nt:unstructured"
                        jcr:title="productpage-root"
                        sling:resourceType="wcm/core/components/policy/policy"
                        components="[/apps/delcity/components/structure/footer,/apps/delcity/components/structure/header]">
                        <jcr:content
                            cq:lastReplicated="{Date}2020-12-11T15:04:49.640+05:30"
                            cq:lastReplicatedBy="admin"
                            cq:lastReplicationAction="Activate"
                            jcr:mixinTypes="[cq:ReplicationStatus]"
                            jcr:primaryType="nt:unstructured"/>
                    </policy_73820640356400>
                    <policy_73850418037300
                        jcr:lastModified="{Date}2020-12-11T15:02:52.281+05:30"
                        jcr:lastModifiedBy="admin"
                        jcr:primaryType="nt:unstructured"
                        jcr:title="productpage-content"
                        sling:resourceType="wcm/core/components/policy/policy"
                        components="[/apps/delcity/components/commerce/productdetails,/apps/delcity/components/commerce/productrecommendation]">
                        <jcr:content
                            cq:lastReplicated="{Date}2020-12-11T15:04:49.640+05:30"
                            cq:lastReplicatedBy="admin"
                            cq:lastReplicationAction="Activate"
                            jcr:mixinTypes="[cq:ReplicationStatus]"
                            jcr:primaryType="nt:unstructured"/>
                    </policy_73850418037300>
                    <policy_74093254704300
                        jcr:lastModified="{Date}2020-12-11T15:06:55.971+05:30"
                        jcr:lastModifiedBy="admin"
                        jcr:primaryType="nt:unstructured"
                        jcr:title="productlisting-root"
                        sling:resourceType="wcm/core/components/policy/policy"
                        components="[/apps/delcity/components/structure/footer,/apps/delcity/components/structure/header]">
                        <jcr:content
                            cq:lastReplicated="{Date}2020-12-11T15:10:03.842+05:30"
                            cq:lastReplicatedBy="admin"
                            cq:lastReplicationAction="Activate"
                            jcr:mixinTypes="[cq:ReplicationStatus]"
                            jcr:primaryType="nt:unstructured"/>
                    </policy_74093254704300>
                    <policy_74215941631700
                        jcr:lastModified="{Date}2020-12-11T15:08:43.937+05:30"
                        jcr:lastModifiedBy="admin"
                        jcr:primaryType="nt:unstructured"
                        jcr:title="productlisting-content"
                        sling:resourceType="wcm/core/components/policy/policy"
                        components="/apps/delcity/components/commerce/productlisting">
                        <jcr:content
                            cq:lastReplicated="{Date}2020-12-11T15:10:03.842+05:30"
                            cq:lastReplicatedBy="admin"
                            cq:lastReplicationAction="Activate"
                            jcr:mixinTypes="[cq:ReplicationStatus]"
                            jcr:primaryType="nt:unstructured"/>
                    </policy_74215941631700>
                    <policy_2323747059195572
                        jcr:lastModified="{Date}2021-05-25T04:35:28.092-05:00"
                        jcr:lastModifiedBy="Praveen.Vatchavayi@mercmarine.com"
                        jcr:primaryType="nt:unstructured"
                        jcr:title="My Account"
                        sling:resourceType="wcm/core/components/policy/policy"
                        components="[/apps/delcity/components/content/myorders,/apps/delcity/components/content/myquotes,/apps/delcity/components/content/myspecialorders,/apps/delcity/components/content/mywishlists]">
                        <jcr:content
                            cq:lastReplicated="{Date}2021-05-25T04:53:12.338-05:00"
                            cq:lastReplicatedBy="radhika.yerra.local"
                            cq:lastReplicationAction="Activate"
                            jcr:mixinTypes="[cq:ReplicationStatus]"
                            jcr:primaryType="nt:unstructured"/>
                    </policy_2323747059195572>
                    <policy_2573590177689581
                        jcr:lastModified="{Date}2021-05-31T03:49:34.695-05:00"
                        jcr:lastModifiedBy="radhika.yerra.local"
                        jcr:primaryType="nt:unstructured"
                        jcr:title="FAQ"
                        sling:resourceType="wcm/core/components/policy/policy"
                        components="[/apps/ecomm-framework/components/content/faq]">
                        <jcr:content jcr:primaryType="nt:unstructured"/>
                    </policy_2573590177689581>
                    <policy_2573590166896919
                        jcr:lastModified="{Date}2021-05-28T02:04:46.920-05:00"
                        jcr:lastModifiedBy="radhika.yerra.local"
                        jcr:primaryType="nt:unstructured"
                        jcr:title="em"
                        sling:resourceType="wcm/core/components/policy/policy"
                        components="/apps/ecomm-framework/components/content/embed">
                        <jcr:content jcr:primaryType="nt:unstructured"/>
                    </policy_2573590166896919>
                    <policy_82117651535315
                        jcr:lastModified="{Date}2021-05-31T03:45:39.764-05:00"
                        jcr:lastModifiedBy="radhika.yerra.local"
                        jcr:primaryType="nt:unstructured"
                        jcr:title="contact us"
                        sling:resourceType="wcm/core/components/policy/policy"
                        components="/apps/delcity/components/form/contactus">
                        <jcr:content jcr:primaryType="nt:unstructured"/>
                    </policy_82117651535315>
                    <policy_1553281445764259
                        jcr:lastModified="{Date}2021-08-05T02:39:01.050-05:00"
                        jcr:lastModifiedBy="Abin.Saju@mercmarine.com"
                        jcr:primaryType="nt:unstructured"
                        jcr:title="Structure"
                        sling:resourceType="wcm/core/components/policy/policy"
                        components="[/apps/delcity/components/content/iconstextbanner,/apps/ecomm-framework/components/content/banner]">
                        <jcr:content
                            cq:lastReplicated="{Date}2021-06-20T23:58:19.625-05:00"
                            cq:lastReplicatedBy="Abin.Saju@mercmarine.com"
                            cq:lastReplicationAction="Activate"
                            jcr:mixinTypes="[cq:ReplicationStatus]"
                            jcr:primaryType="nt:unstructured"/>
                    </policy_1553281445764259>
                    <policy_1553542828485644
                        jcr:description="tezt"
                        jcr:lastModified="{Date}2021-06-17T06:50:31.276-05:00"
                        jcr:lastModifiedBy="Abin.Saju@mercmarine.com"
                        jcr:primaryType="nt:unstructured"
                        jcr:title="test1"
                        sling:resourceType="wcm/core/components/policy/policy"
                        components="[/libs/wcm/foundation/components/responsivegrid,/apps/delcity/components/structure/footer,/apps/delcity/components/structure/header]">
                        <jcr:content jcr:primaryType="nt:unstructured"/>
                    </policy_1553542828485644>
                    <policy_1886922439215579
                        jcr:lastModified="{Date}2021-06-21T01:04:55.583-05:00"
                        jcr:lastModifiedBy="Abin.Saju@mercmarine.com"
                        jcr:primaryType="nt:unstructured"
                        jcr:title="new"
                        sling:resourceType="wcm/core/components/policy/policy"
                        components="[/apps/delcity/components/content/iconstextbar,/apps/ecomm-framework/components/content/banner]">
                        <jcr:content jcr:primaryType="nt:unstructured"/>
                    </policy_1886922439215579>
                    <policy_4342968691324451
                        jcr:lastModified="{Date}2022-11-18T07:44:25.110-06:00"
                        jcr:lastModifiedBy="Sumedha.Kansal@mercmarine.com"
                        jcr:primaryType="nt:unstructured"
                        jcr:title="Delcity Generic Template Policy"
                        sling:resourceType="wcm/core/components/policy/policy"
                        components="[/libs/wcm/foundation/components/responsivegrid,group:Del City - Marketing,group:Delcity - Content,/apps/delcity/components/content/orderdetails,/apps/delcity/components/content/orderhistory,group:Delcity - Form,group:Delcity - Structure,/apps/delcity/components/commerce/productcomparison,/apps/ecomm-framework/components/commerce/productrecommendation,group:Ecommerce Framework - Content,group:Ecommerce Framework - Form,group:Ecommerce Framework - Structure]">
                        <jcr:content
                            cq:lastReplicated="{Date}2022-12-02T00:11:44.548-06:00"
                            cq:lastReplicatedBy="Sumedha.Kansal@mercmarine.com"
                            cq:lastReplicationAction="Activate"
                            jcr:mixinTypes="[cq:ReplicationStatus]"
                            jcr:primaryType="nt:unstructured"/>
                    </policy_4342968691324451>
                    <policy_5776916897406654
                        jcr:lastModified="{Date}2021-08-05T02:52:29.860-05:00"
                        jcr:lastModifiedBy="Abin.Saju@mercmarine.com"
                        jcr:primaryType="nt:unstructured"
                        jcr:title="test"
                        sling:resourceType="wcm/core/components/policy/policy"
                        components="[/libs/foundation/components/image,/libs/wcm/foundation/components/responsivegrid,/apps/delcity/components/structure/footer,/apps/delcity/components/structure/header]">
                        <jcr:content
                            cq:lastReplicated="{Date}2021-08-05T02:00:00.113-05:00"
                            cq:lastReplicatedBy="Abin.Saju@mercmarine.com"
                            cq:lastReplicationAction="Activate"
                            jcr:mixinTypes="[cq:ReplicationStatus]"
                            jcr:primaryType="nt:unstructured"/>
                    </policy_5776916897406654>
                    <policy_5777723082548854
                        jcr:lastModified="{Date}2021-08-05T01:50:52.940-05:00"
                        jcr:lastModifiedBy="Abin.Saju@mercmarine.com"
                        jcr:primaryType="nt:unstructured"
                        jcr:title="test"
                        sling:resourceType="wcm/core/components/policy/policy"
                        components="/apps/delcity/components/content/iconstextbanner">
                        <jcr:content
                            cq:lastReplicated="{Date}2021-08-05T02:00:00.113-05:00"
                            cq:lastReplicatedBy="Abin.Saju@mercmarine.com"
                            cq:lastReplicationAction="Activate"
                            jcr:mixinTypes="[cq:ReplicationStatus]"
                            jcr:primaryType="nt:unstructured"/>
                    </policy_5777723082548854>
                    <policy_5777698964730759
                        jcr:lastModified="{Date}2021-08-05T02:18:09.838-05:00"
                        jcr:lastModifiedBy="Abin.Saju@mercmarine.com"
                        jcr:primaryType="nt:unstructured"
                        jcr:title="test"
                        sling:resourceType="wcm/core/components/policy/policy"
                        components="[/apps/delcity/components/structure/footer]">
                        <jcr:content
                            cq:lastReplicated="{Date}2021-08-05T02:00:00.113-05:00"
                            cq:lastReplicatedBy="Abin.Saju@mercmarine.com"
                            cq:lastReplicationAction="Activate"
                            jcr:mixinTypes="[cq:ReplicationStatus]"
                            jcr:primaryType="nt:unstructured"/>
                    </policy_5777698964730759>
                    <policy_5782069660451492
                        jcr:lastModified="{Date}2021-08-05T03:03:43.508-05:00"
                        jcr:lastModifiedBy="Abin.Saju@mercmarine.com"
                        jcr:primaryType="nt:unstructured"
                        jcr:title="test"
                        sling:resourceType="wcm/core/components/policy/policy"
                        components="[/libs/wcm/foundation/components/responsivegrid,/apps/delcity/components/structure/footer,/apps/delcity/components/structure/header]">
                        <jcr:content
                            cq:lastReplicated="{Date}2021-08-05T03:16:53.642-05:00"
                            cq:lastReplicatedBy="Abin.Saju@mercmarine.com"
                            cq:lastReplicationAction="Activate"
                            jcr:mixinTypes="[cq:ReplicationStatus]"
                            jcr:primaryType="nt:unstructured"/>
                    </policy_5782069660451492>
                    <policy_5782267790555800
                        jcr:lastModified="{Date}2021-08-05T03:06:38.083-05:00"
                        jcr:lastModifiedBy="Abin.Saju@mercmarine.com"
                        jcr:primaryType="nt:unstructured"
                        jcr:title="test"
                        sling:resourceType="wcm/core/components/policy/policy"
                        components="[/libs/foundation/components/image,/libs/foundation/components/search]">
                        <jcr:content
                            cq:lastReplicated="{Date}2021-08-05T03:16:53.642-05:00"
                            cq:lastReplicatedBy="Abin.Saju@mercmarine.com"
                            cq:lastReplicationAction="Activate"
                            jcr:mixinTypes="[cq:ReplicationStatus]"
                            jcr:primaryType="nt:unstructured"/>
                    </policy_5782267790555800>
                    <policy_5783288302936756
                        jcr:lastModified="{Date}2021-08-05T03:25:03.782-05:00"
                        jcr:lastModifiedBy="Abin.Saju@mercmarine.com"
                        jcr:primaryType="nt:unstructured"
                        jcr:title="tmtst"
                        sling:resourceType="wcm/core/components/policy/policy"
                        components="[/libs/wcm/foundation/components/responsivegrid,/apps/delcity/components/structure/footer,/apps/delcity/components/structure/header]">
                        <jcr:content
                            cq:lastReplicated="{Date}2021-08-05T04:03:34.387-05:00"
                            cq:lastReplicatedBy="Abin.Saju@mercmarine.com"
                            cq:lastReplicationAction="Activate"
                            jcr:mixinTypes="[cq:ReplicationStatus]"
                            jcr:primaryType="nt:unstructured"/>
                    </policy_5783288302936756>
                    <policy_5783585595235698
                        jcr:lastModified="{Date}2021-08-05T03:28:01.243-05:00"
                        jcr:lastModifiedBy="Abin.Saju@mercmarine.com"
                        jcr:primaryType="nt:unstructured"
                        jcr:title="test"
                        sling:resourceType="wcm/core/components/policy/policy"
                        components="[/libs/foundation/components/image,/libs/foundation/components/title]">
                        <jcr:content
                            cq:lastReplicated="{Date}2021-08-05T04:03:34.387-05:00"
                            cq:lastReplicatedBy="Abin.Saju@mercmarine.com"
                            cq:lastReplicationAction="Activate"
                            jcr:mixinTypes="[cq:ReplicationStatus]"
                            jcr:primaryType="nt:unstructured"/>
                    </policy_5783585595235698>
                    <policy_266130254933100
                        jcr:lastModified="{Date}2021-10-10T14:30:38.719-05:00"
                        jcr:lastModifiedBy="Amit.Vikram@mercmarine.com"
                        jcr:primaryType="nt:unstructured"
                        jcr:title="Root Layout"
                        sling:resourceType="wcm/core/components/policy/policy"
                        components="[/apps/ecomm-framework/components/content/breadcrumb,/apps/ecomm-framework/components/content/experiencefragment]">
                        <jcr:content
                            cq:lastReplicated="{Date}2021-10-10T14:33:07.529-05:00"
                            cq:lastReplicatedBy="Amit.Vikram@mercmarine.com"
                            cq:lastReplicationAction="Activate"
                            jcr:mixinTypes="[cq:ReplicationStatus]"
                            jcr:primaryType="nt:unstructured"/>
                    </policy_266130254933100>
                    <policy_444841027865359
                        jcr:lastModified="{Date}2021-09-24T08:01:45.212-05:00"
                        jcr:lastModifiedBy="Praveen.Vatchavayi@mercmarine.com"
                        jcr:primaryType="nt:unstructured"
                        jcr:title="Login"
                        sling:resourceType="wcm/core/components/policy/policy"
                        components="/apps/delcity/components/content/login">
                        <jcr:content
                            cq:lastReplicated="{Date}2021-09-24T08:07:22.066-05:00"
                            cq:lastReplicatedBy="Praveen.Vatchavayi@mercmarine.com"
                            cq:lastReplicationAction="Activate"
                            jcr:mixinTypes="[cq:ReplicationStatus]"
                            jcr:primaryType="nt:unstructured"/>
                    </policy_444841027865359>
                    <policy_3019346848471460
                        jcr:lastModified="{Date}2022-01-20T10:30:15.247-06:00"
                        jcr:lastModifiedBy="Praveen.Vatchavayi@mercmarine.com"
                        jcr:primaryType="nt:unstructured"
                        jcr:title="Training Template Policy"
                        sling:resourceType="wcm/core/components/policy/policy"
                        components="[/libs/wcm/foundation/components/responsivegrid,group:Delcity - Content,group:Delcity - Content ,group:Delcity - Structure,group:Delcity – Content,group:Delcity – Content ,group:Ecomm - Commerce,group:Ecomm - Content,group:Ecommerce Framework - Content,group:Ecommerce Framework - Form,group:Ecommerce Framework - Structure]">
                        <jcr:content jcr:primaryType="nt:unstructured"/>
                    </policy_3019346848471460>
                    <policy_5854911447633985
                        jcr:lastModified="{Date}2022-02-22T06:10:17.884-06:00"
                        jcr:lastModifiedBy="Abin.Saju@mercmarine.com"
                        jcr:primaryType="nt:unstructured"
                        jcr:title="policy test"
                        sling:resourceType="wcm/core/components/policy/policy"
                        components="[group:General,group:Delcity - Content,group:Delcity - Content ,group:Delcity - Form,group:Delcity - Structure,group:Delcity – Content,group:Delcity – Content ]">
                        <jcr:content jcr:primaryType="nt:unstructured"/>
                    </policy_5854911447633985>
                </responsivegrid>
            </components>
        </foundation>
    </wcm>
    <delcity jcr:primaryType="nt:unstructured">
        <components jcr:primaryType="nt:unstructured">
            <form jcr:primaryType="nt:unstructured">
                <container jcr:primaryType="nt:unstructured">
                    <form-container
                        jcr:description="Allows the form components to be dropped into this form container."
                        jcr:primaryType="nt:unstructured"
                        jcr:title="Content Form"
                        sling:resourceType="wcm/core/components/policy/policy"
                        components="[/apps/delcity/components/form/button,/apps/delcity/components/form/hidden,/apps/delcity/components/form/options,/apps/delcity/components/form/text]">
                        <jcr:content jcr:primaryType="nt:unstructured"/>
                    </form-container>
                </container>
            </form>
            <languagenavigation jcr:primaryType="nt:unstructured">
                <policy_xfm
                    jcr:primaryType="nt:unstructured"
                    jcr:title="Delcity Language Navigation - Experience Fragment"
                    sling:resourceType="wcm/core/components/policy/policy"
                    navigationRoot="/content/delcity"
                    structureDepth="1">
                    <jcr:content jcr:primaryType="nt:unstructured"/>
                </policy_xfm>
            </languagenavigation>
            <image jcr:primaryType="nt:unstructured">
                <policy_651483963895698
                    jcr:description="- Enable lazy loading for faster page loading.&#xd;&#xa;- Define allowed image widths for automatic loading of the image in the most optimal resolution, given the size at which each image is displayed on the page, and the visitor's pixel density.&#xd;&#xa;- Disallow direct asset upload, to force authors to first upload the images to Assets."
                    jcr:primaryType="nt:unstructured"
                    jcr:title="Content Image"
                    sling:resourceType="wcm/core/components/policy/policy"
                    allowedRenditionWidths="[320,480,600,800,1024,1200,1600]"
                    allowUpload="false"
                    altValueFromDAM="true"
                    disableLazyLoading="false"
                    displayPopupTitle="true"
                    isDecorative="false"
                    jpegQuality="{Long}85"
                    titleValueFromDAM="true"
                    uuidDisabled="true">
                    <jcr:content
                        cq:lastReplicated="{Date}2021-07-20T02:01:39.275-05:00"
                        cq:lastReplicatedBy="Praveen.Vatchavayi@mercmarine.com"
                        cq:lastReplicationAction="Activate"
                        jcr:mixinTypes="[cq:ReplicationStatus]"
                        jcr:primaryType="nt:unstructured"/>
                    <plugins jcr:primaryType="nt:unstructured">
                        <crop
                            jcr:primaryType="nt:unstructured"
                            features="*">
                            <aspectRatios jcr:primaryType="nt:unstructured">
                                <item0
                                    jcr:primaryType="nt:unstructured"
                                    name="Wide Landscape"
                                    ratio="0.6180"/>
                                <item1
                                    jcr:primaryType="nt:unstructured"
                                    name="Landscape"
                                    ratio="0.8284"/>
                                <item2
                                    jcr:primaryType="nt:unstructured"
                                    name="Square"
                                    ratio="1"/>
                                <item3
                                    jcr:primaryType="nt:unstructured"
                                    name="Portrait"
                                    ratio="1.6180"/>
                            </aspectRatios>
                        </crop>
                        <rotate
                            jcr:primaryType="nt:unstructured"
                            features="right"/>
                        <flip
                            jcr:primaryType="nt:unstructured"
                            features="-"/>
                    </plugins>
                </policy_651483963895698>
            </image>
            <text jcr:primaryType="nt:unstructured">
                <policy_641562756958017
                    jcr:primaryType="nt:unstructured"
                    jcr:title="Content Text"
                    sling:resourceType="wcm/core/components/policy/policy">
                    <jcr:content
                        cq:lastReplicated="{Date}2021-07-20T02:01:39.275-05:00"
                        cq:lastReplicatedBy="Praveen.Vatchavayi@mercmarine.com"
                        cq:lastReplicationAction="Activate"
                        jcr:mixinTypes="[cq:ReplicationStatus]"
                        jcr:primaryType="nt:unstructured"/>
                    <rtePlugins jcr:primaryType="nt:unstructured">
                        <paraformat
                            jcr:primaryType="nt:unstructured"
                            features="*">
                            <formats
                                jcr:primaryType="nt:unstructured"
                                override="true">
                                <item0
                                    jcr:primaryType="nt:unstructured"
                                    description="Paragraph"
                                    tag="p"/>
                                <item1
                                    jcr:primaryType="nt:unstructured"
                                    description="Quote"
                                    tag="blockquote"/>
                                <item2
                                    jcr:primaryType="nt:unstructured"
                                    description="Preformatted"
                                    tag="pre"/>
                            </formats>
                        </paraformat>
                        <misctools
                            jcr:primaryType="nt:unstructured"
                            features="-">
                            <specialCharsConfig jcr:primaryType="nt:unstructured">
                                <chars
                                    jcr:primaryType="nt:unstructured"
                                    override="true">
                                    <item0
                                        jcr:primaryType="nt:unstructured"
                                        entity="&amp;copy;"
                                        name="copyright"/>
                                    <item1
                                        jcr:primaryType="nt:unstructured"
                                        entity="&amp;euro;"
                                        name="euro"/>
                                    <item2
                                        jcr:primaryType="nt:unstructured"
                                        entity="&amp;reg;"
                                        name="registered"/>
                                    <item3
                                        jcr:primaryType="nt:unstructured"
                                        entity="&amp;trade;"
                                        name="trademark"/>
                                </chars>
                            </specialCharsConfig>
                        </misctools>
                        <edit
                            jcr:primaryType="nt:unstructured"
                            features="-"/>
                        <findreplace
                            jcr:primaryType="nt:unstructured"
                            features="-"/>
                        <undo
                            jcr:primaryType="nt:unstructured"
                            features="-"/>
                        <spellcheck
                            jcr:primaryType="nt:unstructured"
                            features="-"/>
                        <image
                            jcr:primaryType="nt:unstructured"
                            features="-"/>
                        <table
                            jcr:primaryType="nt:unstructured"
                            features="-"/>
                        <lists
                            jcr:primaryType="nt:unstructured"
                            features="*"/>
                        <justify
                            jcr:primaryType="nt:unstructured"
                            features="-"/>
                        <format
                            jcr:primaryType="nt:unstructured"
                            features="bold,italic"/>
                        <links
                            jcr:primaryType="nt:unstructured"
                            features="modifylink,unlink"/>
                        <subsuperscript
                            jcr:primaryType="nt:unstructured"
                            features="-"/>
                    </rtePlugins>
                </policy_641562756958017>
            </text>
            <title jcr:primaryType="nt:unstructured">
                <policy_641475696923109
                    jcr:description="Allows only H1 and disallows links for the main page title."
                    jcr:primaryType="nt:unstructured"
                    jcr:title="Page Title"
                    sling:resourceType="wcm/core/components/policy/policy"
                    allowedTypes="h1"
                    linkDisabled="true"
                    type="h1">
                    <jcr:content jcr:primaryType="nt:unstructured"/>
                </policy_641475696923109>
                <policy_641528232375303
                    jcr:description="Allows all sizes, but not H1, which is reserved for the main page title."
                    jcr:primaryType="nt:unstructured"
                    jcr:title="Content Title"
                    sling:resourceType="wcm/core/components/policy/policy"
                    allowedTypes="[h2,h3,h4,h5,h6]"
                    linkDisabled="false"
                    type="h2">
                    <jcr:content
                        cq:lastReplicated="{Date}2021-07-20T02:01:39.275-05:00"
                        cq:lastReplicatedBy="Praveen.Vatchavayi@mercmarine.com"
                        cq:lastReplicationAction="Activate"
                        jcr:mixinTypes="[cq:ReplicationStatus]"
                        jcr:primaryType="nt:unstructured"/>
                </policy_641528232375303>
            </title>
            <experiencefragment jcr:primaryType="nt:unstructured">
                <policy_header
                    cq:styleDefaultElement="header"
                    jcr:description="Sets a &lt;header> element on the page header experience fragment."
                    jcr:primaryType="nt:unstructured"
                    jcr:title="Page Header"
                    sling:resourceType="wcm/core/components/policy/policy">
                    <jcr:content jcr:primaryType="nt:unstructured"/>
                </policy_header>
                <policy_footer
                    cq:styleDefaultElement="footer"
                    jcr:description="Sets a &lt;footer> element on the page footer experience fragment."
                    jcr:primaryType="nt:unstructured"
                    jcr:title="Page Footer"
                    sling:resourceType="wcm/core/components/policy/policy">
                    <jcr:content jcr:primaryType="nt:unstructured"/>
                </policy_footer>
            </experiencefragment>
            <container jcr:primaryType="nt:unstructured">
                <policy_1574694950110
                    jcr:lastModified="{Date}2020-12-08T17:01:38.181+05:30"
                    jcr:lastModifiedBy="admin"
                    jcr:primaryType="nt:unstructured"
                    jcr:title="page-root"
                    sling:resourceType="wcm/core/components/policy/policy"
                    components="[group:Delcity - Form]">
                    <jcr:content jcr:primaryType="nt:unstructured"/>
                    <cq:authoring jcr:primaryType="nt:unstructured">
                        <assetToComponentMapping jcr:primaryType="nt:unstructured">
                            <mapping_1575024218483
                                jcr:primaryType="nt:unstructured"
                                assetGroup="media"
                                assetMimetype="image/*"
                                droptarget="image"
                                resourceType="delcity/components/image"/>
                            <mapping_1575030843388
                                jcr:primaryType="nt:unstructured"
                                assetGroup="content"
                                assetMimetype="text/html"
                                droptarget="experiencefragment"
                                resourceType="delcity/components/experiencefragment"/>
                            <mapping_1575030853128
                                jcr:primaryType="nt:unstructured"
                                assetGroup="media"
                                assetMimetype="[text/html,application/vnd.adobe.contentfragment]"
                                droptarget="contentfragment"
                                resourceType="delcity/components/contentfragment"/>
                        </assetToComponentMapping>
                    </cq:authoring>
                </policy_1574694950110>
                <policy_1574695586800
                    jcr:description="Allows the page components and defines the component mapping (this configures what components should be automatically created when authors drop assets from the content finder to the page editor)."
                    jcr:lastModified="{Date}2020-12-08T14:54:51.062+05:30"
                    jcr:lastModifiedBy="admin"
                    jcr:primaryType="nt:unstructured"
                    jcr:title="page-content-root"
                    sling:resourceType="wcm/core/components/policy/policy"
                    components="[group:Delcity - Form]">
                    <jcr:content jcr:primaryType="nt:unstructured"/>
                    <cq:authoring jcr:primaryType="nt:unstructured">
                        <assetToComponentMapping jcr:primaryType="nt:unstructured">
                            <mapping_1575030255082
                                jcr:primaryType="nt:unstructured"
                                assetGroup="media"
                                assetMimetype="image/*"
                                droptarget="image"
                                resourceType="delcity/components/image"/>
                            <mapping_1575030260142
                                jcr:primaryType="nt:unstructured"
                                assetGroup="content"
                                assetMimetype="text/html"
                                droptarget="experiencefragment"
                                resourceType="delcity/components/experiencefragment"/>
                            <mapping_1575030269139
                                jcr:primaryType="nt:unstructured"
                                assetGroup="media"
                                assetMimetype="[text/html,application/vnd.adobe.contentfragment]"
                                droptarget="contentfragment"
                                resourceType="delcity/components/contentfragment"/>
                        </assetToComponentMapping>
                    </cq:authoring>
                </policy_1574695586800>
                <policy_649128221558427
                    cq:styleDefaultElement="main"
                    jcr:description="Sets a &lt;main> element on the page content area."
                    jcr:primaryType="nt:unstructured"
                    jcr:title="Page Main"
                    sling:resourceType="wcm/core/components/policy/policy">
                    <jcr:content jcr:primaryType="nt:unstructured"/>
                </policy_649128221558427>
                <policy_1575040440977
                    jcr:description="Allows the template components and defines the component mapping (this configures what components should be automatically created when authors drop assets from the content finder to the page editor)."
                    jcr:primaryType="nt:unstructured"
                    jcr:title="XF Root"
                    sling:resourceType="wcm/core/components/policy/policy"
                    components="[group:Delcity - Content,/apps/delcity/components/form/container,group:Delcity - Structure]">
                    <jcr:content
                        cq:lastReplicated="{Date}2021-07-20T02:01:39.275-05:00"
                        cq:lastReplicatedBy="Praveen.Vatchavayi@mercmarine.com"
                        cq:lastReplicationAction="Activate"
                        jcr:mixinTypes="[cq:ReplicationStatus]"
                        jcr:primaryType="nt:unstructured"/>
                    <cq:authoring jcr:primaryType="nt:unstructured">
                        <assetToComponentMapping jcr:primaryType="nt:unstructured">
                            <mapping_1575024218483
                                jcr:primaryType="nt:unstructured"
                                assetGroup="media"
                                assetMimetype="image/*"
                                droptarget="image"
                                resourceType="delcity/components/image"/>
                            <mapping_1575030843388
                                jcr:primaryType="nt:unstructured"
                                assetGroup="content"
                                assetMimetype="text/html"
                                droptarget="experiencefragment"
                                resourceType="delcity/components/experiencefragment"/>
                            <mapping_1575030853128
                                jcr:primaryType="nt:unstructured"
                                assetGroup="media"
                                assetMimetype="[text/html,application/vnd.adobe.contentfragment]"
                                droptarget="contentfragment"
                                resourceType="delcity/components/contentfragment"/>
                        </assetToComponentMapping>
                    </cq:authoring>
                </policy_1575040440977>
            </container>
            <teaser jcr:primaryType="nt:unstructured">
                <policy_1575031387650
                    jcr:description="Sets the title size to H3."
                    jcr:primaryType="nt:unstructured"
                    jcr:title="Content Teaser"
                    sling:resourceType="wcm/core/components/policy/policy"
                    titleType="h3">
                    <jcr:content
                        cq:lastReplicated="{Date}2021-07-20T02:01:39.275-05:00"
                        cq:lastReplicatedBy="Praveen.Vatchavayi@mercmarine.com"
                        cq:lastReplicationAction="Activate"
                        jcr:mixinTypes="[cq:ReplicationStatus]"
                        jcr:primaryType="nt:unstructured"/>
                </policy_1575031387650>
            </teaser>
            <download jcr:primaryType="nt:unstructured">
                <policy_1575032193319
                    jcr:description="Sets the title size to H3."
                    jcr:primaryType="nt:unstructured"
                    jcr:title="Content Download"
                    sling:resourceType="wcm/core/components/policy/policy"
                    allowUpload="false"
                    displayFilename="true"
                    displayFormat="true"
                    displaySize="true"
                    titleType="h3">
                    <jcr:content
                        cq:lastReplicated="{Date}2021-07-20T02:01:39.275-05:00"
                        cq:lastReplicatedBy="Praveen.Vatchavayi@mercmarine.com"
                        cq:lastReplicationAction="Activate"
                        jcr:mixinTypes="[cq:ReplicationStatus]"
                        jcr:primaryType="nt:unstructured"/>
                </policy_1575032193319>
            </download>
            <page jcr:primaryType="nt:unstructured">
                <policy
                    jcr:description="Includes the required client libraries."
                    jcr:primaryType="nt:unstructured"
                    jcr:title="Generic Page"
                    sling:resourceType="wcm/core/components/policy/policy"
                    clientlibs="[delcity.dependencies,delcity.site]"
                    clientlibsJsHead="delcity.dependencies">
                    <jcr:content
                        cq:lastReplicated="{Date}2020-12-08T21:22:25.063+05:30"
                        cq:lastReplicatedBy="admin"
                        cq:lastReplicationAction="Activate"
                        jcr:mixinTypes="[cq:ReplicationStatus]"
                        jcr:primaryType="nt:unstructured"/>
                </policy>
            </page>
            <structure jcr:primaryType="nt:unstructured">
                <container jcr:primaryType="nt:unstructured">
                    <policy_1607672403760
                        jcr:lastModified="{Date}2020-12-11T13:10:27.887+05:30"
                        jcr:lastModifiedBy="admin"
                        jcr:primaryType="nt:unstructured"
                        jcr:title="landingpage-root"
                        sling:resourceType="wcm/core/components/policy/policy"
                        components="[/apps/delcity/components/structure/footer,/apps/delcity/components/structure/header]"
                        layoutDisabled="false">
                        <jcr:content jcr:primaryType="nt:unstructured"/>
                    </policy_1607672403760>
                </container>
                <page jcr:primaryType="nt:unstructured">
                    <policy_1628146719811
                        jcr:lastModified="{Date}2021-08-05T01:59:05.054-05:00"
                        jcr:lastModifiedBy="Abin.Saju@mercmarine.com"
                        jcr:primaryType="nt:unstructured"
                        jcr:title="test"
                        sling:resourceType="wcm/core/components/policy/policy">
                        <jcr:content
                            cq:lastReplicated="{Date}2021-08-05T02:00:00.113-05:00"
                            cq:lastReplicatedBy="Abin.Saju@mercmarine.com"
                            cq:lastReplicationAction="Activate"
                            jcr:mixinTypes="[cq:ReplicationStatus]"
                            jcr:primaryType="nt:unstructured"/>
                    </policy_1628146719811>
                    <policy_6831339009313299
                        jcr:lastModified="{Date}2021-08-17T06:30:05.310-05:00"
                        jcr:lastModifiedBy="Abin.Saju@mercmarine.com"
                        jcr:primaryType="nt:unstructured"
                        jcr:title="demo"
                        sling:resourceType="wcm/core/components/policy/policy">
                        <jcr:content jcr:primaryType="nt:unstructured"/>
                    </policy_6831339009313299>
                    <policy_13915086495161549
                        jcr:lastModified="{Date}2022-08-05T02:21:06.691-05:00"
                        jcr:lastModifiedBy="Radhika.Yerra@mercmarine.com"
                        jcr:primaryType="nt:unstructured"
                        jcr:title="cart policy"
                        sling:resourceType="wcm/core/components/policy/policy">
                        <jcr:content
                            cq:lastReplicated="{Date}2022-08-05T02:30:12.943-05:00"
                            cq:lastReplicatedBy="Radhika.Yerra@mercmarine.com"
                            cq:lastReplicationAction="Activate"
                            jcr:mixinTypes="[cq:ReplicationStatus]"
                            jcr:primaryType="nt:unstructured"/>
                    </policy_13915086495161549>
                </page>
            </structure>
            <content jcr:primaryType="nt:unstructured">
                <text jcr:primaryType="nt:unstructured">
                    <policy_1630063410655
                        cq:styleDefaultClasses="cmp-text--nofill"
                        jcr:lastModified="{Date}2021-11-05T02:13:25.508-05:00"
                        jcr:lastModifiedBy="Amit.Vikram@mercmarine.com"
                        jcr:primaryType="nt:unstructured"
                        jcr:title="text"
                        sling:resourceType="wcm/core/components/policy/policy">
                        <jcr:content
                            cq:lastReplicated="{Date}2021-11-05T08:42:10.141-05:00"
                            cq:lastReplicatedBy="Praveen.Vatchavayi@mercmarine.com"
                            cq:lastReplicationAction="Activate"
                            jcr:mixinTypes="[cq:ReplicationStatus]"
                            jcr:primaryType="nt:unstructured"/>
                        <rtePlugins jcr:primaryType="nt:unstructured">
                            <paraformat
                                jcr:primaryType="nt:unstructured"
                                features="-">
                                <formats
                                    jcr:primaryType="nt:unstructured"
                                    override="true">
                                    <item0
                                        jcr:primaryType="nt:unstructured"
                                        description="Paragraph"
                                        tag="p"/>
                                    <item1
                                        jcr:primaryType="nt:unstructured"
                                        description="Heading 1"
                                        tag="h1"/>
                                    <item2
                                        jcr:primaryType="nt:unstructured"
                                        description="Heading 2"
                                        tag="h2"/>
                                    <item3
                                        jcr:primaryType="nt:unstructured"
                                        description="Heading 3"
                                        tag="h3"/>
                                    <item4
                                        jcr:primaryType="nt:unstructured"
                                        description="Heading 4"
                                        tag="h4"/>
                                    <item5
                                        jcr:primaryType="nt:unstructured"
                                        description="Heading 5"
                                        tag="h5"/>
                                    <item6
                                        jcr:primaryType="nt:unstructured"
                                        description="Heading 6"
                                        tag="h6"/>
                                    <item7
                                        jcr:primaryType="nt:unstructured"
                                        description="Quote"
                                        tag="blockquote"/>
                                    <item8
                                        jcr:primaryType="nt:unstructured"
                                        description="Horizontal Rule (visual line break)"
                                        tag="hr"/>
                                    <item9
                                        jcr:primaryType="nt:unstructured"
                                        description="Preformatted"
                                        tag="pre"/>
                                </formats>
                            </paraformat>
                            <misctools
                                jcr:primaryType="nt:unstructured"
                                features="-">
                                <specialCharsConfig jcr:primaryType="nt:unstructured">
                                    <chars
                                        jcr:primaryType="nt:unstructured"
                                        override="true">
                                        <item0
                                            jcr:primaryType="nt:unstructured"
                                            entity="&amp;copy;"
                                            name="copyright"/>
                                        <item1
                                            jcr:primaryType="nt:unstructured"
                                            entity="&amp;euro;"
                                            name="euro"/>
                                        <item2
                                            jcr:primaryType="nt:unstructured"
                                            entity="&amp;reg;"
                                            name="registered"/>
                                        <item3
                                            jcr:primaryType="nt:unstructured"
                                            entity="&amp;trade;"
                                            name="trademark"/>
                                    </chars>
                                </specialCharsConfig>
                            </misctools>
                            <edit
                                jcr:primaryType="nt:unstructured"
                                features="-"/>
                            <findreplace
                                jcr:primaryType="nt:unstructured"
                                features="-"/>
                            <undo
                                jcr:primaryType="nt:unstructured"
                                features="-"/>
                            <spellcheck
                                jcr:primaryType="nt:unstructured"
                                features="-"/>
                            <image
                                jcr:primaryType="nt:unstructured"
                                features="-"/>
                            <table
                                jcr:primaryType="nt:unstructured"
                                features="-"/>
                            <lists
                                jcr:primaryType="nt:unstructured"
                                features="*"/>
                            <justify
                                jcr:primaryType="nt:unstructured"
                                features="-"/>
                            <format
                                jcr:primaryType="nt:unstructured"
                                features="bold,italic"/>
                            <links
                                jcr:primaryType="nt:unstructured"
                                features="modifylink,unlink"/>
                            <subsuperscript
                                jcr:primaryType="nt:unstructured"
                                features="-"/>
                        </rtePlugins>
                        <cq:styleGroups jcr:primaryType="nt:unstructured">
                            <item0
                                cq:styleGroupLabel="Anchor Tag Colour"
                                jcr:primaryType="nt:unstructured">
                                <cq:styles jcr:primaryType="nt:unstructured">
                                    <item0
                                        cq:styleClasses="cmp-text--anchor-red"
                                        cq:styleId="1630063422478"
                                        cq:styleLabel="Red"
                                        jcr:primaryType="nt:unstructured"/>
                                    <item1
                                        cq:styleClasses="cmp-text--anchor-light-blue"
                                        cq:styleId="1630063424814"
                                        cq:styleLabel="Blue"
                                        jcr:primaryType="nt:unstructured"/>
                                    <item2
                                        cq:styleClasses="cmp-text--anchor-dark-blue"
                                        cq:styleId="1630063427173"
                                        cq:styleLabel="Dark Blue"
                                        jcr:primaryType="nt:unstructured"/>
                                </cq:styles>
                            </item0>
                            <item1
                                cq:styleGroupLabel="Background Color"
                                jcr:primaryType="nt:unstructured">
                                <cq:styles jcr:primaryType="nt:unstructured">
                                    <item0
                                        cq:styleClasses="cmp-text--bgwhite"
                                        cq:styleId="1630063434318"
                                        cq:styleLabel="White"
                                        jcr:primaryType="nt:unstructured"/>
                                    <item1
                                        cq:styleClasses="cmp-text--nofill"
                                        cq:styleId="1630063437180"
                                        cq:styleLabel="No Fill"
                                        jcr:primaryType="nt:unstructured"/>
                                </cq:styles>
                            </item1>
                            <item2
                                cq:styleGroupLabel="Margin"
                                jcr:primaryType="nt:unstructured">
                                <cq:styles jcr:primaryType="nt:unstructured">
                                    <item0
                                        cq:styleClasses="cmp-text--marginsmall"
                                        cq:styleId="1630063450271"
                                        cq:styleLabel="Margin-Small"
                                        jcr:primaryType="nt:unstructured"/>
                                    <item1
                                        cq:styleClasses="cmp-text--nofill"
                                        cq:styleId="1630063454507"
                                        cq:styleLabel="Margin-Medium"
                                        jcr:primaryType="nt:unstructured"/>
                                </cq:styles>
                            </item2>
                            <item3
                                cq:styleGroupLabel="Font Size"
                                jcr:primaryType="nt:unstructured">
                                <cq:styles jcr:primaryType="nt:unstructured">
                                    <item0
                                        cq:styleClasses="cmp-text--fontsmall"
                                        cq:styleId="1630063461827"
                                        cq:styleLabel="Small"
                                        jcr:primaryType="nt:unstructured"/>
                                    <item1
                                        cq:styleClasses="cmp-text--fontmedium"
                                        cq:styleId="1630063464847"
                                        cq:styleLabel="Medium"
                                        jcr:primaryType="nt:unstructured"/>
                                </cq:styles>
                            </item3>
                            <item4
                                cq:styleGroupLabel="Cart Text"
                                jcr:primaryType="nt:unstructured"/>
                            <item5
                                cq:styleGroupLabel="Cart"
                                jcr:primaryType="nt:unstructured">
                                <cq:styles jcr:primaryType="nt:unstructured">
                                    <item0
                                        cq:styleClasses="cart-need-help-section"
                                        cq:styleId="1636096393441"
                                        cq:styleLabel="Cart help text"
                                        jcr:primaryType="nt:unstructured"/>
                                </cq:styles>
                            </item5>
                        </cq:styleGroups>
                    </policy_1630063410655>
                </text>
                <mediaandtext jcr:primaryType="nt:unstructured">
                    <policy_1653910120931
                        jcr:lastModified="{Date}2022-05-30T06:41:39.662-05:00"
                        jcr:lastModifiedBy="Vinayak.Sabharwal@mercmarine.com"
                        jcr:primaryType="nt:unstructured"
                        jcr:title="Media&amp;text"
                        sling:resourceType="wcm/core/components/policy/policy">
                        <jcr:content
                            cq:lastReplicated="{Date}2022-05-31T04:39:03.135-05:00"
                            cq:lastReplicatedBy="Vinayak.Sabharwal@mercmarine.com"
                            cq:lastReplicationAction="Activate"
                            jcr:mixinTypes="[cq:ReplicationStatus]"
                            jcr:primaryType="nt:unstructured"/>
                        <rtePlugins jcr:primaryType="nt:unstructured">
                            <paraformat
                                jcr:primaryType="nt:unstructured"
                                features="*">
                                <formats
                                    jcr:primaryType="nt:unstructured"
                                    override="true">
                                    <item0
                                        jcr:primaryType="nt:unstructured"
                                        description="Paragraph"
                                        tag="p"/>
                                    <item1
                                        jcr:primaryType="nt:unstructured"
                                        description="Heading 1"
                                        tag="h1"/>
                                    <item2
                                        jcr:primaryType="nt:unstructured"
                                        description="Heading 2"
                                        tag="h2"/>
                                    <item3
                                        jcr:primaryType="nt:unstructured"
                                        description="Heading 3"
                                        tag="h3"/>
                                    <item4
                                        jcr:primaryType="nt:unstructured"
                                        description="Heading 4"
                                        tag="h4"/>
                                    <item5
                                        jcr:primaryType="nt:unstructured"
                                        description="Heading 5"
                                        tag="h5"/>
                                    <item6
                                        jcr:primaryType="nt:unstructured"
                                        description="Heading 6"
                                        tag="h6"/>
                                    <item7
                                        jcr:primaryType="nt:unstructured"
                                        description="Quote"
                                        tag="blockquote"/>
                                    <item8
                                        jcr:primaryType="nt:unstructured"
                                        description="Horizontal Rule (visual line break)"
                                        tag="hr"/>
                                    <item9
                                        jcr:primaryType="nt:unstructured"
                                        description="Preformatted"
                                        tag="pre"/>
                                </formats>
                            </paraformat>
                            <misctools
                                jcr:primaryType="nt:unstructured"
                                features="sourceedit,specialchars">
                                <specialCharsConfig jcr:primaryType="nt:unstructured">
                                    <chars
                                        jcr:primaryType="nt:unstructured"
                                        override="true">
                                        <item0
                                            jcr:primaryType="nt:unstructured"
                                            entity="&amp;copy;"
                                            name="copyright"/>
                                        <item1
                                            jcr:primaryType="nt:unstructured"
                                            entity="&amp;euro;"
                                            name="euro"/>
                                        <item2
                                            jcr:primaryType="nt:unstructured"
                                            entity="&amp;reg;"
                                            name="registered"/>
                                        <item3
                                            jcr:primaryType="nt:unstructured"
                                            entity="&amp;trade;"
                                            name="trademark"/>
                                    </chars>
                                </specialCharsConfig>
                            </misctools>
                            <edit
                                jcr:primaryType="nt:unstructured"
                                features="paste-plaintext,paste-wordhtml"/>
                            <findreplace
                                jcr:primaryType="nt:unstructured"
                                features="*"/>
                            <undo
                                jcr:primaryType="nt:unstructured"
                                features="*"/>
                            <spellcheck
                                jcr:primaryType="nt:unstructured"
                                features="*"/>
                            <image
                                jcr:primaryType="nt:unstructured"
                                features="*"/>
                            <table
                                jcr:primaryType="nt:unstructured"
                                features="*"/>
                            <lists
                                jcr:primaryType="nt:unstructured"
                                features="*"/>
                            <justify
                                jcr:primaryType="nt:unstructured"
                                features="*"/>
                            <format
                                jcr:primaryType="nt:unstructured"
                                features="bold,italic,underline"/>
                            <links
                                jcr:primaryType="nt:unstructured"
                                features="modifylink,unlink,anchor"/>
                            <subsuperscript
                                jcr:primaryType="nt:unstructured"
                                features="*"/>
                        </rtePlugins>
                        <cq:styleGroups jcr:primaryType="nt:unstructured">
                            <item0
                                cq:styleGroupLabel="Image and text alignment"
                                jcr:primaryType="nt:unstructured">
                                <cq:styles jcr:primaryType="nt:unstructured">
                                    <item0
                                        cq:styleClasses="blogstyle3 blog-container"
                                        cq:styleId="1653910233532"
                                        cq:styleLabel="left image-right text"
                                        jcr:primaryType="nt:unstructured"/>
                                    <item1
                                        cq:styleClasses="blogstyle4 blog-container"
                                        cq:styleId="1653910250724"
                                        cq:styleLabel="right image-left text"
                                        jcr:primaryType="nt:unstructured"/>
                                    <item2
                                        cq:styleClasses="blogstyle1 blog-container"
                                        cq:styleId="1653910256423"
                                        cq:styleLabel="top image-bottom text"
                                        jcr:primaryType="nt:unstructured"/>
                                    <item3
                                        cq:styleClasses="blogstyle2 blog-container"
                                        cq:styleId="1653910262322"
                                        cq:styleLabel="bottom image-top text"
                                        jcr:primaryType="nt:unstructured"/>
                                    <item4
                                        cq:styleClasses="blogstyle5 blog-container"
                                        cq:styleId="1653910268073"
                                        cq:styleLabel="top center image- bottom text"
                                        jcr:primaryType="nt:unstructured"/>
                                    <item5
                                        cq:styleClasses="blogstyle6 blog-container"
                                        cq:styleId="1653910274865"
                                        cq:styleLabel="bottom center image- top text"
                                        jcr:primaryType="nt:unstructured"/>
                                </cq:styles>
                            </item0>
                            <item1
                                cq:styleGroupLabel="Layout"
                                jcr:primaryType="nt:unstructured">
                                <cq:styles jcr:primaryType="nt:unstructured">
                                    <item0
                                        cq:styleClasses="blogstyle11 blog-container"
                                        cq:styleId="1653910313052"
                                        cq:styleLabel="Media(75%) - Text(25%)"
                                        jcr:primaryType="nt:unstructured"/>
                                    <item1
                                        cq:styleClasses="blogstyle12 blog-container"
                                        cq:styleId="1653910321644"
                                        cq:styleLabel="Media(66.66%) - Text(33.33%)"
                                        jcr:primaryType="nt:unstructured"/>
                                    <item2
                                        cq:styleClasses="blogstyle13 blog-container"
                                        cq:styleId="1653910327250"
                                        cq:styleLabel="Media(50%) - Text(50%)"
                                        jcr:primaryType="nt:unstructured"/>
                                    <item3
                                        cq:styleClasses="blogstyle14 blog-container"
                                        cq:styleId="1653910334413"
                                        cq:styleLabel="Media(33.33%) - Text(66.66%)"
                                        jcr:primaryType="nt:unstructured"/>
                                </cq:styles>
                            </item1>
                        </cq:styleGroups>
                    </policy_1653910120931>
                </mediaandtext>
            </content>
        </components>
    </delcity>
    <ecomm-framework jcr:primaryType="nt:unstructured">
        <components jcr:primaryType="nt:unstructured">
            <content jcr:primaryType="nt:unstructured">
                <embed jcr:primaryType="nt:unstructured">
                    <policy_1622185166316
                        jcr:lastModified="{Date}2021-05-28T01:59:40.775-05:00"
                        jcr:lastModifiedBy="radhika.yerra.local"
                        jcr:primaryType="nt:unstructured"
                        jcr:title="em"
                        sling:resourceType="wcm/core/components/policy/policy"
                        allowedEmbeddables="[ecomm-framework/components/content/embed/embeddable/iframe,core/wcm/components/embed/v1/embed/embeddable/youtube]"
                        embeddablesDisabled="false"
                        htmlDisabled="false"
                        urlDisabled="false">
                        <jcr:content jcr:primaryType="nt:unstructured"/>
                    </policy_1622185166316>
                    <policy_2830789176532688
                        jcr:lastModified="{Date}2021-07-01T23:14:05.501-05:00"
                        jcr:lastModifiedBy="radhika.yerra.local"
                        jcr:primaryType="nt:unstructured"
                        jcr:title="embed"
                        sling:resourceType="wcm/core/components/policy/policy"
                        allowedEmbeddables="core/wcm/components/embed/v1/embed/embeddable/youtube"
                        embeddablesDisabled="false"
                        htmlDisabled="false"
                        urlDisabled="false">
                        <jcr:content
                            cq:lastReplicated="{Date}2021-07-06T06:00:49.287-05:00"
                            cq:lastReplicatedBy="radhika.yerra.local"
                            cq:lastReplicationAction="Activate"
                            jcr:mixinTypes="[cq:ReplicationStatus]"
                            jcr:primaryType="nt:unstructured"/>
                    </policy_2830789176532688>
                    <policy_4405951299590506
                        jcr:lastModified="{Date}2021-08-14T05:44:01.851-05:00"
                        jcr:lastModifiedBy="Swathy.Mohan@mercmarine.com"
                        jcr:primaryType="nt:unstructured"
                        jcr:title="embed"
                        sling:resourceType="wcm/core/components/policy/policy"
                        allowedEmbeddables="core/wcm/components/embed/v1/embed/embeddable/youtube"
                        embeddablesDisabled="false"
                        htmlDisabled="false"
                        urlDisabled="false">
                        <jcr:content
                            cq:lastReplicated="{Date}2021-08-14T06:01:57.443-05:00"
                            cq:lastReplicatedBy="Swathy.Mohan@mercmarine.com"
                            cq:lastReplicationAction="Activate"
                            jcr:mixinTypes="[cq:ReplicationStatus]"
                            jcr:primaryType="nt:unstructured"/>
                    </policy_4405951299590506>
                </embed>
                <text jcr:primaryType="nt:unstructured">
                    <policy_1630063365927
                        jcr:lastModified="{Date}2021-08-27T06:23:26.934-05:00"
                        jcr:lastModifiedBy="Jane.Martin@mercmarine.com"
                        jcr:primaryType="nt:unstructured"
                        jcr:title="Contact Us"
                        sling:resourceType="wcm/core/components/policy/policy">
                        <jcr:content
                            cq:lastReplicated="{Date}2021-08-27T06:45:32.745-05:00"
                            cq:lastReplicatedBy="Swathy.Mohan@mercmarine.com"
                            cq:lastReplicationAction="Activate"
                            jcr:mixinTypes="[cq:ReplicationStatus]"
                            jcr:primaryType="nt:unstructured"/>
                        <rtePlugins jcr:primaryType="nt:unstructured">
                            <paraformat
                                jcr:primaryType="nt:unstructured"
                                features="-">
                                <formats
                                    jcr:primaryType="nt:unstructured"
                                    override="true">
                                    <item0
                                        jcr:primaryType="nt:unstructured"
                                        description="Paragraph"
                                        tag="p"/>
                                    <item1
                                        jcr:primaryType="nt:unstructured"
                                        description="Heading 1"
                                        tag="h1"/>
                                    <item2
                                        jcr:primaryType="nt:unstructured"
                                        description="Heading 2"
                                        tag="h2"/>
                                    <item3
                                        jcr:primaryType="nt:unstructured"
                                        description="Heading 3"
                                        tag="h3"/>
                                    <item4
                                        jcr:primaryType="nt:unstructured"
                                        description="Heading 4"
                                        tag="h4"/>
                                    <item5
                                        jcr:primaryType="nt:unstructured"
                                        description="Heading 5"
                                        tag="h5"/>
                                    <item6
                                        jcr:primaryType="nt:unstructured"
                                        description="Heading 6"
                                        tag="h6"/>
                                    <item7
                                        jcr:primaryType="nt:unstructured"
                                        description="Quote"
                                        tag="blockquote"/>
                                    <item8
                                        jcr:primaryType="nt:unstructured"
                                        description="Horizontal Rule (visual line break)"
                                        tag="hr"/>
                                    <item9
                                        jcr:primaryType="nt:unstructured"
                                        description="Preformatted"
                                        tag="pre"/>
                                </formats>
                            </paraformat>
                            <misctools
                                jcr:primaryType="nt:unstructured"
                                features="-">
                                <specialCharsConfig jcr:primaryType="nt:unstructured">
                                    <chars
                                        jcr:primaryType="nt:unstructured"
                                        override="true">
                                        <item0
                                            jcr:primaryType="nt:unstructured"
                                            entity="&amp;copy;"
                                            name="copyright"/>
                                        <item1
                                            jcr:primaryType="nt:unstructured"
                                            entity="&amp;euro;"
                                            name="euro"/>
                                        <item2
                                            jcr:primaryType="nt:unstructured"
                                            entity="&amp;reg;"
                                            name="registered"/>
                                        <item3
                                            jcr:primaryType="nt:unstructured"
                                            entity="&amp;trade;"
                                            name="trademark"/>
                                    </chars>
                                </specialCharsConfig>
                            </misctools>
                            <edit
                                jcr:primaryType="nt:unstructured"
                                features="-"/>
                            <findreplace
                                jcr:primaryType="nt:unstructured"
                                features="-"/>
                            <undo
                                jcr:primaryType="nt:unstructured"
                                features="-"/>
                            <spellcheck
                                jcr:primaryType="nt:unstructured"
                                features="-"/>
                            <image
                                jcr:primaryType="nt:unstructured"
                                features="-"/>
                            <table
                                jcr:primaryType="nt:unstructured"
                                features="-"/>
                            <lists
                                jcr:primaryType="nt:unstructured"
                                features="*"/>
                            <justify
                                jcr:primaryType="nt:unstructured"
                                features="-"/>
                            <format
                                jcr:primaryType="nt:unstructured"
                                features="bold,italic"/>
                            <links
                                jcr:primaryType="nt:unstructured"
                                features="modifylink,unlink"/>
                            <subsuperscript
                                jcr:primaryType="nt:unstructured"
                                features="-"/>
                        </rtePlugins>
                    </policy_1630063365927>
                </text>
                <image jcr:primaryType="nt:unstructured">
                    <policy_1636096219291
                        jcr:lastModified="{Date}2021-11-05T02:14:00.525-05:00"
                        jcr:lastModifiedBy="Amit.Vikram@mercmarine.com"
                        jcr:primaryType="nt:unstructured"
                        jcr:title="image"
                        sling:resourceType="wcm/core/components/policy/policy"
                        allowUpload="true"
                        altValueFromDAM="true"
                        disableLazyLoading="true"
                        displayPopupTitle="true"
                        enableDmFeatures="false"
                        isDecorative="false"
                        jpegQuality="{Long}100"
                        titleValueFromDAM="true"
                        uuidDisabled="true">
                        <jcr:content
                            cq:lastReplicated="{Date}2021-11-05T08:42:10.141-05:00"
                            cq:lastReplicatedBy="Praveen.Vatchavayi@mercmarine.com"
                            cq:lastReplicationAction="Activate"
                            jcr:mixinTypes="[cq:ReplicationStatus]"
                            jcr:primaryType="nt:unstructured"/>
                        <plugins jcr:primaryType="nt:unstructured">
                            <crop
                                jcr:primaryType="nt:unstructured"
                                features="*">
                                <aspectRatios jcr:primaryType="nt:unstructured">
                                    <item0
                                        jcr:primaryType="nt:unstructured"
                                        name="Wide Landscape"
                                        ratio="0.6180"/>
                                    <item1
                                        jcr:primaryType="nt:unstructured"
                                        name="Landscape"
                                        ratio="0.8284"/>
                                    <item2
                                        jcr:primaryType="nt:unstructured"
                                        name="Square"
                                        ratio="1"/>
                                    <item3
                                        jcr:primaryType="nt:unstructured"
                                        name="Portrait"
                                        ratio="1.6180"/>
                                </aspectRatios>
                            </crop>
                            <rotate
                                jcr:primaryType="nt:unstructured"
                                features="right"/>
                            <flip
                                jcr:primaryType="nt:unstructured"
                                features="-"/>
                        </plugins>
                        <cq:styleGroups jcr:primaryType="nt:unstructured">
                            <item0
                                cq:styleGroupLabel="Cart help image"
                                jcr:primaryType="nt:unstructured">
                                <cq:styles jcr:primaryType="nt:unstructured">
                                    <item0
                                        cq:styleClasses="cart-side-image"
                                        cq:styleId="1636096279709"
                                        cq:styleLabel="cart help"
                                        jcr:primaryType="nt:unstructured"/>
                                </cq:styles>
                            </item0>
                        </cq:styleGroups>
                    </policy_1636096219291>
                </image>
                <breadcrumb jcr:primaryType="nt:unstructured">
                    <policy_1636454874992
                        jcr:lastModified="{Date}2021-11-09T04:48:23.111-06:00"
                        jcr:lastModifiedBy="Praveen.Vatchavayi@mercmarine.com"
                        jcr:primaryType="nt:unstructured"
                        jcr:title="Breadcrumb Policy"
                        sling:resourceType="wcm/core/components/policy/policy"
                        disableShadowing="false"
                        hideCurrent="false"
                        showHidden="true"
                        startLevel="4"
                        structureDepth="2">
                        <jcr:content
                            cq:lastReplicated="{Date}2021-11-09T04:49:24.157-06:00"
                            cq:lastReplicatedBy="Praveen.Vatchavayi@mercmarine.com"
                            cq:lastReplicationAction="Activate"
                            jcr:mixinTypes="[cq:ReplicationStatus]"
                            jcr:primaryType="nt:unstructured"/>
                    </policy_1636454874992>
                </breadcrumb>
            </content>
        </components>
    </ecomm-framework>
</jcr:root>
