<?xml version="1.0" encoding="UTF-8"?>
<jcr:root xmlns:sling="http://sling.apache.org/jcr/sling/1.0" xmlns:cq="http://www.day.com/jcr/cq/1.0" xmlns:jcr="http://www.jcp.org/jcr/1.0" xmlns:nt="http://www.jcp.org/jcr/nt/1.0"
    jcr:primaryType="nt:unstructured"
    jcr:title="Search Results Component"
    sling:resourceType="cq/gui/components/authoring/dialog">
    <content
        jcr:primaryType="nt:unstructured"
        sling:resourceType="granite/ui/components/coral/foundation/container">
        <items jcr:primaryType="nt:unstructured">
            <columns
                jcr:primaryType="nt:unstructured"
                sling:resourceType="granite/ui/components/coral/foundation/container">
                <items jcr:primaryType="nt:unstructured">
                    <image
                        jcr:primaryType="nt:unstructured"
                        sling:resourceType="granite/ui/components/foundation/form/pathbrowser"
                        fieldDescription="What should be the image  URL?"
                        fieldLabel="Image URL"
                        name="./fileReference"/>
                    <addtext
                        jcr:primaryType="nt:unstructured"
                        sling:resourceType="granite/ui/components/coral/foundation/form/textfield"
                        fieldDescription="Please enter alternate text"
                        fieldLabel="Alternate text"
                        name="./addText"/>
                    <previewimage
                        jcr:primaryType="nt:unstructured"
                        sling:resourceType="granite/ui/components/foundation/form/pathbrowser"
                        fieldDescription="What should be the preview image of the article"
                        fieldLabel="Preview Image URL"
                        name="./previewImage"/>
                    <itemsperpageselection
                        jcr:primaryType="nt:unstructured"
                        jcr:title="Lnguage Selection"
                        sling:resourceType="granite/ui/components/coral/foundation/form/multifield"
                        composite="{Boolean}true"
                        fieldDescription="Click &quot;Add Field&quot; to add the values for top navigation after login">
                        <field
                            jcr:primaryType="nt:unstructured"
                            sling:resourceType="granite/ui/components/foundation/form/fieldset"
                            name="./itemsPerPageSelection">
                            <items jcr:primaryType="nt:unstructured">
                                <column
                                    jcr:primaryType="nt:unstructured"
                                    sling:resourceType="granite/ui/components/coral/foundation/container">
                                    <items jcr:primaryType="nt:unstructured">
                                        <itemsperpage
                                            jcr:primaryType="nt:unstructured"
                                            sling:resourceType="granite/ui/components/foundation/form/textfield"
                                            fieldDescription="Please enter numeric values"
                                            fieldLabel="Items Per Page"
                                            name="./itemsPerPage"/>
                                    </items>
                                </column>
                            </items>
                        </field>
                    </itemsperpageselection>
                    <pdpurl
                        jcr:primaryType="nt:unstructured"
                        sling:resourceType="granite/ui/components/coral/foundation/form/pathfield"
                        fieldDescription="Please provide path for PDP."
                        fieldLabel="PDP URL"
                        name="./pdpurl"
                        rootPath="/content/ecommerce"/>
                    <url
                        jcr:primaryType="nt:unstructured"
                        sling:resourceType="granite/ui/components/foundation/form/textfield"
                        fieldDescription="Please provide URL for image not avialable."
                        fieldLabel="Image not available URL"
                        name="./imagenotavailableurl"/>
                </items>
            </columns>
        </items>
    </content>
</jcr:root>
