<?xml version="1.0" encoding="UTF-8"?>
<jcr:root xmlns:sling="http://sling.apache.org/jcr/sling/1.0" xmlns:cq="http://www.day.com/jcr/cq/1.0" xmlns:jcr="http://www.jcp.org/jcr/1.0" xmlns:mix="http://www.jcp.org/jcr/mix/1.0" xmlns:nt="http://www.jcp.org/jcr/nt/1.0"
    jcr:primaryType="cq:Page">
    <jcr:content
        cq:contextHubPath="/etc/cloudsettings/default/contexthub"
        cq:contextHubSegmentsPath="/etc/segmentation/contexthub"
        cq:lastModified="{Date}2022-08-30T00:47:42.255-05:00"
        cq:lastModifiedBy="Anusha.Pasupuleti@Brunswick.com"
        cq:lastReplicated="{Date}2022-08-30T00:47:54.542-05:00"
        cq:lastReplicatedBy="Anusha.Pasupuleti@Brunswick.com"
        cq:lastReplicationAction="Activate"
        cq:template="/conf/merclink/settings/wcm/templates/page-content"
        jcr:isCheckedOut="{Boolean}true"
        jcr:mixinTypes="[mix:versionable]"
        jcr:primaryType="cq:PageContent"
        jcr:title="News"
        jcr:uuid="97f8daab-4a28-4a62-98f7-7ccbbabf928c"
        sling:resourceType="merclink/components/structure/page">
        <root
            jcr:primaryType="nt:unstructured"
            sling:resourceType="merclink/components/container"
            layout="responsiveGrid">
            <container
                jcr:primaryType="nt:unstructured"
                sling:resourceType="merclink/components/container"
                layout="responsiveGrid">
                <title
                    jcr:primaryType="nt:unstructured"
                    sling:resourceType="merclink/components/content/title"/>
                <container
                    jcr:primaryType="nt:unstructured"
                    sling:resourceType="merclink/components/container"
                    layout="responsiveGrid">
                    <cstmbreadcrumb
                        jcr:created="{Date}2022-07-16T02:08:44.649-05:00"
                        jcr:createdBy="Abburi.Chowdary@Brunswick.com"
                        jcr:lastModified="{Date}2022-07-16T02:09:10.298-05:00"
                        jcr:lastModifiedBy="Abburi.Chowdary@Brunswick.com"
                        jcr:primaryType="nt:unstructured"
                        sling:resourceType="merclink/components/content/cstmbreadcrumb"
                        currentpagetitle="News">
                        <navItemList jcr:primaryType="nt:unstructured">
                            <item0
                                jcr:primaryType="nt:unstructured"
                                pagelabel="Home"
                                pagelink="/content/ecommerce/merclink/au/en/home.html"/>
                        </navItemList>
                    </cstmbreadcrumb>
                </container>
            </container>
        </root>
    </jcr:content>
    <current-news/>
    <P-ANews/>
    <ServiceNews/>
    <SalesNews/>
</jcr:root>
