<?xml version="1.0" encoding="UTF-8"?>
<jcr:root xmlns:sling="http://sling.apache.org/jcr/sling/1.0" xmlns:cq="http://www.day.com/jcr/cq/1.0" xmlns:jcr="http://www.jcp.org/jcr/1.0" xmlns:nt="http://www.jcp.org/jcr/nt/1.0"
    jcr:primaryType="nt:unstructured"
    jcr:title="Open Orders"
    sling:resourceType="cq/gui/components/authoring/dialog">
    <content
        jcr:primaryType="nt:unstructured"
        sling:resourceType="granite/ui/components/coral/foundation/fixedcolumns"
        margin="{Boolean}false">
        <items jcr:primaryType="nt:unstructured">
            <tabs
                jcr:primaryType="nt:unstructured"
                sling:resourceType="granite/ui/components/coral/foundation/tabs"
                maximized="{Boolean}true">
                <items jcr:primaryType="nt:unstructured">
                    <column
                        jcr:primaryType="nt:unstructured"
                        jcr:title="Page Details"
                        sling:resourceType="granite/ui/components/coral/foundation/container">
                        <items jcr:primaryType="nt:unstructured">
                            <title
                                jcr:primaryType="nt:unstructured"
                                sling:resourceType="granite/ui/components/coral/foundation/form/textfield"
                                fieldDescription="Enter the title of page"
                                fieldLabel="Page Title"
                                maxlength="20"
                                name="./title"/>
                            <exportOrder
                                jcr:primaryType="nt:unstructured"
                                sling:resourceType="granite/ui/components/coral/foundation/form/textfield"
                                fieldDescription="Please provide the label for export button"
                                fieldLabel="Export Button Label"
                                maxlength="20"
                                name="./exportOrder"/>
                            <exportBtnAnalytics
                                jcr:primaryType="nt:unstructured"
                                sling:resourceType="granite/ui/components/coral/foundation/form/textfield"
                                fieldDescription="Enter value for data-analytics attribute in export button"
                                emptyText="Enter value for data-analytics attribute in export button"
                                fieldLabel="Export Button data-analytics Value"
                                name="./exportBtnAnalytics"/>
                            <itemNumLink
                                jcr:primaryType="nt:unstructured"
                                sling:resourceType="granite/ui/components/coral/foundation/form/textfield"
                                fieldDescription="Please provide the link for item number"
                                fieldLabel="Link for Item Number"
                                name="./itemNumLink"/>
                        </items>
                    </column>
                    <column2
                        jcr:primaryType="nt:unstructured"
                        jcr:title="Search Filter "
                        sling:resourceType="granite/ui/components/coral/foundation/container">
                        <items jcr:primaryType="nt:unstructured">
                            <dateRange
                                jcr:primaryType="nt:unstructured"
                                sling:resourceType="granite/ui/components/coral/foundation/form/textfield"
                                fieldDescription="Please provide label for Order Date"
                                fieldLabel="Order Date Label"
                                maxlength="20"
                                name="./dateRange"/>
                            <creditHold
                                jcr:primaryType="nt:unstructured"
                                sling:resourceType="granite/ui/components/coral/foundation/form/textfield"
                                fieldDescription="Please provide label for Hold Orders filter"
                                fieldLabel="Hold Orders Label"
                                maxlength="30"
                                name="./creditHold"/>
                            <searchBtn
                                jcr:primaryType="nt:unstructured"
                                sling:resourceType="granite/ui/components/coral/foundation/form/textfield"
                                fieldDescription="Please provide label for search button"
                                fieldLabel="Search Button Label"
                                maxlength="30"
                                name="./searchBtn"/>
                            <resetBtn
                                jcr:primaryType="nt:unstructured"
                                sling:resourceType="granite/ui/components/coral/foundation/form/textfield"
                                fieldDescription="Please provide label for reset button"
                                fieldLabel="Reset Button Label"
                                maxlength="30"
                                name="./resetBtn"/> 
                        </items>
                    </column2>
                    <tableheadings
                        jcr:primaryType="nt:unstructured"
                        jcr:title="Table Headings"
                        sling:resourceType="granite/ui/components/coral/foundation/fixedcolumns">
                        <items jcr:primaryType="nt:unstructured">
                            <column
                                jcr:primaryType="nt:unstructured"
                                sling:resourceType="granite/ui/components/coral/foundation/container">
                                <items jcr:primaryType="nt:unstructured">
                                    <Col1heading
                                        jcr:primaryType="nt:unstructured"
                                        sling:resourceType="granite/ui/components/coral/foundation/form/textfield"
                                        fieldLabel="Column1 Heading"
                                        name="./col1"/>
                                    <Col2heading
                                        jcr:primaryType="nt:unstructured"
                                        sling:resourceType="granite/ui/components/coral/foundation/form/textfield"
                                        fieldLabel="Column2 Heading"
                                        name="./col2"/>
                                    <Col3heading
                                        jcr:primaryType="nt:unstructured"
                                        sling:resourceType="granite/ui/components/coral/foundation/form/textfield"
                                        fieldLabel="Column3 Heading"
                                        name="./col3"/>
                                    <Col4heading
                                        jcr:primaryType="nt:unstructured"
                                        sling:resourceType="granite/ui/components/coral/foundation/form/textfield"
                                        fieldLabel="Column4 Heading"
                                        name="./col4"/>
                                    <Col5heading
                                        jcr:primaryType="nt:unstructured"
                                        sling:resourceType="granite/ui/components/coral/foundation/form/textfield"
                                        fieldLabel="Column5 Heading"
                                        name="./col5"/>
                                    <Col6heading
                                        jcr:primaryType="nt:unstructured"
                                        sling:resourceType="granite/ui/components/coral/foundation/form/textfield"
                                        fieldLabel="Column6 Heading"
                                        name="./col6"/>
                                    <Col7heading
                                        jcr:primaryType="nt:unstructured"
                                        sling:resourceType="granite/ui/components/coral/foundation/form/textfield"
                                        fieldLabel="Column8 Heading"
                                        name="./col8"/>
                                    <Col8heading
                                        jcr:primaryType="nt:unstructured"
                                        sling:resourceType="granite/ui/components/coral/foundation/form/textfield"
                                        fieldLabel="Column9 Heading"
                                        name="./col9"/>
                                    <Col9heading
                                        jcr:primaryType="nt:unstructured"
                                        sling:resourceType="granite/ui/components/coral/foundation/form/textfield"
                                        fieldLabel="Column10 Heading"
                                        name="./col10"/>
                                    <Col10heading
                                        jcr:primaryType="nt:unstructured"
                                        sling:resourceType="granite/ui/components/coral/foundation/form/textfield"
                                        fieldLabel="Column11 Heading"
                                        name="./col11"/>
                                    <Col11heading
                                        jcr:primaryType="nt:unstructured"
                                        sling:resourceType="granite/ui/components/coral/foundation/form/textfield"
                                        fieldLabel="Column12 Heading"
                                        name="./col12"/>
                                </items>
                            </column>
                        </items>
                    </tableheadings>
                </items>
            </tabs>
        </items>
    </content>
</jcr:root>
