<?xml version="1.0" encoding="UTF-8"?>
<jcr:root xmlns:sling="http://sling.apache.org/jcr/sling/1.0" xmlns:cq="http://www.day.com/jcr/cq/1.0" xmlns:jcr="http://www.jcp.org/jcr/1.0" xmlns:nt="http://www.jcp.org/jcr/nt/1.0"
    jcr:primaryType="cq:Page">
    <jcr:content
        cq:lastModified="{Date}2022-02-28T12:14:12.595+05:30"
        cq:lastModifiedBy="admin"
        cq:template="/conf/delcity/settings/wcm/templates/delcity-generic-template"
        jcr:primaryType="cq:PageContent"
        jcr:title="How to Use a Wire Loom Tool for the Easiest Install"
        sling:resourceType="delcity/components/structure/page">
        <root
            jcr:primaryType="nt:unstructured"
            sling:resourceType="wcm/foundation/components/responsivegrid">
            <footer
                jcr:created="{Date}2021-06-21T14:21:52.357+05:30"
                jcr:createdBy="admin"
                jcr:lastModified="{Date}2022-02-01T17:04:20.028+05:30"
                jcr:lastModifiedBy="admin"
                jcr:primaryType="nt:unstructured"
                sling:resourceType="delcity/components/structure/footer"
                menutitle1="About Us"
                sendIcon="/content/dam/delcity/images/Icon-send@2x.png">
                <aboutus jcr:primaryType="nt:unstructured">
                    <item0
                        jcr:primaryType="nt:unstructured"
                        pagetitle="About Us"/>
                    <item1
                        jcr:primaryType="nt:unstructured"
                        pagetitle="Contact Us"/>
                    <item2
                        jcr:primaryType="nt:unstructured"
                        pagetitle="FAQs"/>
                </aboutus>
            </footer>
            <responsivegrid
                jcr:created="{Date}2021-06-21T14:21:44.042+05:30"
                jcr:createdBy="admin"
                jcr:lastModified="{Date}2022-02-01T17:04:38.578+05:30"
                jcr:lastModifiedBy="admin"
                jcr:primaryType="nt:unstructured"
                sling:resourceType="wcm/foundation/components/responsivegrid">
                <blogteaser_copy_copy
                    jcr:created="{Date}2022-02-23T15:55:01.820+05:30"
                    jcr:createdBy="admin"
                    jcr:lastModified="{Date}2022-02-28T12:14:12.590+05:30"
                    jcr:lastModifiedBy="admin"
                    jcr:primaryType="nt:unstructured"
                    sling:resourceType="ecomm-framework/components/content/blogteaser"
                    authoringDate="December 04, 2015"
                    authorName="Kelsey Scherf"
                    blogImage="/content/dam/delcity/images/blogs/image-not-available-image.png"
                    selectBrand="DC"
                    teaserHeader="How to Use a Wire Loom Tool for the Easiest Install">
                    <cq:responsive jcr:primaryType="nt:unstructured">
                        <default
                            jcr:primaryType="nt:unstructured"
                            offset="0"
                            width="12"/>
                    </cq:responsive>
                    <categoryList jcr:primaryType="nt:unstructured">
                        <item0
                            jcr:primaryType="nt:unstructured"
                            delcitycategories="Hand Tools &amp; Testers"/>
                        <item1
                            jcr:primaryType="nt:unstructured"
                            delcitycategories="Loom &amp; Loom Clamps"/>
                    </categoryList>
                </blogteaser_copy_copy>
                <embed
                    jcr:created="{Date}2022-02-25T12:44:56.581+05:30"
                    jcr:createdBy="admin"
                    jcr:lastModified="{Date}2022-02-25T12:45:26.641+05:30"
                    jcr:lastModifiedBy="admin"
                    jcr:primaryType="nt:unstructured"
                    sling:resourceType="ecomm-framework/components/content/embed"
                    html="&lt;iframe width=&quot;425&quot; height=&quot;350&quot; src=&quot;https://www.youtube.com/embed/wtycPTqURtk&quot; title=&quot;YouTube video player&quot; frameborder=&quot;0&quot; allow=&quot;accelerometer; autoplay; clipboard-write; encrypted-media; gyroscope; picture-in-picture&quot; allowfullscreen>&lt;/iframe>"
                    type="html">
                    <cq:responsive jcr:primaryType="nt:unstructured">
                        <default
                            jcr:primaryType="nt:unstructured"
                            offset="3"
                            width="4"/>
                    </cq:responsive>
                </embed>
                <text_copy_copy_copy_
                    jcr:created="{Date}2022-02-23T16:17:50.335+05:30"
                    jcr:createdBy="admin"
                    jcr:lastModified="{Date}2022-02-25T12:44:13.095+05:30"
                    jcr:lastModifiedBy="admin"
                    jcr:primaryType="nt:unstructured"
                    sling:resourceType="delcity/components/content/text"
                    text="&lt;p>Installing wire loom around a wire harness can be a pain. No matter what your application, using a&amp;nbsp;&lt;a href=&quot;http://www.delcity.net/store/Wire-Loom-Tool/p_793214.h_793215.t_1&quot;>wire loom tool&lt;/a>&amp;nbsp;like this loom insertion tool can make the process much save time&amp;nbsp;&lt;i>and&lt;/i>&amp;nbsp;frustration by how easy it is to use.&amp;nbsp;&lt;/p>&#xd;&#xa;&lt;p>Watch the video below to learn how to use this tool in just a few simple steps!&lt;/p>&#xd;&#xa;"
                    textIsRich="true">
                    <cq:responsive jcr:primaryType="nt:unstructured">
                        <default
                            jcr:primaryType="nt:unstructured"
                            offset="0"
                            width="11"/>
                    </cq:responsive>
                </text_copy_copy_copy_>
                <text_2008467253_copy
                    jcr:created="{Date}2022-02-25T08:06:40.583+05:30"
                    jcr:createdBy="admin"
                    jcr:lastModified="{Date}2022-02-25T12:44:24.721+05:30"
                    jcr:lastModifiedBy="admin"
                    jcr:primaryType="nt:unstructured"
                    sling:resourceType="delcity/components/content/text"
                    text="&lt;h6>Posted in&amp;nbsp;&lt;a href=&quot;https://blog.delcity.net/category/hand-tools-testers/&quot;>Hand Tools &amp;amp; Testers&lt;/a>,&amp;nbsp;&lt;a href=&quot;https://blog.delcity.net/category/loom-loom-clamps/&quot;>Loom &amp;amp; Loom Clamps&lt;/a>.&lt;/h6>&#xd;&#xa;"
                    textIsRich="true">
                    <cq:responsive jcr:primaryType="nt:unstructured">
                        <default
                            jcr:primaryType="nt:unstructured"
                            offset="0"
                            width="10"/>
                    </cq:responsive>
                </text_2008467253_copy>
                <separator_copy_copy
                    jcr:created="{Date}2022-02-25T08:07:52.400+05:30"
                    jcr:createdBy="admin"
                    jcr:lastModified="{Date}2022-02-25T08:07:52.400+05:30"
                    jcr:lastModifiedBy="admin"
                    jcr:primaryType="nt:unstructured"
                    sling:resourceType="ecomm-framework/components/content/separator">
                    <cq:responsive jcr:primaryType="nt:unstructured">
                        <default
                            jcr:primaryType="nt:unstructured"
                            offset="0"
                            width="12"/>
                    </cq:responsive>
                </separator_copy_copy>
                <button_copy_copy_cop
                    jcr:created="{Date}2022-02-23T16:27:11.256+05:30"
                    jcr:createdBy="admin"
                    jcr:lastModified="{Date}2022-02-25T12:46:10.288+05:30"
                    jcr:lastModifiedBy="admin"
                    jcr:primaryType="nt:unstructured"
                    jcr:title=" New Product Announcement: 3/8″ Stud…"
                    sling:resourceType="ecomm-framework/components/content/button"
                    icon="&lt;---"
                    link="https://blog.delcity.net/new-product-announcement-3-8-stud-hi-amp-circuit-breakers/">
                    <cq:responsive jcr:primaryType="nt:unstructured">
                        <default
                            jcr:primaryType="nt:unstructured"
                            offset="1"
                            width="3"/>
                    </cq:responsive>
                </button_copy_copy_cop>
                <button_copy_copy_cop_463384578
                    jcr:created="{Date}2022-02-23T16:27:11.256+05:30"
                    jcr:createdBy="admin"
                    jcr:lastModified="{Date}2022-02-25T12:46:34.757+05:30"
                    jcr:lastModifiedBy="admin"
                    jcr:primaryType="nt:unstructured"
                    jcr:title="Why Should You Choose Painless… "
                    sling:resourceType="ecomm-framework/components/content/button"
                    icon="--->"
                    link="https://blog.delcity.net/why-should-you-choose-painless-performance-wire-harnesses/">
                    <cq:responsive jcr:primaryType="nt:unstructured">
                        <default
                            jcr:primaryType="nt:unstructured"
                            offset="4"
                            width="3"/>
                    </cq:responsive>
                </button_copy_copy_cop_463384578>
            </responsivegrid>
        </root>
    </jcr:content>
</jcr:root>
