<?xml version="1.0" encoding="UTF-8"?>
<jcr:root xmlns:sling="http://sling.apache.org/jcr/sling/1.0" xmlns:cq="http://www.day.com/jcr/cq/1.0" xmlns:jcr="http://www.jcp.org/jcr/1.0" xmlns:mix="http://www.jcp.org/jcr/mix/1.0" xmlns:nt="http://www.jcp.org/jcr/nt/1.0"
    jcr:primaryType="cq:Page">
    <jcr:content
        cq:lastModified="{Date}2022-03-04T03:55:48.168-06:00"
        cq:lastModifiedBy="Anagha.Dwajan@mercmarine.com"
        cq:template="/conf/delcity/settings/wcm/templates/delcity-generic-template"
        jcr:isCheckedOut="{Boolean}true"
        jcr:mixinTypes="[mix:versionable]"
        jcr:primaryType="cq:PageContent"
        jcr:title="Del City’s Marine Catalog"
        jcr:uuid="30500092-c275-409f-a652-6c5b3523fa36"
        sling:resourceType="delcity/components/structure/page">
        <root
            jcr:primaryType="nt:unstructured"
            sling:resourceType="wcm/foundation/components/responsivegrid">
            <footer
                jcr:created="{Date}2021-06-21T14:21:52.357+05:30"
                jcr:createdBy="admin"
                jcr:lastModified="{Date}2022-02-01T17:04:20.028+05:30"
                jcr:lastModifiedBy="admin"
                jcr:primaryType="nt:unstructured"
                sling:resourceType="delcity/components/structure/footer"
                menutitle1="About Us"
                sendIcon="/content/dam/delcity/images/Icon-send@2x.png">
                <aboutus jcr:primaryType="nt:unstructured">
                    <item0
                        jcr:primaryType="nt:unstructured"
                        pagetitle="About Us"/>
                    <item1
                        jcr:primaryType="nt:unstructured"
                        pagetitle="Contact Us"/>
                    <item2
                        jcr:primaryType="nt:unstructured"
                        pagetitle="FAQs"/>
                </aboutus>
            </footer>
            <responsivegrid
                jcr:created="{Date}2021-06-21T14:21:44.042+05:30"
                jcr:createdBy="admin"
                jcr:lastModified="{Date}2022-02-01T17:04:38.578+05:30"
                jcr:lastModifiedBy="admin"
                jcr:primaryType="nt:unstructured"
                sling:resourceType="wcm/foundation/components/responsivegrid">
                <blogteaser
                    jcr:created="{Date}2022-02-21T15:39:43.812+05:30"
                    jcr:createdBy="admin"
                    jcr:lastModified="{Date}2022-02-21T15:41:04.971+05:30"
                    jcr:lastModifiedBy="admin"
                    jcr:primaryType="nt:unstructured"
                    sling:resourceType="ecomm-framework/components/content/blogteaser"
                    authoringDate="March 20, 2019"
                    authorName="Kelsey Scherf"
                    blogImage="/content/dam/delcity/images/blogs/image-not-available-image.png"
                    selectBrand="DC"
                    teaserHeader="Del City’s Marine Catalog">
                    <categoryList jcr:primaryType="nt:unstructured">
                        <item0
                            jcr:primaryType="nt:unstructured"
                            delcitycategories="Marine"/>
                    </categoryList>
                </blogteaser>
                <responsivegrid
                    jcr:created="{Date}2022-02-21T15:39:35.031+05:30"
                    jcr:createdBy="admin"
                    jcr:lastModified="{Date}2022-02-21T15:39:35.031+05:30"
                    jcr:lastModifiedBy="admin"
                    jcr:primaryType="nt:unstructured"
                    sling:resourceType="wcm/foundation/components/responsivegrid">
                    <cq:responsive jcr:primaryType="nt:unstructured"/>
                    <image
                        jcr:created="{Date}2022-03-01T12:09:38.111+05:30"
                        jcr:createdBy="admin"
                        jcr:lastModified="{Date}2022-03-01T12:09:38.111+05:30"
                        jcr:lastModifiedBy="admin"
                        jcr:primaryType="nt:unstructured"
                        sling:resourceType="ecomm-framework/components/content/image"
                        altValueFromDAM="true"
                        displayPopupTitle="true"
                        fileReference="/content/dam/delcity/images/blogs/Marine-Mini-Catalog-2018-digital.jpg"
                        isDecorative="false"
                        titleValueFromDAM="true">
                        <cq:responsive jcr:primaryType="nt:unstructured">
                            <default
                                jcr:primaryType="nt:unstructured"
                                offset="4"
                                width="4"/>
                        </cq:responsive>
                    </image>
                    <text
                        cq:styleIds="[1629979540972]"
                        jcr:created="{Date}2022-02-21T15:45:45.467+05:30"
                        jcr:createdBy="admin"
                        jcr:lastModified="{Date}2022-02-21T15:50:28.607+05:30"
                        jcr:lastModifiedBy="admin"
                        jcr:primaryType="nt:unstructured"
                        sling:resourceType="delcity/components/content/text"
                        text="&lt;p>Del City is proud to offer products that fit to all type of marine applications. We created a catalog to showcase these items for ease of use and to make sure you find the right product for you. Check it out&amp;nbsp;&lt;a href=&quot;http://blog.delcity.net/wp-content/uploads/2019/03/Marine-Mini-Catalog-2018-digital.pdf&quot;>here!&lt;/a>&lt;/p>&#xd;&#xa;&lt;p>&amp;nbsp;&lt;/p>&#xd;&#xa;&lt;h6>&amp;nbsp; &amp;nbsp; &amp;nbsp; &amp;nbsp;Posted in&amp;nbsp;&lt;a href=&quot;https://blog.delcity.net/category/marine/&quot;>Marine&lt;/a>.&lt;/h6>&#xd;&#xa;&lt;h6>&amp;nbsp;&lt;/h6>&#xd;&#xa;"
                        textIsRich="true"/>
                    <separator
                        jcr:created="{Date}2022-02-21T15:47:36.488+05:30"
                        jcr:createdBy="admin"
                        jcr:lastModified="{Date}2022-02-21T15:47:36.488+05:30"
                        jcr:lastModifiedBy="admin"
                        jcr:primaryType="nt:unstructured"
                        sling:resourceType="ecomm-framework/components/content/separator"/>
                    <button
                        jcr:created="{Date}2022-02-21T15:47:44.436+05:30"
                        jcr:createdBy="admin"
                        jcr:lastModified="{Date}2022-02-21T15:48:58.342+05:30"
                        jcr:lastModifiedBy="admin"
                        jcr:primaryType="nt:unstructured"
                        jcr:title="Del City Lowers All Wire Prices"
                        sling:resourceType="ecomm-framework/components/content/button"
                        link="https://blog.delcity.net/del-city-lowers-all-wire-prices/">
                        <cq:responsive jcr:primaryType="nt:unstructured">
                            <default
                                jcr:primaryType="nt:unstructured"
                                offset="1"
                                width="3"/>
                        </cq:responsive>
                    </button>
                    <button_1084884002
                        jcr:created="{Date}2022-02-21T15:47:49.759+05:30"
                        jcr:createdBy="admin"
                        jcr:lastModified="{Date}2022-02-21T15:49:23.941+05:30"
                        jcr:lastModifiedBy="admin"
                        jcr:primaryType="nt:unstructured"
                        jcr:title="Del City Adds HellermannTyton Cable Ties"
                        sling:resourceType="ecomm-framework/components/content/button"
                        link="https://blog.delcity.net/del-city-adds-hellermanntyton-cable-ties-to-product-lineup/">
                        <cq:responsive jcr:primaryType="nt:unstructured">
                            <default
                                jcr:primaryType="nt:unstructured"
                                offset="3"
                                width="5"/>
                        </cq:responsive>
                    </button_1084884002>
                </responsivegrid>
            </responsivegrid>
        </root>
    </jcr:content>
</jcr:root>
