<?xml version="1.0" encoding="UTF-8"?>
<jcr:root xmlns:sling="http://sling.apache.org/jcr/sling/1.0" xmlns:cq="http://www.day.com/jcr/cq/1.0" xmlns:jcr="http://www.jcp.org/jcr/1.0" xmlns:nt="http://www.jcp.org/jcr/nt/1.0"
    jcr:primaryType="nt:unstructured"
    jcr:title="News Section Component"
    sling:resourceType="cq/gui/components/authoring/dialog">
    <content
        jcr:primaryType="nt:unstructured"
        sling:resourceType="granite/ui/components/coral/foundation/container">
        <items jcr:primaryType="nt:unstructured">
            <tabs
                jcr:primaryType="nt:unstructured"
                sling:resourceType="granite/ui/components/coral/foundation/tabs">
                <items jcr:primaryType="nt:unstructured">
                    <newssection
                        jcr:primaryType="nt:unstructured"
                        jcr:title="Current News"
                        sling:resourceType="granite/ui/components/coral/foundation/fixedcolumns"
                        margin="{Boolean}true">
                        <items jcr:primaryType="nt:unstructured">
                            <column
                                jcr:primaryType="nt:unstructured"
                                sling:resourceType="granite/ui/components/coral/foundation/container">
                                <items jcr:primaryType="nt:unstructured">
                                    <newssectionheading
                                        jcr:primaryType="nt:unstructured"
                                        sling:resourceType="granite/ui/components/foundation/form/textfield"
                                        fieldDescription="Please enter news section heading"
                                        fieldLabel="News Section Heading"
                                        name="./newssectionheading"/>
                                    <seealllabel
                                        jcr:primaryType="nt:unstructured"
                                        sling:resourceType="granite/ui/components/foundation/form/textfield"
                                        fieldDescription="Please enter see all label"
                                        fieldLabel="See All Label"
                                        name="./seealllabel"/>
                                    <seealllink
                                        jcr:primaryType="nt:unstructured"
                                        sling:resourceType="granite/ui/components/coral/foundation/form/pathfield"
                                        fieldDescription="Please enter see all link"
                                        fieldLabel="See All link"
                                        name="./seealllink"/>
                                </items>
                            </column>
                        </items>
                    </newssection>
                    <p_x0026_anews
                        jcr:primaryType="nt:unstructured"
                        jcr:title="P&amp;A News"
                        sling:resourceType="granite/ui/components/coral/foundation/fixedcolumns"
                        margin="{Boolean}true">
                        <items jcr:primaryType="nt:unstructured">
                            <column
                                jcr:primaryType="nt:unstructured"
                                sling:resourceType="granite/ui/components/coral/foundation/container">
                                <items jcr:primaryType="nt:unstructured">
                                    <newssectionheading
                                        jcr:primaryType="nt:unstructured"
                                        sling:resourceType="granite/ui/components/foundation/form/textfield"
                                        fieldDescription="Please enter news section heading"
                                        fieldLabel="News Section Heading"
                                        name="./newssectionheading1"/>
                                    <seealllabel
                                        jcr:primaryType="nt:unstructured"
                                        sling:resourceType="granite/ui/components/foundation/form/textfield"
                                        fieldDescription="Please enter see all label"
                                        fieldLabel="See All Label"
                                        name="./seealllabel1"/>
                                    <seealllink
                                        jcr:primaryType="nt:unstructured"
                                        sling:resourceType="granite/ui/components/coral/foundation/form/pathfield"
                                        fieldDescription="Please enter see all link"
                                        fieldLabel="See All link1"
                                        name="./seealllink1"/>
                                </items>
                            </column>
                        </items>
                    </p_x0026_anews>
                    <servicenews
                        jcr:primaryType="nt:unstructured"
                        jcr:title="Service News"
                        sling:resourceType="granite/ui/components/coral/foundation/fixedcolumns"
                        margin="{Boolean}true">
                        <items jcr:primaryType="nt:unstructured">
                            <column
                                jcr:primaryType="nt:unstructured"
                                sling:resourceType="granite/ui/components/coral/foundation/container">
                                <items jcr:primaryType="nt:unstructured">
                                    <newssectionheading
                                        jcr:primaryType="nt:unstructured"
                                        sling:resourceType="granite/ui/components/foundation/form/textfield"
                                        fieldDescription="Please enter news section heading"
                                        fieldLabel="News Section Heading"
                                        name="./newssectionheading2"/>
                                    <seealllabel
                                        jcr:primaryType="nt:unstructured"
                                        sling:resourceType="granite/ui/components/foundation/form/textfield"
                                        fieldDescription="Please enter see all label"
                                        fieldLabel="See All Label"
                                        name="./seealllabel2"/>
                                    <seealllink
                                        jcr:primaryType="nt:unstructured"
                                        sling:resourceType="granite/ui/components/coral/foundation/form/pathfield"
                                        fieldDescription="Please enter see all link"
                                        fieldLabel="See All link"
                                        name="./seealllink2"/>
                                </items>
                            </column>
                        </items>
                    </servicenews>
                    <salesnews
                        jcr:primaryType="nt:unstructured"
                        jcr:title="Sales News"
                        sling:resourceType="granite/ui/components/coral/foundation/fixedcolumns"
                        margin="{Boolean}true">
                        <items jcr:primaryType="nt:unstructured">
                            <column
                                jcr:primaryType="nt:unstructured"
                                sling:resourceType="granite/ui/components/coral/foundation/container">
                                <items jcr:primaryType="nt:unstructured">
                                    <newssectionheading
                                        jcr:primaryType="nt:unstructured"
                                        sling:resourceType="granite/ui/components/foundation/form/textfield"
                                        fieldDescription="Please enter news section heading"
                                        fieldLabel="News Section Heading"
                                        name="./newssectionheading3"/>
                                    <seealllabel
                                        jcr:primaryType="nt:unstructured"
                                        sling:resourceType="granite/ui/components/foundation/form/textfield"
                                        fieldDescription="Please enter see all label"
                                        fieldLabel="See All Label"
                                        name="./seealllabel3"/>
                                    <seealllink
                                        jcr:primaryType="nt:unstructured"
                                        sling:resourceType="granite/ui/components/coral/foundation/form/pathfield"
                                        fieldDescription="Please enter see all link"
                                        fieldLabel="See All link"
                                        name="./seealllink3"/>
                                </items>
                            </column>
                        </items>
                    </salesnews>
                </items>
            </tabs>
        </items>
    </content>
</jcr:root>
