<?xml version="1.0" encoding="UTF-8"?>
<jcr:root xmlns:sling="http://sling.apache.org/jcr/sling/1.0" xmlns:cq="http://www.day.com/jcr/cq/1.0" xmlns:jcr="http://www.jcp.org/jcr/1.0" xmlns:nt="http://www.jcp.org/jcr/nt/1.0"
    jcr:primaryType="cq:Page">
    <jcr:content
        cq:lastModified="{Date}2022-03-04T07:08:07.333-06:00"
        cq:lastModifiedBy="Anagha.Dwajan@mercmarine.com"
        cq:template="/conf/delcity/settings/wcm/templates/delcity-generic-template"
        jcr:primaryType="cq:PageContent"
        jcr:title="Choosing the Right Electrical Wire for Your Install"
        sling:resourceType="delcity/components/structure/page">
        <root
            jcr:primaryType="nt:unstructured"
            sling:resourceType="wcm/foundation/components/responsivegrid">
            <footer
                jcr:created="{Date}2021-06-21T14:21:52.357+05:30"
                jcr:createdBy="admin"
                jcr:lastModified="{Date}2022-02-01T17:04:20.028+05:30"
                jcr:lastModifiedBy="admin"
                jcr:primaryType="nt:unstructured"
                sling:resourceType="delcity/components/structure/footer"
                menutitle1="About Us"
                sendIcon="/content/dam/delcity/images/Icon-send@2x.png">
                <aboutus jcr:primaryType="nt:unstructured">
                    <item0
                        jcr:primaryType="nt:unstructured"
                        pagetitle="About Us"/>
                    <item1
                        jcr:primaryType="nt:unstructured"
                        pagetitle="Contact Us"/>
                    <item2
                        jcr:primaryType="nt:unstructured"
                        pagetitle="FAQs"/>
                </aboutus>
            </footer>
            <responsivegrid
                jcr:created="{Date}2021-06-21T14:21:44.042+05:30"
                jcr:createdBy="admin"
                jcr:lastModified="{Date}2022-02-01T17:04:38.578+05:30"
                jcr:lastModifiedBy="admin"
                jcr:primaryType="nt:unstructured"
                sling:resourceType="wcm/foundation/components/responsivegrid">
                <blogteaser
                    jcr:created="{Date}2022-02-21T16:31:13.813+05:30"
                    jcr:createdBy="admin"
                    jcr:lastModified="{Date}2022-03-04T07:08:07.323-06:00"
                    jcr:lastModifiedBy="Anagha.Dwajan@mercmarine.com"
                    jcr:primaryType="nt:unstructured"
                    sling:resourceType="ecomm-framework/components/content/blogteaser"
                    authoringDate="July 12, 2016"
                    authorName="Kelsey Scherf"
                    blogImage="/content/dam/delcity/images/blogs/image-not-available-image.png"
                    selectBrand="DC"
                    teaserHeader="Choosing the Right Electrical Wire for YourInstall">
                    <cq:responsive jcr:primaryType="nt:unstructured">
                        <default
                            jcr:primaryType="nt:unstructured"
                            offset="0"
                            width="12"/>
                    </cq:responsive>
                    <categoryList jcr:primaryType="nt:unstructured">
                        <item0
                            jcr:primaryType="nt:unstructured"
                            delcitycategories="How-To"/>
                        <item1
                            jcr:primaryType="nt:unstructured"
                            delcitycategories="Wire &amp; Cable"/>
                    </categoryList>
                </blogteaser>
                <text
                    jcr:created="{Date}2022-02-21T16:35:46.843+05:30"
                    jcr:createdBy="admin"
                    jcr:lastModified="{Date}2022-02-21T16:35:54.050+05:30"
                    jcr:lastModifiedBy="admin"
                    jcr:primaryType="nt:unstructured"
                    sling:resourceType="delcity/components/content/text"
                    text="&lt;p>So much of our world runs on electricity. What would we do without it? The types of electrical wire vary based on what the end application is. In our world at Del City, it’s all about automotive&amp;nbsp;&lt;a href=&quot;http://www.delcity.net/store/Wire-&amp;amp;-Cable/&quot;>electrical wire&lt;/a>. However, there are many types of electrical wire that fall into the realm of automotive electrical wire. Much of this depends on, again, the application and the environment.&lt;/p>&#xd;&#xa;"
                    textIsRich="true">
                    <cq:responsive jcr:primaryType="nt:unstructured">
                        <default
                            jcr:primaryType="nt:unstructured"
                            offset="0"
                            width="11"/>
                    </cq:responsive>
                </text>
                <image
                    jcr:created="{Date}2022-02-21T16:36:06.888+05:30"
                    jcr:createdBy="admin"
                    jcr:lastModified="{Date}2022-02-21T16:36:24.611+05:30"
                    jcr:lastModifiedBy="admin"
                    jcr:primaryType="nt:unstructured"
                    sling:resourceType="ecomm-framework/components/content/image"
                    altValueFromDAM="false"
                    displayPopupTitle="true"
                    fileReference="/content/dam/delcity/images/blogs/image-not-available-image.png"
                    isDecorative="false"
                    titleValueFromDAM="false">
                    <cq:responsive jcr:primaryType="nt:unstructured">
                        <default
                            jcr:primaryType="nt:unstructured"
                            offset="3"
                            width="6"/>
                    </cq:responsive>
                </image>
                <text_549955760
                    jcr:created="{Date}2022-02-21T16:42:08.158+05:30"
                    jcr:createdBy="admin"
                    jcr:lastModified="{Date}2022-02-21T17:16:49.579+05:30"
                    jcr:lastModifiedBy="admin"
                    jcr:primaryType="nt:unstructured"
                    sling:resourceType="delcity/components/content/text"
                    text="&lt;p>In the past I would often get questions about the different types of electric wire and finding the right fit for a particular application. While all applications are different, there are some basic things to know about electrical wire when deciding which wire is the best for your application.&lt;/p>&#xd;&#xa;&lt;p>&lt;b>Stranded vs Solid&lt;/b>&lt;/p>&#xd;&#xa;&lt;p>Solid wiring is most commonly used for construction and building. It can also be used in electronics when you get down to the really small gauge sizes.&lt;/p>&#xd;&#xa;&lt;p>Stranded wire, on the other hand, is what is most commonly found in automotive applications, and is what Del City carries. Stranded options include 8 gauge wire, 10 gauge wire, 12 gauge wire, 14 gauge wire, 16 gauge wire, 18 gauge wire, and 20 gauge wire. Anything larger than 8 gauge is actually considered cable. Stranded wire offerings include primary wire, parallel wire, cross-link wire, marine wire, speaker wire, and RVI hook-up wire. The smallest wire offered here is &lt;a href=&quot;http://www.delcity.net/store/20-Gauge-Wire/p_181397&quot;>20 gauge wire&lt;/a>, and comes in &lt;a href=&quot;http://www.delcity.net/store/Primary-Wire/p_360&quot;>primary wire&lt;/a>. Primary wire, one of the most common types of stranded wire, is also available in &lt;a href=&quot;http://www.delcity.net/store/18-Gauge-Wire/p_181398&quot;>18 gauge wire&lt;/a>, &lt;a href=&quot;http://www.delcity.net/store/16-Gauge-Wire/p_181399&quot;>16 gauge wire&lt;/a>, &lt;a href=&quot;http://www.delcity.net/store/14-Gauge-Wire/p_181400&quot;>14 gauge wire&lt;/a>, &lt;a href=&quot;http://www.delcity.net/store/12-Gauge-Wire/p_181401&quot;>12 gauge wire&lt;/a>, &lt;a href=&quot;http://www.delcity.net/store/10-Gauge-Wire/p_181402&quot;>10 gauge wire&lt;/a>, and &lt;a href=&quot;http://www.delcity.net/store/8-Gauge-Wire/p_181403&quot;>8 gauge wire&lt;/a>. The other types of stranded wire offered begin with 18 gauge and go up to 8 gauge, depending on the type.&lt;/p>&#xd;&#xa;&lt;p>&lt;b>Voltage &amp;amp; Ampacity&lt;/b>&lt;/p>&#xd;&#xa;&lt;p>Considering voltage is critical when choosing electrical wire, and what the circuit is operating will determine the voltage required. Ampacity required determines on the size of the wire and the run. Take a look at this wire gauge chart below for a closer look at how voltage and ampacity relate in 12V systems&lt;/p>&#xd;&#xa;"
                    textIsRich="true">
                    <cq:responsive jcr:primaryType="nt:unstructured">
                        <default
                            jcr:primaryType="nt:unstructured"
                            offset="0"
                            width="11"/>
                    </cq:responsive>
                </text_549955760>
                <image_306793241
                    jcr:created="{Date}2022-02-21T16:42:41.864+05:30"
                    jcr:createdBy="admin"
                    jcr:lastModified="{Date}2022-02-21T16:43:50.948+05:30"
                    jcr:lastModifiedBy="admin"
                    jcr:primaryType="nt:unstructured"
                    sling:resourceType="ecomm-framework/components/content/image"
                    displayPopupTitle="true"
                    fileReference="/content/dam/delcity/images/blogs/image-not-available-image.png"
                    isDecorative="true"
                    titleValueFromDAM="true">
                    <cq:responsive jcr:primaryType="nt:unstructured">
                        <default
                            jcr:primaryType="nt:unstructured"
                            offset="4"
                            width="5"/>
                    </cq:responsive>
                </image_306793241>
                <text_1228915973
                    jcr:created="{Date}2022-02-21T16:45:43.539+05:30"
                    jcr:createdBy="admin"
                    jcr:lastModified="{Date}2022-02-21T17:15:43.474+05:30"
                    jcr:lastModifiedBy="admin"
                    jcr:primaryType="nt:unstructured"
                    sling:resourceType="ecomm-framework/components/content/text"
                    text="&lt;p>&lt;b>Insulation&lt;/b>&lt;/p>&#xd;&#xa;&lt;p>Types of insulation vary by the type of electrical wire. Often times insulation will vary to alter performance in certain environmental conditions, or to make the wire easier to work with. The differences in wire insulation come from variations of polymer structures.&lt;/p>&#xd;&#xa;&lt;p>Most of the stranded wire offering at Del City has PVC insulation, however, there are others like the cross-link wire with Cross-Linked Polyethylene and thermoplastic. There are also three types of cross-link wire with varying insulation thickness.&lt;/p>&#xd;&#xa;&lt;p>Once you’ve determined the voltage, ampacity, and insulation for your wire, it’s time to consider other things such as temperature ratings and certifications. Our &lt;b>Advanced Electrical Wire Chart&lt;/b> walks through many of these more in depth specifications to help guide you.&lt;/p>&#xd;&#xa;"
                    textIsRich="true">
                    <cq:responsive jcr:primaryType="nt:unstructured">
                        <default
                            jcr:primaryType="nt:unstructured"
                            offset="1"
                            width="10"/>
                    </cq:responsive>
                </text_1228915973>
                <text_1850297186
                    jcr:created="{Date}2022-02-21T17:10:02.521+05:30"
                    jcr:createdBy="admin"
                    jcr:lastModified="{Date}2022-02-21T17:17:46.249+05:30"
                    jcr:lastModifiedBy="admin"
                    jcr:primaryType="nt:unstructured"
                    sling:resourceType="delcity/components/content/text"
                    text="&lt;h6 style=&quot;margin-left: 80px;&quot;>Posted in&amp;nbsp;&lt;a href=&quot;https://blog.delcity.net/category/how-to/&quot;>How To&lt;/a>,&amp;nbsp;&lt;a href=&quot;https://blog.delcity.net/category/wire-cable/&quot;>Wire &amp;amp; Cable&lt;/a>.&lt;/h6>&#xd;&#xa;"
                    textIsRich="true">
                    <cq:responsive jcr:primaryType="nt:unstructured">
                        <default
                            jcr:primaryType="nt:unstructured"
                            offset="0"
                            width="11"/>
                    </cq:responsive>
                </text_1850297186>
                <separator
                    jcr:created="{Date}2022-02-21T17:10:36.585+05:30"
                    jcr:createdBy="admin"
                    jcr:lastModified="{Date}2022-02-21T17:10:36.585+05:30"
                    jcr:lastModifiedBy="admin"
                    jcr:primaryType="nt:unstructured"
                    sling:resourceType="ecomm-framework/components/content/separator"/>
                <button
                    jcr:created="{Date}2022-02-21T17:10:43.441+05:30"
                    jcr:createdBy="admin"
                    jcr:lastModified="{Date}2022-02-21T17:11:29.016+05:30"
                    jcr:lastModifiedBy="admin"
                    jcr:primaryType="nt:unstructured"
                    jcr:title="Choosing The Perfect Auto Meter Gauge"
                    sling:resourceType="ecomm-framework/components/content/button"
                    icon="&lt;---"
                    link="https://blog.delcity.net/choosing-the-perfect-auto-meter-gauge/">
                    <cq:responsive jcr:primaryType="nt:unstructured">
                        <default
                            jcr:primaryType="nt:unstructured"
                            offset="1"
                            width="3"/>
                    </cq:responsive>
                </button>
                <button_1925440635
                    jcr:created="{Date}2022-02-21T17:11:35.330+05:30"
                    jcr:createdBy="admin"
                    jcr:lastModified="{Date}2022-02-21T17:12:12.832+05:30"
                    jcr:lastModifiedBy="admin"
                    jcr:primaryType="nt:unstructured"
                    jcr:title="Benefits of Automotive LED Replacement… "
                    sling:resourceType="ecomm-framework/components/content/button"
                    icon="--->"
                    link="https://blog.delcity.net/benefits-of-automotive-led-replacement-bulbs/">
                    <cq:responsive jcr:primaryType="nt:unstructured">
                        <default
                            jcr:primaryType="nt:unstructured"
                            offset="4"
                            width="3"/>
                    </cq:responsive>
                </button_1925440635>
            </responsivegrid>
        </root>
    </jcr:content>
</jcr:root>
