<?xml version="1.0" encoding="UTF-8"?>
<jcr:root xmlns:sling="http://sling.apache.org/jcr/sling/1.0" xmlns:cq="http://www.day.com/jcr/cq/1.0" xmlns:jcr="http://www.jcp.org/jcr/1.0" xmlns:nt="http://www.jcp.org/jcr/nt/1.0"
    jcr:primaryType="cq:Page">
    <jcr:content
        cq:lastModified="{Date}2022-02-22T16:49:07.912+05:30"
        cq:lastModifiedBy="admin"
        cq:template="/conf/delcity/settings/wcm/templates/delcity-generic-template"
        jcr:primaryType="cq:PageContent"
        jcr:title="What does RoHS mean?"
        sling:resourceType="delcity/components/structure/page">
        <root
            jcr:primaryType="nt:unstructured"
            sling:resourceType="wcm/foundation/components/responsivegrid">
            <footer
                jcr:created="{Date}2021-06-21T14:21:52.357+05:30"
                jcr:createdBy="admin"
                jcr:lastModified="{Date}2022-02-01T17:04:20.028+05:30"
                jcr:lastModifiedBy="admin"
                jcr:primaryType="nt:unstructured"
                sling:resourceType="delcity/components/structure/footer"
                menutitle1="About Us"
                sendIcon="/content/dam/delcity/images/Icon-send@2x.png">
                <aboutus jcr:primaryType="nt:unstructured">
                    <item0
                        jcr:primaryType="nt:unstructured"
                        pagetitle="About Us"/>
                    <item1
                        jcr:primaryType="nt:unstructured"
                        pagetitle="Contact Us"/>
                    <item2
                        jcr:primaryType="nt:unstructured"
                        pagetitle="FAQs"/>
                </aboutus>
            </footer>
            <responsivegrid
                jcr:created="{Date}2021-06-21T14:21:44.042+05:30"
                jcr:createdBy="admin"
                jcr:lastModified="{Date}2022-02-01T17:04:38.578+05:30"
                jcr:lastModifiedBy="admin"
                jcr:primaryType="nt:unstructured"
                sling:resourceType="wcm/foundation/components/responsivegrid">
                <blogteaser
                    jcr:created="{Date}2022-02-22T15:47:24.073+05:30"
                    jcr:createdBy="admin"
                    jcr:lastModified="{Date}2022-02-22T15:50:00.694+05:30"
                    jcr:lastModifiedBy="admin"
                    jcr:primaryType="nt:unstructured"
                    sling:resourceType="ecomm-framework/components/content/blogteaser"
                    authoringDate="April 12, 2022"
                    authorName="Kelsey Scherf"
                    blogImage="/content/dam/delcity/images/blogs/image-not-available-image.png"
                    selectBrand="DC"
                    teaserDescription="You’ve probably noticed many of our products are marked as RoHS compliant on our website and in our catalog, but what exactly does that mean?"
                    teaserHeader="What does RoHS mean?">
                    <categoryList jcr:primaryType="nt:unstructured">
                        <item0
                            jcr:primaryType="nt:unstructured"
                            delcitycategories="Industry News"/>
                    </categoryList>
                </blogteaser>
                <text
                    jcr:created="{Date}2022-02-22T15:50:22.267+05:30"
                    jcr:createdBy="admin"
                    jcr:lastModified="{Date}2022-02-22T15:50:29.604+05:30"
                    jcr:lastModifiedBy="admin"
                    jcr:primaryType="nt:unstructured"
                    sling:resourceType="delcity/components/content/text"
                    text="&lt;p>You’ve probably noticed many of our products are marked as RoHS compliant on our website and in our catalog, but what exactly does that mean?&lt;/p>&#xd;&#xa;&lt;p>&amp;nbsp;&lt;/p>&#xd;&#xa;&lt;p>&lt;b>Background&lt;/b>&lt;/p>&#xd;&#xa;&lt;p>RoHS stands for “Restriction of Hazardous Substances” and is short for the&amp;nbsp;&lt;b>directive on the restriction of the use of certain hazardous substances in electrical and electronic equipment&lt;/b>, which originated in the European Union.&amp;nbsp; The directive restricts the use of certain hazardous substances in the manufacture of various electrical components and equipment. &amp;nbsp;&lt;/p>&#xd;&#xa;&lt;p>&amp;nbsp;&lt;/p>&#xd;&#xa;&lt;p>The EU has required all applicable products in the market be compliant since July 1, 2006.&lt;/p>&#xd;&#xa;"
                    textIsRich="true">
                    <cq:responsive jcr:primaryType="nt:unstructured">
                        <default
                            jcr:primaryType="nt:unstructured"
                            offset="0"
                            width="11"/>
                    </cq:responsive>
                </text>
                <image_993918915_copy
                    jcr:created="{Date}2022-02-22T15:28:13.344+05:30"
                    jcr:createdBy="admin"
                    jcr:lastModified="{Date}2022-02-22T15:28:23.809+05:30"
                    jcr:lastModifiedBy="admin"
                    jcr:primaryType="nt:unstructured"
                    sling:resourceType="ecomm-framework/components/content/image"
                    altValueFromDAM="true"
                    displayPopupTitle="true"
                    fileReference="/content/dam/delcity/images/blogs/image-not-available-image.png"
                    isDecorative="false"
                    titleValueFromDAM="true">
                    <cq:responsive jcr:primaryType="nt:unstructured">
                        <default
                            jcr:primaryType="nt:unstructured"
                            offset="4"
                            width="5"/>
                    </cq:responsive>
                </image_993918915_copy>
                <text_1842340979
                    jcr:created="{Date}2022-02-22T15:50:59.515+05:30"
                    jcr:createdBy="admin"
                    jcr:lastModified="{Date}2022-02-22T16:48:24.680+05:30"
                    jcr:lastModifiedBy="admin"
                    jcr:primaryType="nt:unstructured"
                    sling:resourceType="delcity/components/content/text"
                    text="&lt;p>&lt;b>What does RoHS&amp;nbsp;mean?&lt;/b>&lt;/p>&#xd;&#xa;&lt;p>RoHS is often thought of as being synonymous with “lead-free”, but the directive in fact restricts the use of not only lead, but of ten different substances:&lt;/p>&#xd;&#xa;&lt;p style=&quot;margin-left: 80px;&quot;>1. Lead (&amp;lt; 1000 ppm required)&lt;/p>&#xd;&#xa;&lt;p style=&quot;margin-left: 80px;&quot;>2. Mercury (&amp;lt; 100 ppm required)&lt;/p>&#xd;&#xa;&lt;p style=&quot;margin-left: 80px;&quot;>3. Cadmium (&amp;lt; 100 ppm required)&lt;/p>&#xd;&#xa;&lt;p style=&quot;margin-left: 80px;&quot;>4. Hexavalent chromium (&amp;lt; 1000 ppm required)&lt;/p>&#xd;&#xa;&lt;p style=&quot;margin-left: 80px;&quot;>5. Polybrominated biphenyls (&amp;lt; 1000 ppm required)&lt;/p>&#xd;&#xa;&lt;p style=&quot;margin-left: 80px;&quot;>6. Polybrominated diphenyl ether (&amp;lt; 1000 ppm required)&lt;/p>&#xd;&#xa;&lt;p style=&quot;margin-left: 80px;&quot;>7. Bis(2-ethylhexyl) phthalate (&amp;lt; 1000 ppm required)&lt;/p>&#xd;&#xa;&lt;p style=&quot;margin-left: 80px;&quot;>8. Butyl benzyl phthalate (&amp;lt; 1000 ppm required)&lt;/p>&#xd;&#xa;&lt;p style=&quot;margin-left: 80px;&quot;>9. Dibutyl phthalate (&amp;lt; 1000 ppm required)&lt;/p>&#xd;&#xa;&lt;p style=&quot;margin-left: 80px;&quot;>10. Diisobutyl phthalate (&amp;lt; 1000 ppm required)&lt;/p>&#xd;&#xa;&lt;p>While the RoHS directive is not currently in place in the United States, RoHS compliance is still a characteristic worth considering, as the restricted materials are hazardous to the environment and can pose dangers to health as well if not handled correctly.&lt;/p>&#xd;&#xa;&lt;p>&amp;nbsp;&lt;/p>&#xd;&#xa;&lt;p>Del City offers many RoHS compliant products, including new options for products traditionally containing some of the restricted materials.&amp;nbsp; Some of these new product options include&amp;nbsp;&lt;a href=&quot;http://www.delcity.net/store/Lead!Free-Heat-Shrink,-Solder-&amp;amp;-Crimp-Terminals/p_809787&quot;>Lead-Free Crimp, Shrink, &amp;amp; Solder Terminals&lt;/a>, and&amp;nbsp;&lt;a href=&quot;http://www.delcity.net/store/Pure-Copper-RoHS-Battery-Terminals/p_807700&quot;>Pure Copper RoHS Battery Terminals&lt;/a>.&amp;nbsp; These new products even offer performance improvements over their traditional counterparts.&amp;nbsp; Give them a try today!&lt;/p>&#xd;&#xa;"
                    textIsRich="true">
                    <cq:responsive jcr:primaryType="nt:unstructured">
                        <default
                            jcr:primaryType="nt:unstructured"
                            offset="0"
                            width="11"/>
                    </cq:responsive>
                </text_1842340979>
                <text_1350470415
                    jcr:created="{Date}2022-02-22T15:51:24.615+05:30"
                    jcr:createdBy="admin"
                    jcr:lastModified="{Date}2022-02-22T15:51:58.745+05:30"
                    jcr:lastModifiedBy="admin"
                    jcr:primaryType="nt:unstructured"
                    sling:resourceType="delcity/components/content/text"
                    text="&lt;h6 style=&quot;margin-left: 40px;&quot;>Posted in&amp;nbsp;&lt;a href=&quot;https://blog.delcity.net/category/industry-news/&quot;>Industry News&lt;/a>.&lt;/h6>&#xd;&#xa;"
                    textIsRich="true">
                    <cq:responsive jcr:primaryType="nt:unstructured">
                        <default
                            jcr:primaryType="nt:unstructured"
                            offset="0"
                            width="11"/>
                    </cq:responsive>
                </text_1350470415>
                <separator
                    jcr:created="{Date}2022-02-22T15:52:06.544+05:30"
                    jcr:createdBy="admin"
                    jcr:lastModified="{Date}2022-02-22T15:52:06.544+05:30"
                    jcr:lastModifiedBy="admin"
                    jcr:primaryType="nt:unstructured"
                    sling:resourceType="ecomm-framework/components/content/separator"/>
                <button
                    jcr:created="{Date}2022-02-22T15:52:25.689+05:30"
                    jcr:createdBy="admin"
                    jcr:lastModified="{Date}2022-02-22T15:52:41.036+05:30"
                    jcr:lastModifiedBy="admin"
                    jcr:primaryType="nt:unstructured"
                    jcr:title=" 6 Tips for Keeping Your…"
                    sling:resourceType="ecomm-framework/components/content/button"
                    link="https://blog.delcity.net/6-tips-for-keeping-your-collector-car-on-the-road/">
                    <cq:responsive jcr:primaryType="nt:unstructured">
                        <default
                            jcr:primaryType="nt:unstructured"
                            offset="1"
                            width="3"/>
                    </cq:responsive>
                </button>
                <button_1176395706
                    jcr:created="{Date}2022-02-22T15:53:03.785+05:30"
                    jcr:createdBy="admin"
                    jcr:lastModified="{Date}2022-02-22T15:53:31.963+05:30"
                    jcr:lastModifiedBy="admin"
                    jcr:primaryType="nt:unstructured"
                    jcr:title="Cole Hersee Plastic Solenoids "
                    sling:resourceType="ecomm-framework/components/content/button"
                    link="https://blog.delcity.net/cole-hersee-plastic-solenoids-2/">
                    <cq:responsive jcr:primaryType="nt:unstructured">
                        <default
                            jcr:primaryType="nt:unstructured"
                            offset="4"
                            width="3"/>
                    </cq:responsive>
                </button_1176395706>
            </responsivegrid>
        </root>
    </jcr:content>
</jcr:root>
