<?xml version="1.0" encoding="UTF-8"?>
<jcr:root xmlns:sling="http://sling.apache.org/jcr/sling/1.0" xmlns:cq="http://www.day.com/jcr/cq/1.0" xmlns:jcr="http://www.jcp.org/jcr/1.0" xmlns:nt="http://www.jcp.org/jcr/nt/1.0"
    jcr:primaryType="cq:Page">
    <jcr:content
        cq:lastModified="{Date}2022-03-04T07:05:45.361-06:00"
        cq:lastModifiedBy="Anagha.Dwajan@mercmarine.com"
        cq:template="/conf/delcity/settings/wcm/templates/delcity-generic-template"
        jcr:primaryType="cq:PageContent"
        jcr:title="4 Tips For Choosing Wire Loom"
        sling:resourceType="delcity/components/structure/page">
        <root
            jcr:primaryType="nt:unstructured"
            sling:resourceType="wcm/foundation/components/responsivegrid">
            <footer
                jcr:created="{Date}2021-06-21T14:21:52.357+05:30"
                jcr:createdBy="admin"
                jcr:lastModified="{Date}2022-02-01T17:04:20.028+05:30"
                jcr:lastModifiedBy="admin"
                jcr:primaryType="nt:unstructured"
                sling:resourceType="delcity/components/structure/footer"
                menutitle1="About Us"
                sendIcon="/content/dam/delcity/images/Icon-send@2x.png">
                <aboutus jcr:primaryType="nt:unstructured">
                    <item0
                        jcr:primaryType="nt:unstructured"
                        pagetitle="About Us"/>
                    <item1
                        jcr:primaryType="nt:unstructured"
                        pagetitle="Contact Us"/>
                    <item2
                        jcr:primaryType="nt:unstructured"
                        pagetitle="FAQs"/>
                </aboutus>
            </footer>
            <responsivegrid
                jcr:created="{Date}2021-06-21T14:21:44.042+05:30"
                jcr:createdBy="admin"
                jcr:lastModified="{Date}2022-02-01T17:04:38.578+05:30"
                jcr:lastModifiedBy="admin"
                jcr:primaryType="nt:unstructured"
                sling:resourceType="wcm/foundation/components/responsivegrid">
                <blogteaser_copy
                    jcr:lastModified="{Date}2022-03-04T07:05:45.352-06:00"
                    jcr:lastModifiedBy="Anagha.Dwajan@mercmarine.com"
                    jcr:primaryType="nt:unstructured"
                    sling:resourceType="ecomm-framework/components/content/blogteaser"
                    authoringDate="September 29, 2016"
                    authorName="Kelsey Scherf"
                    blogImage="/content/dam/delcity/images/blogs/image-not-available-image.png"
                    selectBrand="DC"
                    teaserHeader="4 Tips For Choosing Wire Loom">
                    <categoryList jcr:primaryType="nt:unstructured">
                        <item0
                            jcr:primaryType="nt:unstructured"
                            delcitycategories="How-To"/>
                        <item1
                            jcr:primaryType="nt:unstructured"
                            delcitycategories="Loom &amp; Loom Clamps"/>
                    </categoryList>
                </blogteaser_copy>
                <text
                    jcr:created="{Date}2022-02-24T14:55:46.003+05:30"
                    jcr:createdBy="admin"
                    jcr:lastModified="{Date}2022-02-24T14:56:06.180+05:30"
                    jcr:lastModifiedBy="admin"
                    jcr:primaryType="nt:unstructured"
                    sling:resourceType="delcity/components/content/text"
                    text="&lt;p>Protecting your&amp;nbsp;wire&amp;nbsp;is important, and choosing the right type of&amp;nbsp;&lt;a href=&quot;https://www.delcity.net/store/Loom-&amp;amp;-Loom-Clamps/&quot;>wire loom&lt;/a>&amp;nbsp;can have a big impact on the level of protection and look of the install. To make sure you get what you need, here’s a few tips when choosing wire loom for your build.&lt;/p>&#xd;&#xa;"
                    textIsRich="true"/>
                <image_copy
                    jcr:created="{Date}2022-02-24T11:46:50.550+05:30"
                    jcr:createdBy="admin"
                    jcr:lastModified="{Date}2022-02-24T11:47:10.072+05:30"
                    jcr:lastModifiedBy="admin"
                    jcr:primaryType="nt:unstructured"
                    sling:resourceType="ecomm-framework/components/content/image"
                    altValueFromDAM="true"
                    displayPopupTitle="true"
                    fileReference="/content/dam/delcity/images/blogs/image-not-available-image.png"
                    isDecorative="false"
                    titleValueFromDAM="true">
                    <cq:responsive jcr:primaryType="nt:unstructured">
                        <default
                            jcr:primaryType="nt:unstructured"
                            offset="1"
                            width="3"/>
                    </cq:responsive>
                </image_copy>
                <text_1786618014
                    jcr:created="{Date}2022-02-24T14:57:39.727+05:30"
                    jcr:createdBy="admin"
                    jcr:lastModified="{Date}2022-02-25T15:39:07.215+05:30"
                    jcr:lastModifiedBy="admin"
                    jcr:primaryType="nt:unstructured"
                    sling:resourceType="delcity/components/content/text"
                    text="&lt;p>&lt;b>1. Consider design.&lt;/b>&lt;/p>&#xd;&#xa;&lt;p>It’s important to know if the loom will need to be threaded over the cables/wires or if simply&amp;nbsp;wrapping it around wires is feasible. Wire loom options may be split, non-split, spiral wrap, or self-wrapping.&amp;nbsp;If the wires need to be accessed on a regular basis,&amp;nbsp;&lt;a href=&quot;http://www.delcity.net/store/Split-Wire-Loom/p_800821&quot;>&lt;u>split loom&lt;/u>&lt;/a>&amp;nbsp;will most likely be preferred.&lt;/p>&#xd;&#xa;&lt;p>&amp;nbsp;&lt;/p>&#xd;&#xa;&lt;p>&lt;b>2. Size it right.&lt;/b>&lt;/p>&#xd;&#xa;&lt;p>Don’t buy sleeving that is too small or too large to fit on your application. Carefully measure your wire bundle diameter and choose wire loom that is just slightly larger&amp;nbsp;than the measurement taken.&lt;/p>&#xd;&#xa;&lt;p>&amp;nbsp;&lt;/p>&#xd;&#xa;&lt;p>&lt;b>3. Evaluate&amp;nbsp;material.&lt;/b>&lt;/p>&#xd;&#xa;&lt;p>Depending on the environment, there are numerous materials to choose from that offer protection against a variety of elements such as moisture, chemicals, vibration, heat, etc. Some loom material options include PET (Polyethylene Terepthalate), woven mesh, fiberglass, heat shrink fabric, asphalt coated cloth, nylon, metal, and stainless steel.&amp;nbsp;&lt;/p>&#xd;&#xa;&lt;p>&amp;nbsp;&lt;/p>&#xd;&#xa;&lt;p>&lt;b>4. Check temperature.&lt;/b>&lt;/p>&#xd;&#xa;&lt;p>Make sure the loom you choose will withstand the temperatures it will encounter. While a wide variety of options are available across the types of loom,&amp;nbsp;&lt;a href=&quot;http://www.delcity.net/store/Flame-Retardant-Split-Loom-(High-Rise-Ridge)/p_800824&quot;>&lt;u>Flame Retardant Split Loom&lt;/u>&lt;/a>&amp;nbsp;and&amp;nbsp;&lt;a href=&quot;http://www.delcity.net/store/Fiberglass-High-Temperature-Wire-Protection/p_795096&quot;>&lt;u>High Temperature&amp;nbsp;Fiberglass Sleeving&lt;/u>&lt;/a>&amp;nbsp;are great options for high temperature applications.&lt;/p>&#xd;&#xa;&lt;p>&amp;nbsp;&lt;/p>&#xd;&#xa;&lt;p>Check out all the&amp;nbsp;&lt;a href=&quot;https://www.delcity.net/store/Loom-&amp;amp;-Sleeving/p_807793&quot;>&lt;u>new types&amp;nbsp;of wire loom&lt;/u>&lt;/a>&amp;nbsp;available now at Del City. Or, do you have more questions before you get started? Give us a call at 1.800.654.4757, and our Technical Support Specialists would be happy to give you a hand.&lt;/p>&#xd;&#xa;&lt;p>&amp;nbsp;&lt;/p>&#xd;&#xa;&lt;h6>&amp;nbsp; &amp;nbsp; &amp;nbsp; &amp;nbsp; &amp;nbsp; &amp;nbsp; &amp;nbsp;Posted in&amp;nbsp;&lt;u>&lt;a href=&quot;https://blog.delcity.net/category/how-to/&quot;>How To&lt;/a>,&amp;nbsp;&lt;a href=&quot;https://blog.delcity.net/category/loom-loom-clamps/&quot;>Loom &amp;amp; Loom Clamps&lt;/a>&lt;/u>.&lt;/h6>&#xd;&#xa;"
                    textIsRich="true"/>
                <separator
                    jcr:created="{Date}2022-02-24T14:58:54.288+05:30"
                    jcr:createdBy="admin"
                    jcr:lastModified="{Date}2022-02-24T14:58:54.288+05:30"
                    jcr:lastModifiedBy="admin"
                    jcr:primaryType="nt:unstructured"
                    sling:resourceType="ecomm-framework/components/content/separator"/>
                <button
                    jcr:created="{Date}2022-02-24T14:59:02.474+05:30"
                    jcr:createdBy="admin"
                    jcr:lastModified="{Date}2022-02-24T15:00:43.900+05:30"
                    jcr:lastModifiedBy="admin"
                    jcr:primaryType="nt:unstructured"
                    jcr:title="How To Use A Ratchet Crimp Tool"
                    sling:resourceType="ecomm-framework/components/content/button"
                    link="https://blog.delcity.net/how-to-use-a-ratchet-crimp-tool/">
                    <cq:responsive jcr:primaryType="nt:unstructured">
                        <default
                            jcr:primaryType="nt:unstructured"
                            offset="1"
                            width="3"/>
                    </cq:responsive>
                </button>
                <button_1134989583
                    jcr:created="{Date}2022-02-24T14:59:11.007+05:30"
                    jcr:createdBy="admin"
                    jcr:lastModified="{Date}2022-02-24T15:01:38.568+05:30"
                    jcr:lastModifiedBy="admin"
                    jcr:primaryType="nt:unstructured"
                    jcr:title="What Is A Solenoid?"
                    sling:resourceType="ecomm-framework/components/content/button"
                    link="https://blog.delcity.net/what-is-a-solenoid/">
                    <cq:responsive jcr:primaryType="nt:unstructured">
                        <default
                            jcr:primaryType="nt:unstructured"
                            offset="6"
                            width="2"/>
                    </cq:responsive>
                </button_1134989583>
            </responsivegrid>
        </root>
    </jcr:content>
</jcr:root>
