<?xml version="1.0" encoding="UTF-8"?>
<jcr:root xmlns:sling="http://sling.apache.org/jcr/sling/1.0" xmlns:cq="http://www.day.com/jcr/cq/1.0" xmlns:jcr="http://www.jcp.org/jcr/1.0" xmlns:nt="http://www.jcp.org/jcr/nt/1.0"
    jcr:primaryType="cq:Page">
    <jcr:content
        cq:lastModified="{Date}2022-03-04T06:55:26.180-06:00"
        cq:lastModifiedBy="Anagha.Dwajan@mercmarine.com"
        cq:template="/conf/delcity/settings/wcm/templates/delcity-generic-template"
        jcr:primaryType="cq:PageContent"
        jcr:title="How To Install Weather Pack Bulkhead Wire Connectors"
        sling:resourceType="delcity/components/structure/page">
        <root
            jcr:primaryType="nt:unstructured"
            sling:resourceType="wcm/foundation/components/responsivegrid">
            <footer
                jcr:created="{Date}2021-06-21T14:21:52.357+05:30"
                jcr:createdBy="admin"
                jcr:lastModified="{Date}2022-02-01T17:04:20.028+05:30"
                jcr:lastModifiedBy="admin"
                jcr:primaryType="nt:unstructured"
                sling:resourceType="delcity/components/structure/footer"
                menutitle1="About Us"
                sendIcon="/content/dam/delcity/images/Icon-send@2x.png">
                <aboutus jcr:primaryType="nt:unstructured">
                    <item0
                        jcr:primaryType="nt:unstructured"
                        pagetitle="About Us"/>
                    <item1
                        jcr:primaryType="nt:unstructured"
                        pagetitle="Contact Us"/>
                    <item2
                        jcr:primaryType="nt:unstructured"
                        pagetitle="FAQs"/>
                </aboutus>
            </footer>
            <responsivegrid
                jcr:created="{Date}2021-06-21T14:21:44.042+05:30"
                jcr:createdBy="admin"
                jcr:lastModified="{Date}2022-02-01T17:04:38.578+05:30"
                jcr:lastModifiedBy="admin"
                jcr:primaryType="nt:unstructured"
                sling:resourceType="wcm/foundation/components/responsivegrid">
                <blogteaser
                    jcr:created="{Date}2022-02-23T16:00:35.656+05:30"
                    jcr:createdBy="admin"
                    jcr:lastModified="{Date}2022-03-04T06:55:26.161-06:00"
                    jcr:lastModifiedBy="Anagha.Dwajan@mercmarine.com"
                    jcr:primaryType="nt:unstructured"
                    sling:resourceType="ecomm-framework/components/content/blogteaser"
                    authoringDate="October 11, 2015"
                    authorName="Kelsey Scherf"
                    blogImage="/content/dam/delcity/images/blogs/image-not-available-image.png"
                    selectBrand="DC"
                    teaserDescription="Weather Pack wire connectors are the premium line of environmentally sealed connectors from Delphi/Packard."
                    teaserHeader="How To Install Weather Pack Bulkhead Wire Connecto">
                    <categoryList jcr:primaryType="nt:unstructured">
                        <item0
                            jcr:primaryType="nt:unstructured"
                            delcitycategories="How-To"/>
                        <item1
                            jcr:primaryType="nt:unstructured"
                            delcitycategories="Wire Connectors &amp; Quick Splices"/>
                    </categoryList>
                </blogteaser>
                <text
                    jcr:created="{Date}2022-02-23T16:03:39.791+05:30"
                    jcr:createdBy="admin"
                    jcr:lastModified="{Date}2022-02-23T16:04:11.757+05:30"
                    jcr:lastModifiedBy="admin"
                    jcr:primaryType="nt:unstructured"
                    sling:resourceType="delcity/components/content/text"
                    text="&lt;p>&lt;a href=&quot;http://www.delcity.net/store/Weather-Pack-Wire-Connectors-&amp;amp;-Components/p_797633&quot;>Weather Pack wire connectors&lt;/a> are the premium line of environmentally sealed connectors from Delphi/Packard. The bulkhead series creates a secure and weather-proof connection for up to 22 wires and 20 amps. These wire connectors are designed with harsh environments in mind and can endure extreme temperatures, moisture, chemicals, and other fluids. Due to the fully-sealed and weather-resistant design of the weather pack wire connectors, they are commonly used in tough application settings including construction, off-road, and farm equipment.&lt;/p>&#xd;&#xa;"
                    textIsRich="true">
                    <cq:responsive jcr:primaryType="nt:unstructured">
                        <default
                            jcr:primaryType="nt:unstructured"
                            offset="1"
                            width="11"/>
                    </cq:responsive>
                </text>
                <image
                    jcr:created="{Date}2022-02-23T16:05:05.022+05:30"
                    jcr:createdBy="admin"
                    jcr:lastModified="{Date}2022-02-23T16:05:31.064+05:30"
                    jcr:lastModifiedBy="admin"
                    jcr:primaryType="nt:unstructured"
                    sling:resourceType="ecomm-framework/components/content/image"
                    altValueFromDAM="true"
                    displayPopupTitle="true"
                    fileReference="/content/dam/delcity/images/blogs/image-not-available-image.png"
                    isDecorative="false"
                    titleValueFromDAM="true">
                    <cq:responsive jcr:primaryType="nt:unstructured">
                        <default
                            jcr:primaryType="nt:unstructured"
                            offset="3"
                            width="6"/>
                    </cq:responsive>
                </image>
                <text_467496844
                    jcr:created="{Date}2022-02-23T16:06:09.624+05:30"
                    jcr:createdBy="admin"
                    jcr:lastModified="{Date}2022-02-23T16:37:39.183+05:30"
                    jcr:lastModifiedBy="admin"
                    jcr:primaryType="nt:unstructured"
                    sling:resourceType="delcity/components/content/text"
                    text="&lt;p>The below how-to will walk you through each step of preparing, installing, and completing your electrical connection with the bulkhead Weather Pack wire connectors.&lt;/p>&#xd;&#xa;&lt;p>&amp;nbsp;&lt;/p>&#xd;&#xa;&lt;p style=&quot;margin-left: 40px;&quot;>1.&amp;nbsp;&lt;a href=&quot;http://www.delcity.net/store/Weather-Pack-22!Way-Bulkhead-Connectors/p_810119.h_810120.t_1&quot;>Female Connector Housing&lt;/a>&amp;nbsp;(PN. 75054)&lt;/p>&#xd;&#xa;&lt;p style=&quot;margin-left: 40px;&quot;>2.&amp;nbsp;&lt;a href=&quot;http://www.delcity.net/store/Weather-Pack-22!Way-Bulkhead-Connectors/p_810119.h_810122.t_1&quot;>Male Connector Housing&lt;/a>&amp;nbsp;(PN. 75056)&lt;/p>&#xd;&#xa;&lt;p style=&quot;margin-left: 40px;&quot;>3.&amp;nbsp;&lt;a href=&quot;http://www.delcity.net/store/Weather-Pack-Terminals/p_797654&quot;>Female Terminals&lt;/a>&amp;nbsp;(PN. 75032, 75036, 75040)&amp;nbsp;&amp;nbsp;&amp;nbsp;&amp;nbsp;&amp;nbsp;&amp;nbsp;&amp;nbsp;&amp;nbsp;&lt;/p>&#xd;&#xa;&lt;p style=&quot;margin-left: 40px;&quot;>4.&amp;nbsp;&lt;a href=&quot;http://www.delcity.net/store/Weather-Pack-Terminals/p_797654.h_797659.t_1&quot;>Male Terminals&lt;/a>&amp;nbsp;(PN. 75030, 75034, 75038)&lt;/p>&#xd;&#xa;&lt;p style=&quot;margin-left: 40px;&quot;>5.&amp;nbsp;&lt;a href=&quot;http://www.delcity.net/store/Weather-Pack-22!Way-Bulkhead-Connectors/p_810119.h_810124.t_1&quot;>TPA Comb Locks&lt;/a>&amp;nbsp;(PN. 75058)&lt;/p>&#xd;&#xa;&lt;p style=&quot;margin-left: 40px;&quot;>6.&amp;nbsp;&lt;a href=&quot;http://www.delcity.net/store/Cavity-Seals-&amp;amp;-Plugs/p_797663&quot;>Cavity Seals&lt;/a>&amp;nbsp;(PN. 75000, 75002, 75004, 75006, 75008)&lt;/p>&#xd;&#xa;&lt;p>&amp;nbsp;&lt;/p>&#xd;&#xa;&lt;p>&lt;b>Additional Weather Pack Items and Tools&lt;/b>&lt;/p>&#xd;&#xa;&lt;p style=&quot;margin-left: 40px;&quot;>1.&amp;nbsp;&lt;a href=&quot;http://www.delcity.net/store/Cavity-Seals-&amp;amp;-Plugs/p_797663.h_797670.t_1&quot;>Cavity Plug&lt;/a>&amp;nbsp;– silicone seal designed to fill any unused housing cavities (PN. 75042)&lt;/p>&#xd;&#xa;&lt;p style=&quot;margin-left: 40px;&quot;>2.&amp;nbsp;&lt;a href=&quot;http://www.delcity.net/store/Metri!Pack-:-Weather-Pack-Wire-Crimping-Tool/p_229&quot;>Crimping Tool&lt;/a>&amp;nbsp;– many crimp tools can be used depending on style and tool type preference&lt;/p>&#xd;&#xa;&lt;p style=&quot;margin-left: 40px;&quot;>3. Standard Open Barrel Crimp Tool&amp;nbsp;&lt;a href=&quot;http://www.delcity.net/store/Open-Barrel-Terminal-Crimp-Tool/p_808417.h_268192.t_1&quot;>990170&lt;/a>&amp;nbsp;&amp;amp;&amp;nbsp;&lt;a href=&quot;http://www.delcity.net/store/Metri!Pack-:-Weather-Pack-Wire-Crimping-Tool/p_804412&quot;>990174&lt;/a>&lt;/p>&#xd;&#xa;&lt;p style=&quot;margin-left: 40px;&quot;>4. Delphi Crimpers&amp;nbsp;&lt;a href=&quot;http://www.delcity.net/store/Weather-Pack-Crimping-&amp;amp;-Removal-Tools/p_807692&quot;>906485 &amp;amp; 906495&lt;/a>&lt;/p>&#xd;&#xa;&lt;p style=&quot;margin-left: 40px;&quot;>5. Ratchet&amp;nbsp;&lt;a href=&quot;http://www.delcity.net/store/Open-Barrel-Terminal-Ratchet-Crimp-Tool/p_714008&quot;>990168&lt;/a>&amp;nbsp;&amp;amp;&amp;nbsp;&lt;a href=&quot;http://www.delcity.net/store/Insulated-Terminal-Ratchet-Crimping-Tool/p_793366.h_806473.t_1&quot;>990030&lt;/a>&lt;/p>&#xd;&#xa;&lt;p style=&quot;margin-left: 40px;&quot;>6.&amp;nbsp;&lt;a href=&quot;http://www.delcity.net/store/Weather-Pack-Crimping-&amp;amp;-Removal-Tools/p_807692.h_801680.t_1&quot;>Removal Tool&lt;/a>&amp;nbsp;– aids in the assembly and simple removal of Weather Pack terminals (PN. 906475)&lt;/p>&#xd;&#xa;&lt;p>&amp;nbsp;&lt;/p>&#xd;&#xa;&lt;p>&lt;b>Cavity Identification&lt;/b>&lt;/p>&#xd;&#xa;&lt;p>Both the female and male connector housings contain identifying letters for each cavity location. These identifying letters assist in lining up and matching wires on each connector housing during the wiring installation process. By using the letters on one of the housings, you can ensure the connecting wire is in the same cavity location on the other housing.&lt;/p>&#xd;&#xa;&lt;p>The identification letters on the female housing are counter-clockwise and those on the male housing are clockwise. This is so when they are lined up and connected, the A cavity will be connected to the A cavity and so on.&lt;/p>&#xd;&#xa;"
                    textIsRich="true">
                    <cq:responsive jcr:primaryType="nt:unstructured">
                        <default
                            jcr:primaryType="nt:unstructured"
                            offset="1"
                            width="11"/>
                    </cq:responsive>
                </text_467496844>
                <image_copy
                    jcr:created="{Date}2022-02-23T16:05:05.022+05:30"
                    jcr:createdBy="admin"
                    jcr:lastModified="{Date}2022-02-23T16:05:31.064+05:30"
                    jcr:lastModifiedBy="admin"
                    jcr:primaryType="nt:unstructured"
                    sling:resourceType="ecomm-framework/components/content/image"
                    altValueFromDAM="true"
                    displayPopupTitle="true"
                    fileReference="/content/dam/delcity/images/blogs/image-not-available-image.png"
                    isDecorative="false"
                    titleValueFromDAM="true">
                    <cq:responsive jcr:primaryType="nt:unstructured">
                        <default
                            jcr:primaryType="nt:unstructured"
                            offset="3"
                            width="6"/>
                    </cq:responsive>
                </image_copy>
                <text_467496844_copy
                    jcr:created="{Date}2022-02-23T16:06:09.624+05:30"
                    jcr:createdBy="admin"
                    jcr:lastModified="{Date}2022-02-23T16:09:29.814+05:30"
                    jcr:lastModifiedBy="admin"
                    jcr:primaryType="nt:unstructured"
                    sling:resourceType="delcity/components/content/text"
                    text="&lt;p>&lt;b>Mounting Instructions&lt;/b>&lt;/p>&#xd;&#xa;&lt;p>One of the major benefits of the bulkhead Weather Pack wire connectors is that they are designed to provide a weather-proof, through-panel connection. The center cavity portion of the female housing requires a 2 inch (2”) hole on the panel for mounting. Each of the bolts on either side of the housing requires a 1/4 inch (¼”) hole. You will then need two (2) 1/4” x 20 nuts and washers to complete the mounting installation.&lt;/p>&#xd;&#xa;"
                    textIsRich="true">
                    <cq:responsive jcr:primaryType="nt:unstructured">
                        <default
                            jcr:primaryType="nt:unstructured"
                            offset="1"
                            width="11"/>
                    </cq:responsive>
                </text_467496844_copy>
                <image_copy_copy
                    jcr:created="{Date}2022-02-23T16:05:05.022+05:30"
                    jcr:createdBy="admin"
                    jcr:lastModified="{Date}2022-02-23T16:05:31.064+05:30"
                    jcr:lastModifiedBy="admin"
                    jcr:primaryType="nt:unstructured"
                    sling:resourceType="ecomm-framework/components/content/image"
                    altValueFromDAM="true"
                    displayPopupTitle="true"
                    fileReference="/content/dam/delcity/images/blogs/image-not-available-image.png"
                    isDecorative="false"
                    titleValueFromDAM="true">
                    <cq:responsive jcr:primaryType="nt:unstructured">
                        <default
                            jcr:primaryType="nt:unstructured"
                            offset="3"
                            width="6"/>
                    </cq:responsive>
                </image_copy_copy>
                <text_467496844_copy__105354482
                    jcr:created="{Date}2022-02-23T16:06:09.624+05:30"
                    jcr:createdBy="admin"
                    jcr:lastModified="{Date}2022-02-23T16:12:02.071+05:30"
                    jcr:lastModifiedBy="admin"
                    jcr:primaryType="nt:unstructured"
                    sling:resourceType="delcity/components/content/text"
                    text="&lt;p>&lt;b>Installation Process&lt;/b>&lt;/p>&#xd;&#xa;&lt;p>&lt;b>Step 1&lt;/b>:&amp;nbsp;&lt;b>Cavity Seal Installation&lt;/b>&lt;/p>&#xd;&#xa;&lt;p>Place a&amp;nbsp;&lt;a href=&quot;http://www.delcity.net/store/Cavity-Seals-&amp;amp;-Plugs/p_797663.h_797664.t_1&quot;>cavity seal&lt;/a>&amp;nbsp;over the&amp;nbsp;&lt;a href=&quot;http://www.delcity.net/store/Wire-&amp;amp;-Cable/&quot;>wire&lt;/a>&amp;nbsp;ends that you will be inserting into the connectors and push the seals back on the wire. Strip 1/4 inch (¼”) of insulation from the wire and push the cavity seal back down so the end of the seal meets the end of the insulation.&lt;/p>&#xd;&#xa;"
                    textIsRich="true">
                    <cq:responsive jcr:primaryType="nt:unstructured">
                        <default
                            jcr:primaryType="nt:unstructured"
                            offset="1"
                            width="11"/>
                    </cq:responsive>
                </text_467496844_copy__105354482>
                <image_copy_copy_864422120
                    jcr:created="{Date}2022-02-23T16:05:05.022+05:30"
                    jcr:createdBy="admin"
                    jcr:lastModified="{Date}2022-02-23T16:05:31.064+05:30"
                    jcr:lastModifiedBy="admin"
                    jcr:primaryType="nt:unstructured"
                    sling:resourceType="ecomm-framework/components/content/image"
                    altValueFromDAM="true"
                    displayPopupTitle="true"
                    fileReference="/content/dam/delcity/images/blogs/image-not-available-image.png"
                    isDecorative="false"
                    titleValueFromDAM="true">
                    <cq:responsive jcr:primaryType="nt:unstructured">
                        <default
                            jcr:primaryType="nt:unstructured"
                            offset="3"
                            width="6"/>
                    </cq:responsive>
                </image_copy_copy_864422120>
                <text_467496844_copy__1557899356
                    jcr:created="{Date}2022-02-23T16:06:09.624+05:30"
                    jcr:createdBy="admin"
                    jcr:lastModified="{Date}2022-02-23T16:12:15.954+05:30"
                    jcr:lastModifiedBy="admin"
                    jcr:primaryType="nt:unstructured"
                    sling:resourceType="delcity/components/content/text"
                    text="&lt;p>&lt;b>Step 2: Terminal Installation&lt;/b>&lt;/p>&#xd;&#xa;&lt;p>Place the&amp;nbsp;&lt;a href=&quot;http://www.delcity.net/store/Weather-Pack-Terminals/p_797654.h_797659.t_1&quot;>terminal&lt;/a>&amp;nbsp;onto the wire and cavity seal so the tall tangs on the back end of the terminal are surrounding the end of the cavity seal. The smaller tangs on the middle of the terminal should surround the exposed wire.&lt;/p>&#xd;&#xa;"
                    textIsRich="true">
                    <cq:responsive jcr:primaryType="nt:unstructured">
                        <default
                            jcr:primaryType="nt:unstructured"
                            offset="1"
                            width="11"/>
                    </cq:responsive>
                </text_467496844_copy__1557899356>
                <image_copy_copy_1622506733
                    jcr:created="{Date}2022-02-23T16:05:05.022+05:30"
                    jcr:createdBy="admin"
                    jcr:lastModified="{Date}2022-02-23T16:05:31.064+05:30"
                    jcr:lastModifiedBy="admin"
                    jcr:primaryType="nt:unstructured"
                    sling:resourceType="ecomm-framework/components/content/image"
                    altValueFromDAM="true"
                    displayPopupTitle="true"
                    fileReference="/content/dam/delcity/images/blogs/image-not-available-image.png"
                    isDecorative="false"
                    titleValueFromDAM="true">
                    <cq:responsive jcr:primaryType="nt:unstructured">
                        <default
                            jcr:primaryType="nt:unstructured"
                            offset="3"
                            width="6"/>
                    </cq:responsive>
                </image_copy_copy_1622506733>
                <text_467496844_copy__1699354025
                    jcr:created="{Date}2022-02-23T16:06:09.624+05:30"
                    jcr:createdBy="admin"
                    jcr:lastModified="{Date}2022-02-23T16:12:30.702+05:30"
                    jcr:lastModifiedBy="admin"
                    jcr:primaryType="nt:unstructured"
                    sling:resourceType="delcity/components/content/text"
                    text="&lt;p>&lt;b>Step 3: Terminal Crimp&lt;/b>&lt;/p>&#xd;&#xa;&lt;p>Once the terminal has been properly placed on the wire and cavity seal, it must be crimped to lock the terminal to the wire providing a secure connection and proper positioning. Begin by crimping the smaller tangs that are located around the exposed wire. Place the middle of the terminal and the tangs into the associating jaw location on the crimp tool depending on your wire/terminal size.&lt;/p>&#xd;&#xa;"
                    textIsRich="true">
                    <cq:responsive jcr:primaryType="nt:unstructured">
                        <default
                            jcr:primaryType="nt:unstructured"
                            offset="1"
                            width="11"/>
                    </cq:responsive>
                </text_467496844_copy__1699354025>
                <image_copy_copy_2081421296
                    jcr:created="{Date}2022-02-23T16:05:05.022+05:30"
                    jcr:createdBy="admin"
                    jcr:lastModified="{Date}2022-02-23T16:05:31.064+05:30"
                    jcr:lastModifiedBy="admin"
                    jcr:primaryType="nt:unstructured"
                    sling:resourceType="ecomm-framework/components/content/image"
                    altValueFromDAM="true"
                    displayPopupTitle="true"
                    fileReference="/content/dam/delcity/images/blogs/image-not-available-image.png"
                    isDecorative="false"
                    titleValueFromDAM="true">
                    <cq:responsive jcr:primaryType="nt:unstructured">
                        <default
                            jcr:primaryType="nt:unstructured"
                            offset="3"
                            width="6"/>
                    </cq:responsive>
                </image_copy_copy_2081421296>
                <text_467496844_copy__2125126624
                    jcr:created="{Date}2022-02-23T16:06:09.624+05:30"
                    jcr:createdBy="admin"
                    jcr:lastModified="{Date}2022-02-23T16:12:46.341+05:30"
                    jcr:lastModifiedBy="admin"
                    jcr:primaryType="nt:unstructured"
                    sling:resourceType="delcity/components/content/text"
                    text="&lt;p>Next, you will crimp the taller tangs that cradle the cavity seal. Place the end of the terminal and cavity seal into the appropriate jaw setting on your crimper that associates with your wire/terminal size.&lt;/p>&#xd;&#xa;&lt;p>&lt;b>TIP:&lt;/b>&amp;nbsp;If you find the taller tangs are not fitting into the crimper tool exactly as you would like, slightly tighten the tangs around the seal for easier insertion into the crimp tool.&lt;/p>&#xd;&#xa;"
                    textIsRich="true">
                    <cq:responsive jcr:primaryType="nt:unstructured">
                        <default
                            jcr:primaryType="nt:unstructured"
                            offset="1"
                            width="11"/>
                    </cq:responsive>
                </text_467496844_copy__2125126624>
                <text_467496844_copy__184914881
                    jcr:created="{Date}2022-02-23T16:06:09.624+05:30"
                    jcr:createdBy="admin"
                    jcr:lastModified="{Date}2022-02-23T16:12:59.064+05:30"
                    jcr:lastModifiedBy="admin"
                    jcr:primaryType="nt:unstructured"
                    sling:resourceType="delcity/components/content/text"
                    text="&lt;p>&lt;i>NOTE:&lt;/i>&amp;nbsp;Make sure your crimps roll the terminal tangs over and down into the cavity seal and copper wire as this is considered a proper crimp. You do not want your tangs to be lying flat or folded over the wire strands.&lt;/p>&#xd;&#xa;"
                    textIsRich="true">
                    <cq:responsive jcr:primaryType="nt:unstructured">
                        <default
                            jcr:primaryType="nt:unstructured"
                            offset="1"
                            width="11"/>
                    </cq:responsive>
                </text_467496844_copy__184914881>
                <image_copy_copy_1740081157
                    jcr:created="{Date}2022-02-23T16:05:05.022+05:30"
                    jcr:createdBy="admin"
                    jcr:lastModified="{Date}2022-02-23T16:05:31.064+05:30"
                    jcr:lastModifiedBy="admin"
                    jcr:primaryType="nt:unstructured"
                    sling:resourceType="ecomm-framework/components/content/image"
                    altValueFromDAM="true"
                    displayPopupTitle="true"
                    fileReference="/content/dam/delcity/images/blogs/image-not-available-image.png"
                    isDecorative="false"
                    titleValueFromDAM="true">
                    <cq:responsive jcr:primaryType="nt:unstructured">
                        <default
                            jcr:primaryType="nt:unstructured"
                            offset="3"
                            width="6"/>
                    </cq:responsive>
                </image_copy_copy_1740081157>
                <text_467496844_copy_
                    jcr:created="{Date}2022-02-23T16:06:09.624+05:30"
                    jcr:createdBy="admin"
                    jcr:lastModified="{Date}2022-02-23T16:13:15.251+05:30"
                    jcr:lastModifiedBy="admin"
                    jcr:primaryType="nt:unstructured"
                    sling:resourceType="delcity/components/content/text"
                    text="&lt;p>&lt;b>Step 4: Inserting the Wire, Seal, &amp;amp; Terminal Setups&lt;/b>&lt;/p>&#xd;&#xa;&lt;p>Once you have all of your wires crimped with the cavity seals and terminals, you can begin inserting them into the appropriate&amp;nbsp;&lt;a href=&quot;http://www.delcity.net/store/Weather-Pack-22!Way-Bulkhead-Connectors/p_810119.h_810124.t_1&quot;>female&lt;/a>&amp;nbsp;and&amp;nbsp;&lt;a href=&quot;http://www.delcity.net/store/Weather-Pack-22!Way-Bulkhead-Connectors/p_810119.h_810122.t_1&quot;>male&lt;/a>&amp;nbsp;housings. The bulkhead wire connectors can hold up to 22 total wire setups.&lt;/p>&#xd;&#xa;"
                    textIsRich="true">
                    <cq:responsive jcr:primaryType="nt:unstructured">
                        <default
                            jcr:primaryType="nt:unstructured"
                            offset="1"
                            width="11"/>
                    </cq:responsive>
                </text_467496844_copy_>
                <image_copy_copy_1328075875
                    jcr:created="{Date}2022-02-23T16:05:05.022+05:30"
                    jcr:createdBy="admin"
                    jcr:lastModified="{Date}2022-02-23T16:05:31.064+05:30"
                    jcr:lastModifiedBy="admin"
                    jcr:primaryType="nt:unstructured"
                    sling:resourceType="ecomm-framework/components/content/image"
                    altValueFromDAM="true"
                    displayPopupTitle="true"
                    fileReference="/content/dam/delcity/images/blogs/image-not-available-image.png"
                    isDecorative="false"
                    titleValueFromDAM="true">
                    <cq:responsive jcr:primaryType="nt:unstructured">
                        <default
                            jcr:primaryType="nt:unstructured"
                            offset="3"
                            width="6"/>
                    </cq:responsive>
                </image_copy_copy_1328075875>
                <text_467496844_copy__1146372343
                    jcr:created="{Date}2022-02-23T16:06:09.624+05:30"
                    jcr:createdBy="admin"
                    jcr:lastModified="{Date}2022-02-23T16:14:12.356+05:30"
                    jcr:lastModifiedBy="admin"
                    jcr:primaryType="nt:unstructured"
                    sling:resourceType="delcity/components/content/text"
                    text="&lt;p>&lt;b>Step 5: Inserting TPA Comb Locks&lt;/b>&lt;/p>&#xd;&#xa;&lt;p>After all wires and cavity plugs have been inserted into the connector housings, you can slide in two of our&amp;nbsp;&lt;a href=&quot;http://www.delcity.net/store/Weather-Pack-22!Way-Bulkhead-Connectors/p_810119.h_810124.t_1&quot;>TPA comb locks&lt;/a>&amp;nbsp;per housing to help protect and maintain placement. TPA comb locks keep all wires in line and prevent potential pull out. The TPAs also ensure any cavity plugs will not fall out due to environment conditions such as vibration.&lt;/p>&#xd;&#xa;"
                    textIsRich="true">
                    <cq:responsive jcr:primaryType="nt:unstructured">
                        <default
                            jcr:primaryType="nt:unstructured"
                            offset="1"
                            width="11"/>
                    </cq:responsive>
                </text_467496844_copy__1146372343>
                <image_copy_copy_1328
                    jcr:created="{Date}2022-02-23T16:05:05.022+05:30"
                    jcr:createdBy="admin"
                    jcr:lastModified="{Date}2022-02-23T16:05:31.064+05:30"
                    jcr:lastModifiedBy="admin"
                    jcr:primaryType="nt:unstructured"
                    sling:resourceType="ecomm-framework/components/content/image"
                    altValueFromDAM="true"
                    displayPopupTitle="true"
                    fileReference="/content/dam/delcity/images/blogs/image-not-available-image.png"
                    isDecorative="false"
                    titleValueFromDAM="true">
                    <cq:responsive jcr:primaryType="nt:unstructured">
                        <default
                            jcr:primaryType="nt:unstructured"
                            offset="3"
                            width="6"/>
                    </cq:responsive>
                </image_copy_copy_1328>
                <text_467496844_copy__1949334897
                    jcr:created="{Date}2022-02-23T16:06:09.624+05:30"
                    jcr:createdBy="admin"
                    jcr:lastModified="{Date}2022-02-23T16:21:17.723+05:30"
                    jcr:lastModifiedBy="admin"
                    jcr:primaryType="nt:unstructured"
                    sling:resourceType="delcity/components/content/text"
                    text="&lt;p>&lt;b>Step 6: Completing the Connection&lt;/b>&lt;/p>&#xd;&#xa;&lt;p>Once all plugs, terminals, wires, seals, and TPA comb locks have been properly inserted and placed on both the male and female housings, it is time to complete the connection. The female connector housing is designed to be inserted and mounted within a panel, while the male housing is designed to then meet and lock with the female housing on the other side of the panel to complete the connection.&lt;/p>&#xd;&#xa;"
                    textIsRich="true">
                    <cq:responsive jcr:primaryType="nt:unstructured">
                        <default
                            jcr:primaryType="nt:unstructured"
                            offset="1"
                            width="11"/>
                    </cq:responsive>
                </text_467496844_copy__1949334897>
                <image_copy_copy_1328_1859322078
                    jcr:created="{Date}2022-02-23T16:05:05.022+05:30"
                    jcr:createdBy="admin"
                    jcr:lastModified="{Date}2022-02-23T16:05:31.064+05:30"
                    jcr:lastModifiedBy="admin"
                    jcr:primaryType="nt:unstructured"
                    sling:resourceType="ecomm-framework/components/content/image"
                    altValueFromDAM="true"
                    displayPopupTitle="true"
                    fileReference="/content/dam/delcity/images/blogs/image-not-available-image.png"
                    isDecorative="false"
                    titleValueFromDAM="true">
                    <cq:responsive jcr:primaryType="nt:unstructured">
                        <default
                            jcr:primaryType="nt:unstructured"
                            offset="3"
                            width="6"/>
                    </cq:responsive>
                </image_copy_copy_1328_1859322078>
                <text_467496844_copy__600068110
                    jcr:created="{Date}2022-02-23T16:06:09.624+05:30"
                    jcr:createdBy="admin"
                    jcr:lastModified="{Date}2022-02-23T16:21:52.664+05:30"
                    jcr:lastModifiedBy="admin"
                    jcr:primaryType="nt:unstructured"
                    sling:resourceType="delcity/components/content/text"
                    text="&lt;p>Use the mounting instructions from the beginning of this guide to assist in properly setting up and inserting the connector housings into the application mount.&lt;/p>&#xd;&#xa;&lt;p>Once the female and male housings are connected together, the male housing can be secured to the female housing by tightening the ¼ inch (¼”) hex bolt found in the center of the male connector.&lt;/p>&#xd;&#xa;"
                    textIsRich="true">
                    <cq:responsive jcr:primaryType="nt:unstructured">
                        <default
                            jcr:primaryType="nt:unstructured"
                            offset="1"
                            width="11"/>
                    </cq:responsive>
                </text_467496844_copy__600068110>
                <image_copy_copy_1328_816679094
                    jcr:created="{Date}2022-02-23T16:05:05.022+05:30"
                    jcr:createdBy="admin"
                    jcr:lastModified="{Date}2022-02-23T16:05:31.064+05:30"
                    jcr:lastModifiedBy="admin"
                    jcr:primaryType="nt:unstructured"
                    sling:resourceType="ecomm-framework/components/content/image"
                    altValueFromDAM="true"
                    displayPopupTitle="true"
                    fileReference="/content/dam/delcity/images/blogs/image-not-available-image.png"
                    isDecorative="false"
                    titleValueFromDAM="true">
                    <cq:responsive jcr:primaryType="nt:unstructured">
                        <default
                            jcr:primaryType="nt:unstructured"
                            offset="3"
                            width="6"/>
                    </cq:responsive>
                </image_copy_copy_1328_816679094>
                <text_467496844_copy__1497162108
                    jcr:created="{Date}2022-02-23T16:06:09.624+05:30"
                    jcr:createdBy="admin"
                    jcr:lastModified="{Date}2022-02-23T16:22:32.050+05:30"
                    jcr:lastModifiedBy="admin"
                    jcr:primaryType="nt:unstructured"
                    sling:resourceType="delcity/components/content/text"
                    text="&lt;p>Additional&amp;nbsp;&lt;a href=&quot;http://www.delcity.net/store/Wire-Connectors-&amp;amp;-Quick-Splices/&quot;>wire connectors and electrical systems&lt;/a>&amp;nbsp;including standard Weather Pack, Metri Pack 280, Packard 56 and more are also available. For any questions, contact our technical support&amp;nbsp;at 1.800.658.4757&lt;/p>&#xd;&#xa;&lt;p>&amp;nbsp;&lt;/p>&#xd;&#xa;&lt;p>&amp;nbsp;&lt;/p>&#xd;&#xa;&lt;h6 style=&quot;margin-left: 40px;&quot;>Posted in&amp;nbsp;&lt;a href=&quot;https://blog.delcity.net/category/how-to/&quot;>How To&lt;/a>,&amp;nbsp;&lt;a href=&quot;https://blog.delcity.net/category/wire-connectors-quick-splices/&quot;>Wire Connectors &amp;amp; Quick Splices&lt;/a>.&lt;/h6>&#xd;&#xa;"
                    textIsRich="true">
                    <cq:responsive jcr:primaryType="nt:unstructured">
                        <default
                            jcr:primaryType="nt:unstructured"
                            offset="1"
                            width="11"/>
                    </cq:responsive>
                </text_467496844_copy__1497162108>
                <separator
                    jcr:created="{Date}2022-02-23T16:31:06.297+05:30"
                    jcr:createdBy="admin"
                    jcr:lastModified="{Date}2022-02-23T16:31:06.297+05:30"
                    jcr:lastModifiedBy="admin"
                    jcr:primaryType="nt:unstructured"
                    sling:resourceType="ecomm-framework/components/content/separator"/>
                <button
                    jcr:created="{Date}2022-02-23T16:31:13.745+05:30"
                    jcr:createdBy="admin"
                    jcr:lastModified="{Date}2022-02-23T16:35:07.172+05:30"
                    jcr:lastModifiedBy="admin"
                    jcr:primaryType="nt:unstructured"
                    jcr:title=" How To Wire Weather Pack Connectors"
                    sling:resourceType="ecomm-framework/components/content/button"
                    link="https://blog.delcity.net/how-to-wire-weather-pack-connectors">
                    <cq:responsive jcr:primaryType="nt:unstructured">
                        <default
                            jcr:primaryType="nt:unstructured"
                            offset="1"
                            width="4"/>
                    </cq:responsive>
                </button>
                <button_copy
                    jcr:created="{Date}2022-02-23T16:31:13.745+05:30"
                    jcr:createdBy="admin"
                    jcr:lastModified="{Date}2022-02-23T16:34:35.860+05:30"
                    jcr:lastModifiedBy="admin"
                    jcr:primaryType="nt:unstructured"
                    jcr:title="How To Change Windshield Washer Pump "
                    sling:resourceType="ecomm-framework/components/content/button"
                    link="https://blog.delcity.net/how-to-change-windshield-washer-pump/">
                    <cq:responsive jcr:primaryType="nt:unstructured">
                        <default
                            jcr:primaryType="nt:unstructured"
                            offset="3"
                            width="4"/>
                    </cq:responsive>
                </button_copy>
            </responsivegrid>
        </root>
    </jcr:content>
</jcr:root>
