<?xml version="1.0" encoding="UTF-8"?>
<jcr:root xmlns:sling="http://sling.apache.org/jcr/sling/1.0" xmlns:cq="http://www.day.com/jcr/cq/1.0" xmlns:jcr="http://www.jcp.org/jcr/1.0" xmlns:nt="http://www.jcp.org/jcr/nt/1.0"
    jcr:primaryType="cq:Page">
    <jcr:content
        cq:lastModified="{Date}2022-03-04T04:10:03.646-06:00"
        cq:lastModifiedBy="Anagha.Dwajan@mercmarine.com"
        cq:template="/conf/delcity/settings/wcm/templates/delcity-generic-template"
        jcr:primaryType="cq:PageContent"
        jcr:title="What Happens When You Blow A Fuse?"
        sling:resourceType="delcity/components/structure/page">
        <root
            jcr:primaryType="nt:unstructured"
            sling:resourceType="wcm/foundation/components/responsivegrid">
            <footer
                jcr:created="{Date}2021-06-21T14:21:52.357+05:30"
                jcr:createdBy="admin"
                jcr:lastModified="{Date}2022-02-01T17:04:20.028+05:30"
                jcr:lastModifiedBy="admin"
                jcr:primaryType="nt:unstructured"
                sling:resourceType="delcity/components/structure/footer"
                menutitle1="About Us"
                sendIcon="/content/dam/delcity/images/Icon-send@2x.png">
                <aboutus jcr:primaryType="nt:unstructured">
                    <item0
                        jcr:primaryType="nt:unstructured"
                        pagetitle="About Us"/>
                    <item1
                        jcr:primaryType="nt:unstructured"
                        pagetitle="Contact Us"/>
                    <item2
                        jcr:primaryType="nt:unstructured"
                        pagetitle="FAQs"/>
                </aboutus>
            </footer>
            <responsivegrid
                jcr:created="{Date}2021-06-21T14:21:44.042+05:30"
                jcr:createdBy="admin"
                jcr:lastModified="{Date}2022-02-01T17:04:38.578+05:30"
                jcr:lastModifiedBy="admin"
                jcr:primaryType="nt:unstructured"
                sling:resourceType="wcm/foundation/components/responsivegrid">
                <blogteaser
                    jcr:created="{Date}2022-02-25T12:38:11.150+05:30"
                    jcr:createdBy="admin"
                    jcr:lastModified="{Date}2022-02-25T12:39:26.931+05:30"
                    jcr:lastModifiedBy="admin"
                    jcr:primaryType="nt:unstructured"
                    sling:resourceType="ecomm-framework/components/content/blogteaser"
                    authoringDate="June 06, 2018"
                    authorName="Kelsey Scherf"
                    blogImage="/content/dam/delcity/images/blogs/image-not-available-image.png"
                    selectBrand="DC"
                    teaserHeader="What Happens When You Blow A Fuse?">
                    <categoryList jcr:primaryType="nt:unstructured">
                        <item0
                            jcr:primaryType="nt:unstructured"
                            delcitycategories="Fuses &amp; Fuse Accessories"/>
                    </categoryList>
                </blogteaser>
                <responsivegrid
                    jcr:created="{Date}2022-02-25T12:38:00.242+05:30"
                    jcr:createdBy="admin"
                    jcr:lastModified="{Date}2022-02-25T12:38:00.242+05:30"
                    jcr:lastModifiedBy="admin"
                    jcr:primaryType="nt:unstructured"
                    sling:resourceType="wcm/foundation/components/responsivegrid">
                    <cq:responsive jcr:primaryType="nt:unstructured"/>
                    <text
                        cq:styleIds="[1629979540972]"
                        jcr:created="{Date}2022-02-25T12:39:47.067+05:30"
                        jcr:createdBy="admin"
                        jcr:lastModified="{Date}2022-02-25T12:43:00.660+05:30"
                        jcr:lastModifiedBy="admin"
                        jcr:primaryType="nt:unstructured"
                        sling:resourceType="delcity/components/content/text"
                        text="&lt;p>&lt;a href=&quot;https://www.delcity.net/store/Fuses-&amp;amp;-Fuse-Taps/p_182&quot;>&lt;u>Fuses&lt;/u>&lt;/a>&amp;nbsp;are your first line of defense when it comes to protecting your electrical application. Once a fuse is blown, it cannot perform the protective functions that you need. Del City investigated further into what a fuse looks like during this process and slowed it down for more detail in the fuse. Enjoy!&lt;/p>&#xd;&#xa;&lt;p>&amp;nbsp;&lt;/p>&#xd;&#xa;"
                        textIsRich="true"/>
                    <embed
                        jcr:created="{Date}2022-02-25T12:40:15.586+05:30"
                        jcr:createdBy="admin"
                        jcr:lastModified="{Date}2022-02-25T12:40:27.628+05:30"
                        jcr:lastModifiedBy="admin"
                        jcr:primaryType="nt:unstructured"
                        sling:resourceType="ecomm-framework/components/content/embed"
                        html="&lt;iframe width=&quot;560&quot; height=&quot;314&quot; src=&quot;https://www.youtube.com/embed/FX5B-x1o4FQ&quot; title=&quot;YouTube video player&quot; frameborder=&quot;0&quot; allow=&quot;accelerometer; autoplay; clipboard-write; encrypted-media; gyroscope; picture-in-picture&quot; allowfullscreen>&lt;/iframe>"
                        type="html">
                        <cq:responsive jcr:primaryType="nt:unstructured">
                            <default
                                jcr:primaryType="nt:unstructured"
                                offset="4"
                                width="6"/>
                        </cq:responsive>
                    </embed>
                    <text_1944724073
                        cq:styleIds="[1629979540972]"
                        jcr:created="{Date}2022-02-25T12:40:58.647+05:30"
                        jcr:createdBy="admin"
                        jcr:lastModified="{Date}2022-02-25T12:42:42.912+05:30"
                        jcr:lastModifiedBy="admin"
                        jcr:primaryType="nt:unstructured"
                        sling:resourceType="delcity/components/content/text"
                        text="&lt;p>For further questions, feel free to reach out to our Technical Support at 1-800-654-4757 or check out our other blog posts&amp;nbsp;&lt;a href=&quot;https://blog.delcity.net/&quot;>&lt;u>here!&lt;/u>&lt;/a>&lt;/p>&#xd;&#xa;&lt;p>&amp;nbsp;&lt;/p>&#xd;&#xa;&lt;h6>&amp;nbsp; &amp;nbsp; &amp;nbsp; &amp;nbsp;Posted in&amp;nbsp;&lt;a href=&quot;https://blog.delcity.net/category/fuses-fuse-accessories/&quot;>&lt;u>Fuses &amp;amp; Fuse Accessories&lt;/u>&lt;/a>.&lt;/h6>&#xd;&#xa;&lt;h6>&amp;nbsp;&lt;/h6>&#xd;&#xa;"
                        textIsRich="true"/>
                    <separator
                        jcr:created="{Date}2022-02-25T12:43:13.229+05:30"
                        jcr:createdBy="admin"
                        jcr:lastModified="{Date}2022-02-25T12:43:13.229+05:30"
                        jcr:lastModifiedBy="admin"
                        jcr:primaryType="nt:unstructured"
                        sling:resourceType="ecomm-framework/components/content/separator"/>
                    <button_copy
                        jcr:created="{Date}2022-02-23T13:45:32.512+05:30"
                        jcr:createdBy="admin"
                        jcr:lastModified="{Date}2022-02-25T12:43:53.187+05:30"
                        jcr:lastModifiedBy="admin"
                        jcr:primaryType="nt:unstructured"
                        jcr:title="How To Keep Your Boat Safe and Efficient"
                        sling:resourceType="ecomm-framework/components/content/button"
                        link="https://blog.delcity.net/how-to-keep-your-boat-safe-and-efficient/">
                        <cq:responsive jcr:primaryType="nt:unstructured">
                            <default
                                jcr:primaryType="nt:unstructured"
                                offset="1"
                                width="5"/>
                        </cq:responsive>
                    </button_copy>
                    <button_1571626590_co
                        jcr:created="{Date}2022-02-23T13:45:38.880+05:30"
                        jcr:createdBy="admin"
                        jcr:lastModified="{Date}2022-02-25T12:44:18.692+05:30"
                        jcr:lastModifiedBy="admin"
                        jcr:primaryType="nt:unstructured"
                        jcr:title="How To Replace A Fuse"
                        sling:resourceType="ecomm-framework/components/content/button"
                        link="https://blog.delcity.net/how-to-replace-a-fuse/">
                        <cq:responsive jcr:primaryType="nt:unstructured">
                            <default
                                jcr:primaryType="nt:unstructured"
                                offset="4"
                                width="2"/>
                        </cq:responsive>
                    </button_1571626590_co>
                    <text_876535331
                        jcr:created="{Date}2022-02-25T12:44:51.406+05:30"
                        jcr:createdBy="admin"
                        jcr:lastModified="{Date}2022-02-25T12:44:51.406+05:30"
                        jcr:lastModifiedBy="admin"
                        jcr:primaryType="nt:unstructured"
                        sling:resourceType="delcity/components/content/text"/>
                </responsivegrid>
            </responsivegrid>
        </root>
    </jcr:content>
</jcr:root>
