<?xml version="1.0" encoding="UTF-8"?>
<jcr:root xmlns:sling="http://sling.apache.org/jcr/sling/1.0" xmlns:cq="http://www.day.com/jcr/cq/1.0" xmlns:jcr="http://www.jcp.org/jcr/1.0" xmlns:mix="http://www.jcp.org/jcr/mix/1.0" xmlns:nt="http://www.jcp.org/jcr/nt/1.0"
    jcr:primaryType="cq:Page">
    <jcr:content
        cq:lastModified="{Date}2022-12-02T00:11:11.754-06:00"
        cq:lastModifiedBy="Sumedha.Kansal@mercmarine.com"
        cq:lastReplicated="{Date}2022-10-14T00:43:29.086-05:00"
        cq:lastReplicatedBy="Mahesh.Pati@mercmarine.com"
        cq:lastReplicationAction="Activate"
        cq:template="/conf/delcity/settings/wcm/templates/delcity-generic-template"
        jcr:isCheckedOut="{Boolean}true"
        jcr:mixinTypes="[mix:versionable]"
        jcr:primaryType="cq:PageContent"
        jcr:title="Product Listing"
        jcr:uuid="f367b2b4-18b2-407b-a5b5-793676bd5201"
        sling:resourceType="delcity/components/structure/page"
        fblink="https://www.facebook.com/delcitydirect"
        linkedinlink="https://www.linkedin.com/company/del-city"
        twitterlink="https://www.twitter.com/delcitydirect"
        youtubelink="https://www.youtube.com/delcitydirect">
        <root
            jcr:primaryType="nt:unstructured"
            sling:resourceType="wcm/foundation/components/responsivegrid">
            <responsivegrid
                jcr:created="{Date}2021-06-21T14:21:44.042+05:30"
                jcr:createdBy="admin"
                jcr:lastModified="{Date}2021-06-21T11:10:43.011Z"
                jcr:lastModifiedBy="PVATCHAVAYI"
                jcr:primaryType="nt:unstructured"
                sling:resourceType="wcm/foundation/components/responsivegrid">
                <breadcrumb
                    jcr:created="{Date}2021-09-21T00:45:19.745-05:00"
                    jcr:createdBy="Amit.Vikram@mercmarine.com"
                    jcr:lastModified="{Date}2022-03-11T23:15:11.378-06:00"
                    jcr:lastModifiedBy="Jane.Martin@mercmarine.com"
                    jcr:primaryType="nt:unstructured"
                    sling:resourceType="ecomm-framework/components/content/breadcrumb"
                    disableShadowing="false"
                    dynamicBreadcrumb="true"
                    hideCurrent="false"
                    showHidden="true"
                    startLevel="4"
                    structureDepth="6"/>
                <productlisting
                    jcr:created="{Date}2021-06-22T07:23:32.885Z"
                    jcr:createdBy="PVATCHAVAYI"
                    jcr:lastModified="{Date}2022-12-02T00:11:11.744-06:00"
                    jcr:lastModifiedBy="Sumedha.Kansal@mercmarine.com"
                    jcr:primaryType="nt:unstructured"
                    sling:resourceType="delcity/components/commerce/productlisting"
                    cartErrormessage="The site has encountered an error, please contact Customer Service at 1.800.654.4752"
                    imagenotavailableurl="https://s7d2.scene7.com/is/image/brunswick/MER-3135_eComm_ImageNotAvailable_DelCity_180x145?$ASSETS-120-120-S$"
                    pdpurl="/content/ecommerce/delcity/language-masters/en/product-details">
                    <itemsPerPageSelection jcr:primaryType="nt:unstructured">
                        <item0
                            jcr:primaryType="nt:unstructured"
                            itemsPerPage="24"/>
                        <item1
                            jcr:primaryType="nt:unstructured"
                            itemsPerPage="48"/>
                        <item2
                            jcr:primaryType="nt:unstructured"
                            itemsPerPage="72"/>
                    </itemsPerPageSelection>
                    <sortDropDown jcr:primaryType="nt:unstructured">
                        <item0
                            jcr:primaryType="nt:unstructured"
                            title="Relevance"
                            value="Relevance"/>
                        <item1
                            jcr:primaryType="nt:unstructured"
                            title="Item # (Ascending)"
                            value="part_number ASC"/>
                        <item2
                            jcr:primaryType="nt:unstructured"
                            title="Item # (Descending)"
                            value="part_number DESC"/>
                        <item3
                            jcr:primaryType="nt:unstructured"
                            title="Brand name ASC"
                            value="brand_name ASC"/>
                        <item4
                            jcr:primaryType="nt:unstructured"
                            title="Brand name DESC"
                            value="brand_name DESC"/>
                    </sortDropDown>
                </productlisting>
            </responsivegrid>
        </root>
    </jcr:content>
</jcr:root>
