<?xml version="1.0" encoding="UTF-8"?>
<jcr:root xmlns:sling="http://sling.apache.org/jcr/sling/1.0" xmlns:cq="http://www.day.com/jcr/cq/1.0" xmlns:jcr="http://www.jcp.org/jcr/1.0" xmlns:mix="http://www.jcp.org/jcr/mix/1.0" xmlns:nt="http://www.jcp.org/jcr/nt/1.0"
    jcr:primaryType="cq:Page">
    <jcr:content
        cq:lastModified="{Date}2022-03-04T07:40:32.106-06:00"
        cq:lastModifiedBy="Anagha.Dwajan@mercmarine.com"
        cq:lastReplicated="{Date}2022-03-02T22:42:42.664-06:00"
        cq:lastReplicatedBy="Anagha.Dwajan@mercmarine.com"
        cq:lastReplicationAction="Activate"
        cq:template="/conf/delcity/settings/wcm/templates/delcity-generic-template"
        jcr:isCheckedOut="{Boolean}true"
        jcr:mixinTypes="[mix:versionable]"
        jcr:primaryType="cq:PageContent"
        jcr:title="Growth in the Marine Industry"
        jcr:uuid="0552092c-0477-4cee-82bc-031408bf63d4"
        sling:resourceType="delcity/components/structure/page">
        <root
            jcr:primaryType="nt:unstructured"
            sling:resourceType="wcm/foundation/components/responsivegrid">
            <footer
                jcr:created="{Date}2021-06-21T14:21:52.357+05:30"
                jcr:createdBy="admin"
                jcr:lastModified="{Date}2022-02-01T17:04:20.028+05:30"
                jcr:lastModifiedBy="admin"
                jcr:primaryType="nt:unstructured"
                sling:resourceType="delcity/components/structure/footer"
                menutitle1="About Us"
                sendIcon="/content/dam/delcity/images/Icon-send@2x.png">
                <aboutus jcr:primaryType="nt:unstructured">
                    <item0
                        jcr:primaryType="nt:unstructured"
                        pagetitle="About Us"/>
                    <item1
                        jcr:primaryType="nt:unstructured"
                        pagetitle="Contact Us"/>
                    <item2
                        jcr:primaryType="nt:unstructured"
                        pagetitle="FAQs"/>
                </aboutus>
            </footer>
            <responsivegrid
                jcr:created="{Date}2021-06-21T14:21:44.042+05:30"
                jcr:createdBy="admin"
                jcr:lastModified="{Date}2022-02-01T17:04:38.578+05:30"
                jcr:lastModifiedBy="admin"
                jcr:primaryType="nt:unstructured"
                sling:resourceType="wcm/foundation/components/responsivegrid">
                <blogteaser
                    jcr:created="{Date}2022-02-22T10:43:23.936+05:30"
                    jcr:createdBy="admin"
                    jcr:lastModified="{Date}2022-03-04T07:40:26.604-06:00"
                    jcr:lastModifiedBy="Anagha.Dwajan@mercmarine.com"
                    jcr:primaryType="nt:unstructured"
                    sling:resourceType="ecomm-framework/components/content/blogteaser"
                    authoringDate="October 17, 2018"
                    authorName="Kelsey Scherf"
                    blogImage="/content/dam/delcity/images/blogs/image-not-available-image.png"
                    selectBrand="DC"
                    teaserHeader="Growth in the Marine Industry">
                    <categoryList jcr:primaryType="nt:unstructured">
                        <item0
                            jcr:primaryType="nt:unstructured"
                            delcitycategories="Marine"/>
                    </categoryList>
                </blogteaser>
                <responsivegrid
                    jcr:created="{Date}2022-02-22T10:43:16.358+05:30"
                    jcr:createdBy="admin"
                    jcr:lastModified="{Date}2022-02-22T10:43:16.358+05:30"
                    jcr:lastModifiedBy="admin"
                    jcr:primaryType="nt:unstructured"
                    sling:resourceType="wcm/foundation/components/responsivegrid">
                    <cq:responsive jcr:primaryType="nt:unstructured"/>
                    <text
                        cq:styleIds="[1629979540972]"
                        jcr:created="{Date}2022-02-22T10:45:02.931+05:30"
                        jcr:createdBy="admin"
                        jcr:lastModified="{Date}2022-02-28T15:07:32.516+05:30"
                        jcr:lastModifiedBy="admin"
                        jcr:primaryType="nt:unstructured"
                        sling:resourceType="delcity/components/content/text"
                        text="&lt;p>&amp;nbsp; &amp;nbsp; &amp;nbsp; &amp;nbsp; &amp;nbsp;Check Out Del City’s Marine Catalog&amp;nbsp;&lt;a href=&quot;http://blog.delcity.net/wp-content/uploads/2019/03/Marine-Mini-Catalog-2018-digital.pdf&quot;>&lt;u>here!&lt;/u>&lt;/a>&lt;/p>&#xd;&#xa;&lt;p>&amp;nbsp;&lt;/p>&#xd;&#xa;"
                        textIsRich="true"/>
                    <image
                        jcr:created="{Date}2022-02-22T10:45:30.468+05:30"
                        jcr:createdBy="admin"
                        jcr:lastModified="{Date}2022-02-22T10:50:13.353+05:30"
                        jcr:lastModifiedBy="admin"
                        jcr:primaryType="nt:unstructured"
                        sling:resourceType="ecomm-framework/components/content/image"
                        altValueFromDAM="true"
                        displayPopupTitle="true"
                        fileReference="/content/dam/delcity/images/blogs/GrowthInMarine.jpg"
                        isDecorative="false"
                        titleValueFromDAM="true">
                        <cq:responsive jcr:primaryType="nt:unstructured">
                            <default
                                jcr:primaryType="nt:unstructured"
                                behavior="newline"
                                offset="1"
                                width="3"/>
                        </cq:responsive>
                    </image>
                    <text_1644311243
                        cq:styleIds="[1629979545994]"
                        jcr:created="{Date}2022-02-22T10:45:38.501+05:30"
                        jcr:createdBy="admin"
                        jcr:lastModified="{Date}2022-02-28T15:07:50.137+05:30"
                        jcr:lastModifiedBy="admin"
                        jcr:primaryType="nt:unstructured"
                        sling:resourceType="delcity/components/content/text"
                        text="&lt;p>Boats of any size can be found just about everywhere in the world. From large commercial boats to small fishing boats, the market continues to see significant growth. Is this growth expected to continue? Which segments are seeing the most changes?&amp;nbsp;&lt;a href=&quot;https://www.delcity.net/?utm_source=blog&amp;amp;utm_medium=referral&amp;amp;utm_campaign=1018-Marine&amp;amp;utm_content=marine&quot;>&lt;u>Del City&lt;/u>&lt;/a>&amp;nbsp;digs into these questions and more to help explain the many facets of the marine industry.&lt;/p>&#xd;&#xa;"
                        textIsRich="true">
                        <cq:responsive jcr:primaryType="nt:unstructured">
                            <default
                                jcr:primaryType="nt:unstructured"
                                behavior="none"
                                offset="0"
                                width="7"/>
                        </cq:responsive>
                    </text_1644311243>
                    <text_1712139211
                        jcr:created="{Date}2022-02-22T10:50:38.233+05:30"
                        jcr:createdBy="admin"
                        jcr:lastModified="{Date}2022-02-28T15:08:23.015+05:30"
                        jcr:lastModifiedBy="admin"
                        jcr:primaryType="nt:unstructured"
                        sling:resourceType="delcity/components/content/text"
                        text="&lt;p>A large portion of growing boat sales are attributed to boat shows both domestically and&amp;nbsp;internationally. According to the National Marine Manufacturer’s Association (NMMA), the marine market sees the highest spike in sales from January to March. Most boat buyers (especially for large industrial boats) do not purchase directly at the show, but instead&amp;nbsp;use these shows as research to purchase within the next couple months. Major boat shows such as the International Boat Builders’ Exhibition &amp;amp; Conference (IBEX) and the Fort Lauderdale International Boat Show (FLIBS) both take place in October or early November. This gives buyers plenty of time to choose the correct vessel for their business as well as take advantage of great deals from the show. According to NMMA, shows in the boating industry can generate up to 50% of sales for manufacturers and dealers. With new marine shows being adding yearly, the events for boat buying are expected to expand both the number of boats purchased as well as revenue.&lt;/p>&#xd;&#xa;&lt;p>Boat and exhibition shows are not the only contributing factor to the marine industry’s explosive growth. Marine vessels are often seen as a major American-made industry, with around 95% of the boats solid in the United States are manufactured in the United States. In terms of recreational boats, this is partly to do with consumer spending and an increased amount of disposable income. In terms of large commercial vessels or industrial boats, it can likely be attributed to a consistent growth in business success. When companies are seeing larger economic growth, they need not only more marine vessels but also larger vessels. This in turn makes the company more efficient while transporting more goods; this then continues the cycle of business success and purchasing of more marine vessels.&lt;/p>&#xd;&#xa;&lt;p>With the larger boats, the industry is seeing one consistent trend—big boats are back in more ways than ever. Commercially, industrially, and recreationally, boat sizes are getting larger and larger as the years continue. In 2015, small recreational and power boats dominated the market. In the past couple years, the heightened sales of much larger vessels has seen gains around three percent. Considering the higher prices tags on significantly larger boats, this floats larger commercial vessels and yachts above the typical seed, power, or fishing boats.&lt;/p>&#xd;&#xa;&lt;p>What else is changing in the marine industry? The boat technology is more advanced and growing by the minute. Although this is also helpful for recreational boating, increased technology is where commercial and industrial vessels really shine. Because these boats are larger and hold significantly more cargo than a six person pontoon, they are constantly being updated. This includes upgrades such as lighting, GPS technology, weather resistant tools, and protective wiring. Many&amp;nbsp;&lt;a href=&quot;http://blog.delcity.net/wp-content/uploads/2019/03/Marine-Mini-Catalog-2018-digital.pdf&quot;>&lt;u>products&lt;/u>&lt;/a>&amp;nbsp;are now certified as “marine grade” in order to withstand the harsh conditions that industrial and commercial boats endure on their long treks. This in turn makes the boats more efficient and safe for both short and long commutes.&lt;/p>&#xd;&#xa;&lt;p>Overall, it is expected that the marine industry will not be slowing down any time soon. With an expected value of $5.04 billion by 2023, the marine composite industry is expected grow faster than many other industrial markets. To find the perfect&amp;nbsp;&lt;a href=&quot;http://blog.delcity.net/wp-content/uploads/2019/03/Marine-Mini-Catalog-2018-digital.pdf&quot;>&lt;u>products for your marine application&lt;/u>&lt;/a>, Del City created a&amp;nbsp;&lt;a href=&quot;http://blog.delcity.net/wp-content/uploads/2019/03/Marine-Mini-Catalog-2018-digital.pdf&quot;>&lt;u>catalog&lt;/u>&lt;/a>&amp;nbsp;to be your one-stop shop. To read more about how to keep your boat safe and efficient, check out our&amp;nbsp;&lt;a href=&quot;https://blog.delcity.net/how-to-keep-your-boat-safe-and-efficient&quot;>&lt;u>blog article&lt;/u>&lt;/a>. For any product questions, please don’t hesitate to reach out to Del City at 1-800-654-4757.&lt;/p>&#xd;&#xa;&lt;h6>&amp;nbsp; &amp;nbsp; &amp;nbsp; &amp;nbsp; &amp;nbsp; &amp;nbsp; &amp;nbsp; Posted in&amp;nbsp;&lt;a href=&quot;https://blog.delcity.net/category/marine/&quot;>&lt;u>Marine&lt;/u>&lt;/a>.&lt;/h6>&#xd;&#xa;"
                        textIsRich="true"/>
                    <separator
                        jcr:created="{Date}2022-02-22T10:58:14.232+05:30"
                        jcr:createdBy="admin"
                        jcr:lastModified="{Date}2022-02-22T10:58:14.232+05:30"
                        jcr:lastModifiedBy="admin"
                        jcr:primaryType="nt:unstructured"
                        sling:resourceType="ecomm-framework/components/content/separator"/>
                    <button
                        jcr:created="{Date}2022-02-22T10:58:28.317+05:30"
                        jcr:createdBy="admin"
                        jcr:lastModified="{Date}2022-02-22T11:00:02.901+05:30"
                        jcr:lastModifiedBy="admin"
                        jcr:primaryType="nt:unstructured"
                        jcr:title="How To Test &amp; Change A Fuse In A Vehicle"
                        sling:resourceType="ecomm-framework/components/content/button"
                        link="https://blog.delcity.net/how-to-test-change-a-fuse-in-a-vehicle/">
                        <cq:responsive jcr:primaryType="nt:unstructured">
                            <default
                                jcr:primaryType="nt:unstructured"
                                offset="1"
                                width="4"/>
                        </cq:responsive>
                    </button>
                    <button_1443229002
                        jcr:created="{Date}2022-02-22T10:58:37.361+05:30"
                        jcr:createdBy="admin"
                        jcr:lastModified="{Date}2022-02-22T11:00:34.912+05:30"
                        jcr:lastModifiedBy="admin"
                        jcr:primaryType="nt:unstructured"
                        jcr:title="Del City Lowers All Wire Prices"
                        sling:resourceType="ecomm-framework/components/content/button"
                        link="https://blog.delcity.net/del-city-lowers-all-wire-prices/">
                        <cq:responsive jcr:primaryType="nt:unstructured">
                            <default
                                jcr:primaryType="nt:unstructured"
                                offset="4"
                                width="3"/>
                        </cq:responsive>
                    </button_1443229002>
                    <text_1181701547
                        jcr:created="{Date}2022-02-22T11:03:13.016+05:30"
                        jcr:createdBy="admin"
                        jcr:lastModified="{Date}2022-02-22T11:03:13.016+05:30"
                        jcr:lastModifiedBy="admin"
                        jcr:primaryType="nt:unstructured"
                        sling:resourceType="delcity/components/content/text"/>
                </responsivegrid>
            </responsivegrid>
        </root>
    </jcr:content>
</jcr:root>
