<?xml version="1.0" encoding="UTF-8"?>
<jcr:root xmlns:sling="http://sling.apache.org/jcr/sling/1.0" xmlns:cq="http://www.day.com/jcr/cq/1.0" xmlns:jcr="http://www.jcp.org/jcr/1.0" xmlns:mix="http://www.jcp.org/jcr/mix/1.0" xmlns:nt="http://www.jcp.org/jcr/nt/1.0"
    jcr:primaryType="cq:Page">
    <jcr:content
        cq:lastModified="{Date}2022-07-17T03:21:24.972-05:00"
        cq:lastModifiedBy="Sravani.Madiki@mercmarine.com"
        cq:lastReplicated="{Date}2022-07-17T03:21:35.597-05:00"
        cq:lastReplicatedBy="Sravani.Madiki@mercmarine.com"
        cq:lastReplicationAction="Activate"
        cq:template="/conf/merclink/settings/wcm/templates/page-content"
        jcr:isCheckedOut="{Boolean}true"
        jcr:mixinTypes="[mix:versionable]"
        jcr:primaryType="cq:PageContent"
        jcr:title="Manage Account"
        jcr:uuid="50814a4c-477a-4020-b134-a11dd01737f0"
        sling:resourceType="merclink/components/structure/page">
        <root
            jcr:primaryType="nt:unstructured"
            sling:resourceType="merclink/components/container"
            layout="responsiveGrid">
            <container
                jcr:primaryType="nt:unstructured"
                sling:resourceType="merclink/components/container"
                layout="responsiveGrid">
                <title
                    jcr:primaryType="nt:unstructured"
                    sling:resourceType="merclink/components/title"/>
                <container
                    jcr:lastModified="{Date}2022-05-17T18:48:33.234+05:30"
                    jcr:lastModifiedBy="admin"
                    jcr:primaryType="nt:unstructured"
                    sling:resourceType="merclink/components/container"
                    layout="responsiveGrid">
                    <breadcrumb
                        jcr:created="{Date}2022-07-03T12:50:44.912-05:00"
                        jcr:createdBy="Abburi.Chowdary@Brunswick.com"
                        jcr:lastModified="{Date}2022-07-03T12:51:25.389-05:00"
                        jcr:lastModifiedBy="Abburi.Chowdary@Brunswick.com"
                        jcr:primaryType="nt:unstructured"
                        sling:resourceType="merclink/components/content/breadcrumb"
                        disableShadowing="false"
                        hideCurrent="false"
                        showHidden="false"
                        startLevel="2">
                        <cq:responsive jcr:primaryType="nt:unstructured">
                            <default
                                jcr:primaryType="nt:unstructured"
                                behavior="hide"/>
                        </cq:responsive>
                    </breadcrumb>
                    <cstmbreadcrumb
                        jcr:created="{Date}2022-07-16T01:08:36.774-05:00"
                        jcr:createdBy="Sravani.Madiki@mercmarine.com"
                        jcr:lastModified="{Date}2022-07-16T01:10:14.359-05:00"
                        jcr:lastModifiedBy="Sravani.Madiki@mercmarine.com"
                        jcr:primaryType="nt:unstructured"
                        sling:resourceType="merclink/components/content/cstmbreadcrumb"
                        currentpagetitle="My Account">
                        <navItemList jcr:primaryType="nt:unstructured">
                            <item0
                                jcr:primaryType="nt:unstructured"
                                pagelabel="Home"
                                pagelink="/content/ecommerce/merclink/au/en/home.html"/>
                        </navItemList>
                    </cstmbreadcrumb>
                    <personalinfo
                        jcr:created="{Date}2022-05-17T18:48:47.006+05:30"
                        jcr:createdBy="admin"
                        jcr:lastModified="{Date}2022-07-17T03:21:24.925-05:00"
                        jcr:lastModifiedBy="Sravani.Madiki@mercmarine.com"
                        jcr:primaryType="nt:unstructured"
                        sling:resourceType="merclink/components/content/personalInfo"
                        changeEmail="Change Email"
                        changePass="Change Password"
                        chngpwdlnk="https://BrunswickB2CDev.b2clogin.com/BrunswickB2CDev.onmicrosoft.com/oauth2/v2.0/authorize?p=B2C_1A_ANZP_PASSWORDCHANGEOIDC&amp;client_id=60a970fb-b35c-417a-9317-306ecbe9ce30&amp;nonce=defaultNonce&amp;redirect_uri=https%3A%2f%2fqac-merclink.mercurymarine.com.au&amp;scope=openid&amp;response_type=code"
                        contactLabel="Contact Information"
                        errorIcon="/content/dam/merclink/images/error-sign.svg"
                        personalTitle="Personal Information"
                        successIcon="/content/dam/merclink/images/check.png"/>
                    <accountlist
                        jcr:created="{Date}2022-05-17T18:48:55.934+05:30"
                        jcr:createdBy="admin"
                        jcr:lastModified="{Date}2022-05-18T08:17:21.340+05:30"
                        jcr:lastModifiedBy="admin"
                        jcr:primaryType="nt:unstructured"
                        sling:resourceType="merclink/components/content/accountList"
                        accountNameLabel="Account Name"
                        accountTitle="Account List"
                        administratorLabel="Administrator"
                        defaultAccount="Default Account"
                        numberLabel="Account Number"
                        saveBtn="Save"/>
                </container>
            </container>
        </root>
    </jcr:content>
</jcr:root>
