<?xml version="1.0" encoding="UTF-8"?>
<jcr:root xmlns:sling="http://sling.apache.org/jcr/sling/1.0" xmlns:cq="http://www.day.com/jcr/cq/1.0" xmlns:jcr="http://www.jcp.org/jcr/1.0" xmlns:nt="http://www.jcp.org/jcr/nt/1.0"
    jcr:primaryType="cq:Page">
    <jcr:content
        cq:lastModified="{Date}2022-03-04T08:05:21.620-06:00"
        cq:lastModifiedBy="Anagha.Dwajan@mercmarine.com"
        cq:template="/conf/delcity/settings/wcm/templates/delcity-generic-template"
        jcr:primaryType="cq:PageContent"
        jcr:title="Ask the Expert: Air Brakes &amp; Automotive Braking"
        sling:resourceType="delcity/components/structure/page">
        <root
            jcr:primaryType="nt:unstructured"
            sling:resourceType="wcm/foundation/components/responsivegrid">
            <responsivegrid
                jcr:created="{Date}2021-07-19T21:39:11.006+05:30"
                jcr:createdBy="admin"
                jcr:lastModified="{Date}2021-07-19T11:16:38.662-05:00"
                jcr:lastModifiedBy="Praveen.Vatchavayi@mercmarine.com"
                jcr:primaryType="nt:unstructured"
                sling:resourceType="wcm/foundation/components/responsivegrid">
                <blogteaser
                    jcr:created="{Date}2022-02-18T14:22:58.229+05:30"
                    jcr:createdBy="admin"
                    jcr:lastModified="{Date}2022-03-04T08:05:21.608-06:00"
                    jcr:lastModifiedBy="Anagha.Dwajan@mercmarine.com"
                    jcr:primaryType="nt:unstructured"
                    sling:resourceType="ecomm-framework/components/content/blogteaser"
                    authoringDate="April 09, 2018"
                    authorName="Kelsey Scherf"
                    blogImage="/content/dam/delcity/images/blogs/image-not-available-image.png"
                    selectBrand="DC"
                    teaserHeader="Ask the Expert: Air Brakes &amp; Automotive Braking">
                    <categoryList jcr:primaryType="nt:unstructured">
                        <item0
                            jcr:primaryType="nt:unstructured"
                            delcitycategories="Automotive"/>
                        <item1
                            jcr:primaryType="nt:unstructured"
                            delcitycategories="Speciality Vehicles"/>
                    </categoryList>
                </blogteaser>
                <responsivegrid
                    jcr:created="{Date}2022-02-18T14:12:16.688+05:30"
                    jcr:createdBy="admin"
                    jcr:lastModified="{Date}2022-02-18T14:12:16.688+05:30"
                    jcr:lastModifiedBy="admin"
                    jcr:primaryType="nt:unstructured"
                    sling:resourceType="wcm/foundation/components/responsivegrid">
                    <cq:responsive jcr:primaryType="nt:unstructured"/>
                    <text
                        jcr:created="{Date}2022-02-18T14:33:12.697+05:30"
                        jcr:createdBy="admin"
                        jcr:lastModified="{Date}2022-02-25T12:15:43.295+05:30"
                        jcr:lastModifiedBy="admin"
                        jcr:primaryType="nt:unstructured"
                        sling:resourceType="delcity/components/content/text"
                        text="&lt;p>Everyone knows that brakes cause a vehicle to stop, but may not&amp;nbsp;exactly know how brakes work. There is not solely one type of brake, so to clear up any confusion we sat down with Del City’s&amp;nbsp;Technical Specialist. In this segment, our Technical Specialist will answer common questions about&amp;nbsp;&lt;a href=&quot;https://www.delcity.net/store/Air-Braking-Products/p_822133&quot;>&lt;u>air brakes&lt;/u>&lt;/a>&amp;nbsp;and&amp;nbsp;&lt;a href=&quot;https://www.delcity.net/store/Automotive-Brake-Lines-&amp;amp;-Fittings/p_798723&quot;>&lt;u>hydraulic brakes&lt;/u>&lt;/a>, as well as how they differ from electric brakes. Hopefully our Technical Specialist is able to clear up this topic and increase your industry knowledge of these systems.&lt;/p>&#xd;&#xa;"
                        textIsRich="true">
                        <cq:responsive jcr:primaryType="nt:unstructured">
                            <default
                                jcr:primaryType="nt:unstructured"
                                offset="0"
                                width="8"/>
                        </cq:responsive>
                    </text>
                    <image
                        jcr:created="{Date}2022-02-18T14:34:04.722+05:30"
                        jcr:createdBy="admin"
                        jcr:lastModified="{Date}2022-02-23T15:46:29.081+05:30"
                        jcr:lastModifiedBy="admin"
                        jcr:primaryType="nt:unstructured"
                        sling:resourceType="ecomm-framework/components/content/image"
                        altValueFromDAM="false"
                        displayPopupTitle="true"
                        fileReference="/content/dam/delcity/images/blogs/image-not-available-image.png"
                        isDecorative="false"
                        titleValueFromDAM="false">
                        <cq:responsive jcr:primaryType="nt:unstructured">
                            <default
                                jcr:primaryType="nt:unstructured"
                                offset="0"
                                width="3"/>
                        </cq:responsive>
                    </image>
                    <text_388581692
                        cq:styleIds="[1629979540972]"
                        jcr:created="{Date}2022-02-18T14:39:39.882+05:30"
                        jcr:createdBy="admin"
                        jcr:lastModified="{Date}2022-02-25T12:16:20.613+05:30"
                        jcr:lastModifiedBy="admin"
                        jcr:primaryType="nt:unstructured"
                        sling:resourceType="delcity/components/content/text"
                        text="&lt;p>&lt;b>Q: Where in the industry do air brakes shine?&lt;/b>&lt;/p>&#xd;&#xa;&lt;p>&amp;nbsp;&lt;/p>&#xd;&#xa;&lt;p>&lt;b>A:&lt;/b>&amp;nbsp;Air brakes are great for semi-trucks and large trailers. In comparison to hydraulic or electric brakes, air braking systems are better for heavier applications. Electric brakes are more commonly used in small trailers where air braking would be overkill.&lt;/p>&#xd;&#xa;&lt;p>&amp;nbsp;&lt;/p>&#xd;&#xa;&lt;p>&lt;b>Q: Are Hydraulic and Electric brakes the same thing?&lt;/b>&lt;/p>&#xd;&#xa;&lt;p>&amp;nbsp;&lt;/p>&#xd;&#xa;&lt;p>&lt;b>A:&lt;/b>&amp;nbsp;No! Hydraulic brakes are fluid based. When the hydraulic brake is triggered, the cylinder pushes fluid to the brake pads. This fluid then pushes through the rotor between the pads to stop the vehicle. Electric braking is done through magnets and a completely electrical design. Air braking is a similar concept to&amp;nbsp;&lt;a href=&quot;https://www.delcity.net/store/Automotive-Brake-Lines-&amp;amp;-Fittings/p_798723&quot;>&lt;u>hydraulic breaking&lt;/u>&lt;/a>, whereas electric brakes are a completely different design.&lt;/p>&#xd;&#xa;&lt;p>&amp;nbsp;&lt;/p>&#xd;&#xa;&lt;p>&lt;b>Q: What are some pros and cons of air braking systems?&lt;/b>&lt;/p>&#xd;&#xa;&lt;p>&amp;nbsp;&lt;/p>&#xd;&#xa;&lt;p>&lt;b>A:&lt;/b>&amp;nbsp;A pro is it can handle heavier applications where an electric braking system won’t do the trick. Often an&amp;nbsp;&lt;a href=&quot;https://www.delcity.net/store/Air-Braking-Products/p_822133&quot;>&lt;u>air braking system&lt;/u>&lt;/a>&amp;nbsp;is the only option to get a heavy truck/semi to stop properly. It can also be argued that in the long run, air braking systems are easier to maintain. A con is that air brakes are often more costly because they require more parts. The tow vehicle would need to be fitted for air brakes, as well as needing a compressor and air tank.&lt;/p>&#xd;&#xa;&lt;p>&amp;nbsp;&lt;/p>&#xd;&#xa;&lt;p>&lt;b>Q: Let’s get into the physical parts of a hydraulic brake system. Can you give a brief description?&lt;/b>&lt;/p>&#xd;&#xa;"
                        textIsRich="true">
                        <cq:responsive jcr:primaryType="nt:unstructured">
                            <default
                                jcr:primaryType="nt:unstructured"
                                offset="0"
                                width="12"/>
                        </cq:responsive>
                    </text_388581692>
                    <text_1629836995
                        jcr:created="{Date}2022-02-23T15:55:23.110+05:30"
                        jcr:createdBy="admin"
                        jcr:lastModified="{Date}2022-02-25T12:16:38.353+05:30"
                        jcr:lastModifiedBy="admin"
                        jcr:primaryType="nt:unstructured"
                        sling:resourceType="delcity/components/content/text"
                        text="&lt;p>&lt;b>A:&lt;/b>&amp;nbsp;&lt;i>&amp;nbsp;&amp;nbsp;&lt;/i>1.&amp;nbsp;&lt;a href=&quot;https://www.delcity.net/store/Hydraulic-Steel-Brake-Line-Tubing/p_798744.h_798967&quot;>&lt;u>Hydraulic steel brake line tubing&lt;/u>&lt;/a>&amp;nbsp;(see photo to the right)&amp;nbsp;is your main brake line.&amp;nbsp;You can cut it to the length you want and add your own fittings.&lt;/p>&#xd;&#xa;&lt;p>&amp;nbsp; &amp;nbsp; &amp;nbsp; &amp;nbsp;2.&amp;nbsp;&lt;a href=&quot;https://www.delcity.net/store/PVF-Brake-Lines/p_820239.h_820240&quot;>&lt;u>PVF brake lines&lt;/u>&lt;/a>&amp;nbsp;are the steel lines described above with a coating for corrosion resistance. This is great for dealing with harsher environments or issues such as road salt or standing water. For example, these brake lines work great for winter climates where snow and ice is an issue&lt;/p>&#xd;&#xa;"
                        textIsRich="true">
                        <cq:responsive jcr:primaryType="nt:unstructured">
                            <default
                                jcr:primaryType="nt:unstructured"
                                offset="0"
                                width="8"/>
                        </cq:responsive>
                    </text_1629836995>
                    <image_917812830
                        jcr:created="{Date}2022-02-23T15:55:33.575+05:30"
                        jcr:createdBy="admin"
                        jcr:lastModified="{Date}2022-02-23T15:57:41.258+05:30"
                        jcr:lastModifiedBy="admin"
                        jcr:primaryType="nt:unstructured"
                        sling:resourceType="ecomm-framework/components/content/image"
                        altValueFromDAM="true"
                        displayPopupTitle="true"
                        fileReference="/content/dam/delcity/images/blogs/image-not-available-image.png"
                        isDecorative="false"
                        titleValueFromDAM="true">
                        <cq:responsive jcr:primaryType="nt:unstructured">
                            <default
                                jcr:primaryType="nt:unstructured"
                                offset="0"
                                width="3"/>
                        </cq:responsive>
                    </image_917812830>
                    <text_1042805712
                        cq:styleIds="[1629979540972]"
                        jcr:created="{Date}2022-02-23T15:58:22.752+05:30"
                        jcr:createdBy="admin"
                        jcr:lastModified="{Date}2022-02-25T12:17:05.908+05:30"
                        jcr:lastModifiedBy="admin"
                        jcr:primaryType="nt:unstructured"
                        sling:resourceType="delcity/components/content/text"
                        text="&lt;p>&amp;nbsp; &amp;nbsp; &amp;nbsp; &amp;nbsp;3.&amp;nbsp;&amp;nbsp;&lt;a href=&quot;https://www.delcity.net/store/Hydraulic-Steel-Brake-Lines/p_798743.h_798927&quot;>&lt;u>Hydraulic steel brake lines&lt;/u>&lt;/a>&amp;nbsp;are the same as the tubing described above, but set to specific sizes. They come with fittings attached. These are best for smaller applications where you don’t need custom sizing.&lt;/p>&#xd;&#xa;&lt;p>&amp;nbsp;&lt;/p>&#xd;&#xa;&lt;p>&amp;nbsp; &amp;nbsp; &amp;nbsp; &amp;nbsp;4.&amp;nbsp;&lt;a href=&quot;https://www.delcity.net/store/Brake-Line-Fittings/p_820259.h_820260&quot;>&lt;u>Brake line fittings&lt;/u>&lt;/a>&amp;nbsp;connect the brake lines to either the hoses are actual brake line components such as cylinders. These are necessary for a complete brake assembly. Fittings also include adapters to make sure you have a custom fit.&lt;/p>&#xd;&#xa;&lt;p>&amp;nbsp;&lt;/p>&#xd;&#xa;&lt;p>&lt;b>Q: Air brakes are similar in design to hydraulic brakes, but have different parts. Can you describe them?&lt;/b>&lt;/p>&#xd;&#xa;&lt;p>&amp;nbsp;&lt;/p>&#xd;&#xa;&lt;p>&lt;b>A:&lt;/b>&amp;nbsp;&lt;i>&amp;nbsp;&amp;nbsp;&lt;/i>1.&amp;nbsp;&lt;a href=&quot;https://www.delcity.net/store/Nylon-Tubing-!-Bulk/p_822155.h_822156&quot;>&lt;u>Nylon tubing&lt;/u>&lt;/a>&amp;nbsp;is your main line. The air flows through this tubing to stop the vehicle. The nylon is more flexible than the stainless steel tubing used in hydraulic brakes&lt;/p>&#xd;&#xa;"
                        textIsRich="true"/>
                    <text_1009277424
                        jcr:created="{Date}2022-02-23T16:01:40.545+05:30"
                        jcr:createdBy="admin"
                        jcr:lastModified="{Date}2022-02-25T12:17:32.342+05:30"
                        jcr:lastModifiedBy="admin"
                        jcr:primaryType="nt:unstructured"
                        sling:resourceType="delcity/components/content/text"
                        text="&lt;p>&amp;nbsp;&amp;nbsp; &amp;nbsp; &amp;nbsp;2.&amp;nbsp;&lt;a href=&quot;https://www.delcity.net/store/Rubber-Hose-Assemblies/p_822134.h_822135&quot;>&lt;u>Rubber hose assemblies&lt;/u>&lt;/a>&amp;nbsp;are your connection from the main lines described above to the brakes themselves. These allow flexibility when the wheels are moving.&amp;nbsp;&lt;/p>&#xd;&#xa;&lt;p>&amp;nbsp; &amp;nbsp; &amp;nbsp; &amp;nbsp;3.&amp;nbsp;&lt;a href=&quot;https://www.delcity.net/store/Gladhands/p_822172&quot;>&lt;u>Gladhands&lt;/u>&lt;/a>&amp;nbsp;(see photo to the right) are your connection between the vehicle and the trailer. They allow easy coupling as well as added protection&lt;/p>&#xd;&#xa;&lt;p>&amp;nbsp; &amp;nbsp; &amp;nbsp; &amp;nbsp;4.&amp;nbsp;&lt;a href=&quot;https://www.delcity.net/store/Coiled-Air-Assemblies/p_822264.h_822265&quot;>&lt;u>Coiled air assemblies&lt;/u>&lt;/a>&amp;nbsp;are the lead lines coming off the gladhands for the trailer, usually found on the trailer side. They give you flexibility and the ability to adjust when towing a vehicle. The coil extends farther to adjust for the distance between the trailer and truck, making the movements easier&lt;/p>&#xd;&#xa;"
                        textIsRich="true">
                        <cq:responsive jcr:primaryType="nt:unstructured">
                            <default
                                jcr:primaryType="nt:unstructured"
                                offset="0"
                                width="8"/>
                        </cq:responsive>
                    </text_1009277424>
                    <image_1843980954
                        jcr:created="{Date}2022-02-23T16:03:20.593+05:30"
                        jcr:createdBy="admin"
                        jcr:lastModified="{Date}2022-02-23T16:04:21.088+05:30"
                        jcr:lastModifiedBy="admin"
                        jcr:primaryType="nt:unstructured"
                        sling:resourceType="ecomm-framework/components/content/image"
                        altValueFromDAM="true"
                        displayPopupTitle="true"
                        fileReference="/content/dam/delcity/images/blogs/image-not-available-image.png"
                        isDecorative="false"
                        titleValueFromDAM="true">
                        <cq:responsive jcr:primaryType="nt:unstructured">
                            <default
                                jcr:primaryType="nt:unstructured"
                                offset="0"
                                width="3"/>
                        </cq:responsive>
                    </image_1843980954>
                    <text_1395596218
                        cq:styleIds="[1629979540972]"
                        jcr:created="{Date}2022-02-18T14:40:48.443+05:30"
                        jcr:createdBy="admin"
                        jcr:lastModified="{Date}2022-02-28T15:20:22.357+05:30"
                        jcr:lastModifiedBy="admin"
                        jcr:primaryType="nt:unstructured"
                        sling:resourceType="delcity/components/content/text"
                        text="&lt;p>       5. &lt;a href=&quot;https://www.delcity.net/store/3!in!1-Wraps/p_822275.h_822276&quot;>&lt;u>3-in-1 wraps&lt;/u>&lt;/a> are a convenient product that has everything in one. It has one main assembly for the air brake lines and trailer cable, making a tow easier. It also provides a cleaner look, as you won’t have 3 different parts in your application.&lt;/p>&#xd;&#xa;&lt;p> &lt;/p>&#xd;&#xa;&lt;p>&lt;b>Q: Any final tips for someone using air braking of hydraulic braking systems?&lt;/b>&lt;/p>&#xd;&#xa;&lt;p> &lt;/p>&#xd;&#xa;&lt;p>&lt;b>A:&lt;/b> Be sure to continually check for leaks to be sure your brakes are running properly. In a hydraulic system, you will see the fluid leaking. An air braking system is different and you will be able to hear if air is leaking from your tubing.&lt;/p>&#xd;&#xa;&lt;p> &lt;/p>&#xd;&#xa;&lt;p>Thanks to Del City’s Technical Specialist for sitting down with us to answer some questions! If you have recommendations for upcoming topics on “Ask the Expert” feel free to email us at &lt;a href=&quot;mailto:social@delcity.net&quot;>&lt;u>social@delcity.net&lt;/u>&lt;/a>. With any more questions, don’t hesitate to reach out to our team at 1.800.654.4757.&lt;/p>&#xd;&#xa;&lt;p> &lt;/p>&#xd;&#xa;&lt;p>Want more content? We frequently update our blog, “The Current,” with new material. Check it out &lt;a href=&quot;https://blog.delcity.net/&quot;>&lt;u>here&lt;/u>&lt;/a>!&lt;/p>&#xd;&#xa;&lt;p> &lt;/p>&#xd;&#xa;&lt;h6>       Posted in&lt;u> &lt;a href=&quot;https://blog.delcity.net/category/automotive/&quot;>Automotive&lt;/a>&lt;/u>, &lt;a href=&quot;https://blog.delcity.net/category/specialty-vehicles/&quot;>&lt;u>Specialty Vehicles&lt;/u>&lt;/a>.&lt;/h6>&#xd;&#xa;"
                        textIsRich="true"/>
                    <separator
                        jcr:created="{Date}2022-02-18T14:41:46.367+05:30"
                        jcr:createdBy="admin"
                        jcr:lastModified="{Date}2022-02-18T14:41:46.367+05:30"
                        jcr:lastModifiedBy="admin"
                        jcr:primaryType="nt:unstructured"
                        sling:resourceType="ecomm-framework/components/content/separator"/>
                    <button
                        jcr:created="{Date}2022-02-18T14:42:04.872+05:30"
                        jcr:createdBy="admin"
                        jcr:lastModified="{Date}2022-02-18T14:46:00.340+05:30"
                        jcr:lastModifiedBy="admin"
                        jcr:primaryType="nt:unstructured"
                        jcr:title="Battery Cable: Next Steps"
                        sling:resourceType="ecomm-framework/components/content/button"
                        link="https://blog.delcity.net/battery-cable-next-steps/">
                        <cq:responsive jcr:primaryType="nt:unstructured">
                            <default
                                jcr:primaryType="nt:unstructured"
                                offset="1"
                                width="2"/>
                        </cq:responsive>
                    </button>
                    <button_2069624753
                        jcr:created="{Date}2022-02-18T14:42:16.818+05:30"
                        jcr:createdBy="admin"
                        jcr:lastModified="{Date}2022-02-18T14:47:33.411+05:30"
                        jcr:lastModifiedBy="admin"
                        jcr:primaryType="nt:unstructured"
                        jcr:title="Compression Lugs and Terminals In Agriculture"
                        sling:resourceType="ecomm-framework/components/content/button"
                        link="https://blog.delcity.net/compression-lugs-and-terminals-in-agriculture/">
                        <cq:responsive jcr:primaryType="nt:unstructured">
                            <default
                                jcr:primaryType="nt:unstructured"
                                offset="5"
                                width="3"/>
                        </cq:responsive>
                    </button_2069624753>
                    <text_1226456336
                        jcr:created="{Date}2022-02-23T16:09:33.332+05:30"
                        jcr:createdBy="admin"
                        jcr:lastModified="{Date}2022-02-23T16:09:33.332+05:30"
                        jcr:lastModifiedBy="admin"
                        jcr:primaryType="nt:unstructured"
                        sling:resourceType="delcity/components/content/text"/>
                </responsivegrid>
            </responsivegrid>
        </root>
    </jcr:content>
</jcr:root>
