<?xml version="1.0" encoding="UTF-8"?>
<jcr:root xmlns:sling="http://sling.apache.org/jcr/sling/1.0" xmlns:cq="http://www.day.com/jcr/cq/1.0" xmlns:jcr="http://www.jcp.org/jcr/1.0" xmlns:nt="http://www.jcp.org/jcr/nt/1.0"
    jcr:primaryType="cq:Page">
    <jcr:content
        cq:lastModified="{Date}2022-03-04T03:57:41.798-06:00"
        cq:lastModifiedBy="Anagha.Dwajan@mercmarine.com"
        cq:template="/conf/delcity/settings/wcm/templates/delcity-generic-template"
        jcr:primaryType="cq:PageContent"
        jcr:title="Del City Adds HellermannTyton Cable Ties"
        sling:resourceType="delcity/components/structure/page">
        <root
            jcr:primaryType="nt:unstructured"
            sling:resourceType="wcm/foundation/components/responsivegrid">
            <footer
                jcr:created="{Date}2021-06-21T14:21:52.357+05:30"
                jcr:createdBy="admin"
                jcr:lastModified="{Date}2022-02-01T17:04:20.028+05:30"
                jcr:lastModifiedBy="admin"
                jcr:primaryType="nt:unstructured"
                sling:resourceType="delcity/components/structure/footer"
                menutitle1="About Us"
                sendIcon="/content/dam/delcity/images/Icon-send@2x.png">
                <aboutus jcr:primaryType="nt:unstructured">
                    <item0
                        jcr:primaryType="nt:unstructured"
                        pagetitle="About Us"/>
                    <item1
                        jcr:primaryType="nt:unstructured"
                        pagetitle="Contact Us"/>
                    <item2
                        jcr:primaryType="nt:unstructured"
                        pagetitle="FAQs"/>
                </aboutus>
            </footer>
            <responsivegrid
                jcr:created="{Date}2021-06-21T14:21:44.042+05:30"
                jcr:createdBy="admin"
                jcr:lastModified="{Date}2022-02-01T17:04:38.578+05:30"
                jcr:lastModifiedBy="admin"
                jcr:primaryType="nt:unstructured"
                sling:resourceType="wcm/foundation/components/responsivegrid">
                <blogteaser
                    jcr:created="{Date}2022-02-21T17:35:11.869+05:30"
                    jcr:createdBy="admin"
                    jcr:lastModified="{Date}2022-02-21T17:38:10.867+05:30"
                    jcr:lastModifiedBy="admin"
                    jcr:primaryType="nt:unstructured"
                    sling:resourceType="ecomm-framework/components/content/blogteaser"
                    authoringDate="April 05, 2019"
                    authorName="Kelsey Scherf"
                    blogImage="/content/dam/delcity/images/blogs/image-not-available-image.png"
                    selectBrand="DC"
                    teaserHeader="Del City Adds HellermannTyton Cable Ties">
                    <categoryList jcr:primaryType="nt:unstructured">
                        <item0
                            jcr:primaryType="nt:unstructured"
                            delcitycategories="Cable Ties &amp; Wire Fasteners"/>
                        <item1
                            jcr:primaryType="nt:unstructured"
                            delcitycategories="Del City News"/>
                    </categoryList>
                </blogteaser>
                <responsivegrid
                    jcr:created="{Date}2022-02-21T17:34:50.770+05:30"
                    jcr:createdBy="admin"
                    jcr:lastModified="{Date}2022-02-21T17:34:50.770+05:30"
                    jcr:lastModifiedBy="admin"
                    jcr:primaryType="nt:unstructured"
                    sling:resourceType="wcm/foundation/components/responsivegrid">
                    <cq:responsive jcr:primaryType="nt:unstructured"/>
                    <image
                        jcr:created="{Date}2022-02-22T10:36:49.252+05:30"
                        jcr:createdBy="admin"
                        jcr:lastModified="{Date}2022-02-22T10:37:45.154+05:30"
                        jcr:lastModifiedBy="admin"
                        jcr:primaryType="nt:unstructured"
                        sling:resourceType="ecomm-framework/components/content/image"
                        altValueFromDAM="false"
                        displayPopupTitle="true"
                        fileReference="/content/dam/delcity/images/blogs/New_Prouct_banner-600x380.jpg"
                        isDecorative="false"
                        titleValueFromDAM="false">
                        <cq:responsive jcr:primaryType="nt:unstructured">
                            <default
                                jcr:primaryType="nt:unstructured"
                                offset="2"
                                width="8"/>
                        </cq:responsive>
                    </image>
                    <title
                        jcr:created="{Date}2022-02-21T17:38:58.592+05:30"
                        jcr:createdBy="admin"
                        jcr:lastModified="{Date}2022-02-21T17:41:07.229+05:30"
                        jcr:lastModifiedBy="admin"
                        jcr:primaryType="nt:unstructured"
                        jcr:title="          Del City Adds HellermannTyton Cable Ties"
                        sling:resourceType="ecomm-framework/components/content/title"
                        type="h3">
                        <cq:responsive jcr:primaryType="nt:unstructured">
                            <default
                                jcr:primaryType="nt:unstructured"
                                offset="0"
                                width="12"/>
                        </cq:responsive>
                    </title>
                    <text
                        cq:styleIds="[1629979540972]"
                        jcr:created="{Date}2022-02-21T17:39:41.051+05:30"
                        jcr:createdBy="admin"
                        jcr:lastModified="{Date}2022-02-28T15:07:13.075+05:30"
                        jcr:lastModifiedBy="admin"
                        jcr:primaryType="nt:unstructured"
                        sling:resourceType="delcity/components/content/text"
                        text="&lt;p>(Menomonee Falls, WI) –Del City is excited to announce the addition of the high-end HellermannTyton line of cable ties to Del City’s product lineup. HellermannTyton is known as a premium brand for cable ties with superior strength and reliability. These standard cable ties are used for a wide variety of applications in industries such as automotive, marine, agriculture, home improvement, organization of projects, and more. Senior Product Manager, Jennifer Smith, states that HellermannTyton has “a plethora of product options that are relevant to our customers.” With this variety, Del City is proud to carry the HellermannTyton brand.&lt;/p>&#xd;&#xa;&lt;p>&amp;nbsp;&lt;/p>&#xd;&#xa;&lt;p>To ensure there is a standard cable tie solution for all types of customers, Del City now offers 58 SKUs of HellermannTyton standard cable ties. For large customers, Del City offers bulk bundles, which are convenient for hefty jobs while providing cost efficiency. Packs of either 100 or 1,000 cable ties are available for purchase in black and neutral color options. Depending on the size of the project, tensile strengths from 18 lbs. all the way to 50 lbs are available. The variety of tensile strengths carried by Del City is part of what sets the company apart from other carriers of this premium brand.&lt;/p>&#xd;&#xa;&lt;p>&amp;nbsp;&lt;/p>&#xd;&#xa;&lt;p>Del City has been in the business for over 70 years and works hard to be your one-stop shop for all your 12V electrical and transportation needs. In addition to these new HellermannTyton cable ties, Del City also offers over 15,000 other products. To explore more of these products or learn more about the company, visit Del City’s website at&amp;nbsp;&lt;a href=&quot;http://www.delcity.net/&quot;>&lt;u>http://www.delcity.net&lt;/u>&lt;/a>&amp;nbsp;or contact the company at 1.800.654.4757. For how-to information, product guides, industry news, videos, and more; check out our blog at&amp;nbsp;&lt;a href=&quot;https://blog.delcity.net/&quot;>&lt;u>https://blog.delcity.net/&lt;/u>&lt;/a>.&lt;/p>&#xd;&#xa;&lt;p>&amp;nbsp;&lt;/p>&#xd;&#xa;&lt;p style=&quot;text-align: center;&quot;>###&lt;/p>&#xd;&#xa;&lt;p style=&quot;text-align: center;&quot;>&amp;nbsp;&lt;/p>&#xd;&#xa;&lt;h6>&amp;nbsp; &amp;nbsp; &amp;nbsp; &amp;nbsp;Posted in&amp;nbsp;&lt;a href=&quot;https://blog.delcity.net/category/cable-ties-wire-fasteners/&quot;>&lt;u>Cable Ties &amp;amp; Wire Fasteners&lt;/u>&lt;/a>,&amp;nbsp;&lt;a href=&quot;https://blog.delcity.net/category/del-city-news/&quot;>&lt;u>Del City News&lt;/u>&lt;/a>.&lt;/h6>&#xd;&#xa;"
                        textIsRich="true"/>
                    <separator
                        jcr:created="{Date}2022-02-21T17:43:27.735+05:30"
                        jcr:createdBy="admin"
                        jcr:lastModified="{Date}2022-02-21T17:43:27.735+05:30"
                        jcr:lastModifiedBy="admin"
                        jcr:primaryType="nt:unstructured"
                        sling:resourceType="ecomm-framework/components/content/separator"/>
                    <button
                        jcr:created="{Date}2022-02-21T17:43:37.221+05:30"
                        jcr:createdBy="admin"
                        jcr:lastModified="{Date}2022-02-22T10:31:31.358+05:30"
                        jcr:lastModifiedBy="admin"
                        jcr:primaryType="nt:unstructured"
                        jcr:title="Del City’s Marine Catalog"
                        sling:resourceType="ecomm-framework/components/content/button"
                        link="https://blog.delcity.net/del-city-marine-catalog/">
                        <cq:responsive jcr:primaryType="nt:unstructured">
                            <default
                                jcr:primaryType="nt:unstructured"
                                offset="1"
                                width="3"/>
                        </cq:responsive>
                    </button>
                    <button_845952328
                        jcr:created="{Date}2022-02-21T17:43:45.235+05:30"
                        jcr:createdBy="admin"
                        jcr:lastModified="{Date}2022-02-22T10:31:58.119+05:30"
                        jcr:lastModifiedBy="admin"
                        jcr:primaryType="nt:unstructured"
                        jcr:title="Why Choose Maxxima Lighting for Your Lighting Needs?"
                        sling:resourceType="ecomm-framework/components/content/button"
                        link="https://blog.delcity.net/why-choose-maxxima-lighting-for-your-lighting-needs/">
                        <cq:responsive jcr:primaryType="nt:unstructured">
                            <default
                                jcr:primaryType="nt:unstructured"
                                offset="4"
                                width="4"/>
                        </cq:responsive>
                    </button_845952328>
                    <text_1589123744
                        jcr:created="{Date}2022-02-22T10:33:03.384+05:30"
                        jcr:createdBy="admin"
                        jcr:lastModified="{Date}2022-02-22T10:33:03.384+05:30"
                        jcr:lastModifiedBy="admin"
                        jcr:primaryType="nt:unstructured"
                        sling:resourceType="delcity/components/content/text"/>
                </responsivegrid>
            </responsivegrid>
        </root>
    </jcr:content>
</jcr:root>
