<?xml version="1.0" encoding="UTF-8"?>
<jcr:root xmlns:sling="http://sling.apache.org/jcr/sling/1.0" xmlns:cq="http://www.day.com/jcr/cq/1.0" xmlns:jcr="http://www.jcp.org/jcr/1.0" xmlns:nt="http://www.jcp.org/jcr/nt/1.0"
    jcr:primaryType="cq:Page">
    <jcr:content
        cq:lastModified="{Date}2022-03-04T05:05:42.565-06:00"
        cq:lastModifiedBy="Anagha.Dwajan@mercmarine.com"
        cq:template="/conf/delcity/settings/wcm/templates/delcity-generic-template"
        jcr:primaryType="cq:PageContent"
        jcr:title="How To Install Anderson Powerpole® Connectors"
        sling:resourceType="delcity/components/structure/page">
        <root
            jcr:primaryType="nt:unstructured"
            sling:resourceType="wcm/foundation/components/responsivegrid">
            <footer
                jcr:created="{Date}2021-06-21T14:21:52.357+05:30"
                jcr:createdBy="admin"
                jcr:lastModified="{Date}2022-02-01T17:04:20.028+05:30"
                jcr:lastModifiedBy="admin"
                jcr:primaryType="nt:unstructured"
                sling:resourceType="delcity/components/structure/footer"
                menutitle1="About Us"
                sendIcon="/content/dam/delcity/images/Icon-send@2x.png">
                <aboutus jcr:primaryType="nt:unstructured">
                    <item0
                        jcr:primaryType="nt:unstructured"
                        pagetitle="About Us"/>
                    <item1
                        jcr:primaryType="nt:unstructured"
                        pagetitle="Contact Us"/>
                    <item2
                        jcr:primaryType="nt:unstructured"
                        pagetitle="FAQs"/>
                </aboutus>
            </footer>
            <responsivegrid
                jcr:created="{Date}2021-06-21T14:21:44.042+05:30"
                jcr:createdBy="admin"
                jcr:lastModified="{Date}2022-02-01T17:04:38.578+05:30"
                jcr:lastModifiedBy="admin"
                jcr:primaryType="nt:unstructured"
                sling:resourceType="wcm/foundation/components/responsivegrid">
                <blogteaser
                    jcr:created="{Date}2022-02-21T16:05:06.594+05:30"
                    jcr:createdBy="admin"
                    jcr:lastModified="{Date}2022-03-04T05:05:16.912-06:00"
                    jcr:lastModifiedBy="Anagha.Dwajan@mercmarine.com"
                    jcr:primaryType="nt:unstructured"
                    sling:resourceType="ecomm-framework/components/content/blogteaser"
                    authoringDate="February 08, 2018"
                    authorName="Kelsey Scherf"
                    blogImage="/content/dam/delcity/images/blogs/image-not-available-image.png"
                    selectBrand="DC"
                    teaserHeader="How To Install Anderson Powerpole® Connectors">
                    <categoryList jcr:primaryType="nt:unstructured">
                        <item0
                            jcr:primaryType="nt:unstructured"
                            delcitycategories="How-To"/>
                        <item1
                            jcr:primaryType="nt:unstructured"
                            delcitycategories="Wire Connectors &amp; Quick Splices"/>
                    </categoryList>
                </blogteaser>
                <responsivegrid
                    jcr:created="{Date}2022-02-21T16:04:59.236+05:30"
                    jcr:createdBy="admin"
                    jcr:lastModified="{Date}2022-02-21T16:04:59.236+05:30"
                    jcr:lastModifiedBy="admin"
                    jcr:primaryType="nt:unstructured"
                    sling:resourceType="wcm/foundation/components/responsivegrid">
                    <cq:responsive jcr:primaryType="nt:unstructured"/>
                    <text
                        jcr:created="{Date}2022-02-21T16:06:50.727+05:30"
                        jcr:createdBy="admin"
                        jcr:lastModified="{Date}2022-02-25T14:59:50.702+05:30"
                        jcr:lastModifiedBy="admin"
                        jcr:primaryType="nt:unstructured"
                        sling:resourceType="delcity/components/content/text"
                        text="&lt;p>Anderson’s lines of quality connectors make for a secure and reliable connection. To get some extra help on how to install&amp;nbsp;&lt;a href=&quot;https://www.delcity.net/store/Anderson-Powerpole%C2%AE-Connectors-&amp;amp;-Accessories/p_824704&quot;>&lt;u>Anderson Powerpole® connectors&lt;/u>&lt;/a>, check out our video below! Want to learn more about the Powerpole® connectors and their uses? See our&amp;nbsp;&lt;a href=&quot;http://blog.delcity.net/anderson-powerpole-connectors&quot;>&lt;u>Anderson Powerpole® Connector Product Guide&lt;/u>&lt;/a>!&lt;/p>&#xd;&#xa;"
                        textIsRich="true"/>
                    <embed
                        jcr:created="{Date}2022-02-21T16:07:25.917+05:30"
                        jcr:createdBy="admin"
                        jcr:lastModified="{Date}2022-02-21T16:07:41.046+05:30"
                        jcr:lastModifiedBy="admin"
                        jcr:primaryType="nt:unstructured"
                        sling:resourceType="ecomm-framework/components/content/embed"
                        html="&lt;iframe width=&quot;249&quot; height=&quot;249&quot; src=&quot;https://www.youtube.com/embed/Kp6qH1IkKyw&quot; title=&quot;YouTube video player&quot; frameborder=&quot;0&quot; allow=&quot;accelerometer; autoplay; clipboard-write; encrypted-media; gyroscope; picture-in-picture&quot; allowfullscreen>&lt;/iframe>"
                        type="html">
                        <cq:responsive jcr:primaryType="nt:unstructured">
                            <default
                                jcr:primaryType="nt:unstructured"
                                offset="4"
                                width="2"/>
                        </cq:responsive>
                    </embed>
                    <text_1319426946
                        jcr:created="{Date}2022-02-21T16:08:49.527+05:30"
                        jcr:createdBy="admin"
                        jcr:lastModified="{Date}2022-02-28T15:30:33.909+05:30"
                        jcr:lastModifiedBy="admin"
                        jcr:primaryType="nt:unstructured"
                        sling:resourceType="delcity/components/content/text"
                        text="&lt;p>Have more questions? Don’t hesitate to reach out to our Technical Support at&amp;nbsp;&lt;b>1.800.654.4757&lt;/b>&amp;nbsp;and they will be happy to help you out!&amp;nbsp;See more of our posts at our blog,&amp;nbsp;&lt;a href=&quot;http://blog.delcity.net/&quot;>&lt;u>The Current&lt;/u>&lt;/a>!&lt;/p>&#xd;&#xa;&lt;p>&amp;nbsp;&lt;/p>&#xd;&#xa;&lt;h6>&amp;nbsp; &amp;nbsp; &amp;nbsp;&amp;nbsp;&amp;nbsp;&amp;nbsp;&amp;nbsp;&amp;nbsp;&amp;nbsp;&amp;nbsp;&amp;nbsp;Posted in&amp;nbsp;&lt;a href=&quot;https://blog.delcity.net/category/how-to/&quot;>&lt;u>How To&lt;/u>&lt;/a>&lt;u>,&lt;/u>&amp;nbsp;&lt;a href=&quot;https://blog.delcity.net/category/wire-connectors-quick-splices/&quot;>&lt;u>Wire Connectors &amp;amp; Quick Splices&lt;/u>&lt;/a>.&lt;/h6>&#xd;&#xa;"
                        textIsRich="true"/>
                    <separator
                        jcr:created="{Date}2022-02-21T16:09:28.979+05:30"
                        jcr:createdBy="admin"
                        jcr:lastModified="{Date}2022-02-21T16:09:28.979+05:30"
                        jcr:lastModifiedBy="admin"
                        jcr:primaryType="nt:unstructured"
                        sling:resourceType="ecomm-framework/components/content/separator"/>
                    <button
                        jcr:created="{Date}2022-02-21T16:09:41.283+05:30"
                        jcr:createdBy="admin"
                        jcr:lastModified="{Date}2022-02-21T16:12:53.967+05:30"
                        jcr:lastModifiedBy="admin"
                        jcr:primaryType="nt:unstructured"
                        jcr:title="Top 5 Reasons To Switch To LED Lighting"
                        sling:resourceType="ecomm-framework/components/content/button"
                        link="https://blog.delcity.net/top-5-reasons-to-switch-to-led-lighting/">
                        <cq:responsive jcr:primaryType="nt:unstructured">
                            <default
                                jcr:primaryType="nt:unstructured"
                                offset="1"
                                width="3"/>
                        </cq:responsive>
                    </button>
                    <button_1738964782
                        jcr:created="{Date}2022-02-21T16:09:50.329+05:30"
                        jcr:createdBy="admin"
                        jcr:lastModified="{Date}2022-02-21T16:13:40.271+05:30"
                        jcr:lastModifiedBy="admin"
                        jcr:primaryType="nt:unstructured"
                        jcr:title="Anderson Powerpole® Connectors Product Guide"
                        sling:resourceType="ecomm-framework/components/content/button"
                        link="https://blog.delcity.net/anderson-powerpole-connectors-product-guide/">
                        <cq:responsive jcr:primaryType="nt:unstructured">
                            <default
                                jcr:primaryType="nt:unstructured"
                                offset="3"
                                width="4"/>
                        </cq:responsive>
                    </button_1738964782>
                </responsivegrid>
                <text_288774830
                    jcr:created="{Date}2022-02-25T15:01:53.825+05:30"
                    jcr:createdBy="admin"
                    jcr:lastModified="{Date}2022-02-25T15:01:53.825+05:30"
                    jcr:lastModifiedBy="admin"
                    jcr:primaryType="nt:unstructured"
                    sling:resourceType="delcity/components/content/text"/>
            </responsivegrid>
        </root>
    </jcr:content>
</jcr:root>
