<?xml version="1.0" encoding="UTF-8"?>
<jcr:root xmlns:sling="http://sling.apache.org/jcr/sling/1.0" xmlns:cq="http://www.day.com/jcr/cq/1.0" xmlns:jcr="http://www.jcp.org/jcr/1.0" xmlns:nt="http://www.jcp.org/jcr/nt/1.0"
    jcr:primaryType="nt:unstructured"
    jcr:title="My Wishlist"
    sling:resourceType="cq/gui/components/authoring/dialog">
    <content
        jcr:primaryType="nt:unstructured"
        sling:resourceType="granite/ui/components/coral/foundation/container">
        <items jcr:primaryType="nt:unstructured">
            <tabs
                jcr:primaryType="nt:unstructured"
                sling:resourceType="granite/ui/components/coral/foundation/tabs">
                <items jcr:primaryType="nt:unstructured">
                    <wishlistpageinfo
                        jcr:primaryType="nt:unstructured"
                        jcr:title="Wishlist Info"
                        sling:resourceType="granite/ui/components/coral/foundation/fixedcolumns"
                        margin="true">
                        <items jcr:primaryType="nt:unstructured">
                            <column
                                jcr:primaryType="nt:unstructured"
                                sling:resourceType="granite/ui/components/coral/foundation/container">
                                <items jcr:primaryType="nt:unstructured">
                                    <wishlisttitle
                                        jcr:primaryType="nt:unstructured"
                                        sling:resourceType="granite/ui/components/foundation/form/textfield"
                                        fieldDescription="Enter Wishlist Page Title"
                                        fieldLabel="Wishlist Page Title"
                                        name="./wishlisttitle"/>
                                    <removebtntext
                                        jcr:primaryType="nt:unstructured"
                                        sling:resourceType="granite/ui/components/foundation/form/textfield"
                                        fieldDescription="Enter Remove  Button Name"
                                        fieldLabel="Remove Button Name"
                                        name="./removebtntext"/>
                                    <createwishlist
                                        jcr:primaryType="nt:unstructured"
                                        sling:resourceType="granite/ui/components/foundation/form/textfield"
                                        fieldDescription="Enter Create Wishlist Button"
                                        fieldLabel="Create Wishlist Button"
                                        name="./createwishlist"/>
                                </items>
                            </column>
                        </items>
                    </wishlistpageinfo>
                    <wishheadings
                        jcr:primaryType="nt:unstructured"
                        jcr:title="Wishlist Table"
                        sling:resourceType="granite/ui/components/coral/foundation/fixedcolumns">
                        <items jcr:primaryType="nt:unstructured">
                            <column
                                jcr:primaryType="nt:unstructured"
                                sling:resourceType="granite/ui/components/coral/foundation/container">
                                <items jcr:primaryType="nt:unstructured">
                                    <Col1heading
                                        jcr:primaryType="nt:unstructured"
                                        sling:resourceType="granite/ui/components/coral/foundation/form/textfield"
                                        fieldDescription="Enter table first column heading"
                                        fieldLabel="Tab1 Heading"
                                        name="./tab1"/>
                                    <Col2heading
                                        jcr:primaryType="nt:unstructured"
                                        sling:resourceType="granite/ui/components/coral/foundation/form/textfield"
                                        fieldDescription="Enter table secound column heading"
                                        fieldLabel="Tab2 Heading"
                                        name="./tab2"/>
                                    <Col3heading
                                        jcr:primaryType="nt:unstructured"
                                        sling:resourceType="granite/ui/components/coral/foundation/form/textfield"
                                        fieldDescription="Enter table third column heading"
                                        fieldLabel="Tab3 Heading"
                                        name="./tab3"/>
                                    <Col4heading
                                        jcr:primaryType="nt:unstructured"
                                        sling:resourceType="granite/ui/components/coral/foundation/form/textfield"
                                        fieldDescription="Enter table fourth column heading"
                                        fieldLabel="Tab4 Heading"
                                        name="./tab4"/>
                                </items>
                            </column>
                        </items>
                    </wishheadings>
                    <wishlistdetailspageinfo
                        jcr:primaryType="nt:unstructured"
                        jcr:title="Wishlist Details"
                        sling:resourceType="granite/ui/components/coral/foundation/fixedcolumns"
                        margin="true">
                        <items jcr:primaryType="nt:unstructured">
                            <column
                                jcr:primaryType="nt:unstructured"
                                sling:resourceType="granite/ui/components/coral/foundation/container">
                                <items jcr:primaryType="nt:unstructured">
                                    <editbtntext
                                        jcr:primaryType="nt:unstructured"
                                        sling:resourceType="granite/ui/components/foundation/form/textfield"
                                        fieldDescription="Enter Edit Button Text"
                                        fieldLabel="Edit Button Text"
                                        name="./editbtntext"/>
                                    <copywishbtntext
                                        jcr:primaryType="nt:unstructured"
                                        sling:resourceType="granite/ui/components/foundation/form/textfield"
                                        fieldDescription="Enter Copy To Other Wishlist Button Text"
                                        fieldLabel="Copy To Other Wishlist Button Text"
                                        name="./copywishbtntext"/>
                                    <exportbtn
                                        jcr:primaryType="nt:unstructured"
                                        sling:resourceType="granite/ui/components/foundation/form/textfield"
                                        fieldDescription="Enter Export Button Text"
                                        fieldLabel="Export Button Text"
                                        name="./exportbtn"/>
                                    <backtoallwishlist
                                        jcr:primaryType="nt:unstructured"
                                        sling:resourceType="granite/ui/components/foundation/form/textfield"
                                        fieldDescription="Enter Back To All Wishlist Text"
                                        fieldLabel="Back To All Wishlist Text"
                                        name="./backtoallwishlist"/>
                                    <addtocarttext
                                        jcr:primaryType="nt:unstructured"
                                        sling:resourceType="granite/ui/components/foundation/form/textfield"
                                        fieldDescription="Enter Add To Cart Text"
                                        fieldLabel="Add To Cart Text"
                                        name="./addtocarttext"/>
                                </items>
                            </column>
                        </items>
                    </wishlistdetailspageinfo>
                    <images
                        jcr:primaryType="nt:unstructured"
                        jcr:title="Images"
                        sling:resourceType="granite/ui/components/coral/foundation/fixedcolumns">
                        <items jcr:primaryType="nt:unstructured">
                            <column
                                jcr:primaryType="nt:unstructured"
                                sling:resourceType="granite/ui/components/coral/foundation/container">
                                <items jcr:primaryType="nt:unstructured">
                                    <url
                                        jcr:primaryType="nt:unstructured"
                                        sling:resourceType="granite/ui/components/foundation/form/textfield"
                                        fieldDescription="Enter PDP Base URL"
                                        fieldLabel="PDP Base URL "
                                        name="./pdpurl"/>
                                    <errorimage
                                        jcr:primaryType="nt:unstructured"
                                        sling:resourceType="granite/ui/components/foundation/form/pathbrowser"
                                        fieldDescription="Enter URL for Error Image"
                                        fieldLabel="Error icon URL"
                                        name="./errorimage"/>
                                    <successimage
                                        jcr:primaryType="nt:unstructured"
                                        sling:resourceType="granite/ui/components/foundation/form/pathbrowser"
                                        fieldDescription="Enter URL for Success Icon"
                                        fieldLabel="Success Icon URL"
                                        name="./successimage"/>
                                    <warningimage
                                        jcr:primaryType="nt:unstructured"
                                        sling:resourceType="granite/ui/components/foundation/form/pathbrowser"
                                        fieldDescription="Enter URL for Warning Icon"
                                        fieldLabel="Warning Icon URL"
                                        name="./warningimage"/>
                                </items>
                            </column>
                        </items>
                    </images>
                    <wishdetailsheadings
                        jcr:primaryType="nt:unstructured"
                        jcr:title="Wishlist Details Table"
                        sling:resourceType="granite/ui/components/coral/foundation/fixedcolumns">
                        <items jcr:primaryType="nt:unstructured">
                            <column
                                jcr:primaryType="nt:unstructured"
                                sling:resourceType="granite/ui/components/coral/foundation/container">
                                <items jcr:primaryType="nt:unstructured">
                                    <Col1heading
                                        jcr:primaryType="nt:unstructured"
                                        sling:resourceType="granite/ui/components/coral/foundation/form/textfield"
                                        fieldDescription="Enter table first column heading"
                                        fieldLabel="Tab1 Heading"
                                        name="./col1"/>
                                    <Col2heading
                                        jcr:primaryType="nt:unstructured"
                                        sling:resourceType="granite/ui/components/coral/foundation/form/textfield"
                                        fieldDescription="Enter table secound column heading"
                                        fieldLabel="Tab2 Heading"
                                        name="./col2"/>
                                    <Col3heading
                                        jcr:primaryType="nt:unstructured"
                                        sling:resourceType="granite/ui/components/coral/foundation/form/textfield"
                                        fieldDescription="Enter table third column heading"
                                        fieldLabel="Tab3 Heading"
                                        name="./col3"/>
                                    <Col4heading
                                        jcr:primaryType="nt:unstructured"
                                        sling:resourceType="granite/ui/components/coral/foundation/form/textfield"
                                        fieldDescription="Enter table fourth column heading"
                                        fieldLabel="Tab4 Heading"
                                        name="./col4"/>
                                    <Col5heading
                                        jcr:primaryType="nt:unstructured"
                                        sling:resourceType="granite/ui/components/coral/foundation/form/textfield"
                                        fieldDescription="Enter table fifth column heading"
                                        fieldLabel="Tab5 Heading"
                                        name="./col5"/>
                                </items>
                            </column>
                        </items>
                    </wishdetailsheadings>
                </items>
            </tabs>
        </items>
    </content>
</jcr:root>
