<?xml version="1.0" encoding="UTF-8"?>
<jcr:root xmlns:sling="http://sling.apache.org/jcr/sling/1.0" xmlns:cq="http://www.day.com/jcr/cq/1.0" xmlns:jcr="http://www.jcp.org/jcr/1.0" xmlns:nt="http://www.jcp.org/jcr/nt/1.0"
    jcr:primaryType="cq:Page">
    <jcr:content
        cq:lastModified="{Date}2022-10-14T15:41:43.432-05:00"
        cq:lastModifiedBy="heather.steinhart@delcity.net"
        cq:template="/conf/delcity/settings/wcm/templates/delcity-generic-template"
        jcr:primaryType="cq:PageContent"
        jcr:title="Relay Wiring Diagram: What’s In A Relay?"
        sling:resourceType="delcity/components/structure/page">
        <root
            jcr:primaryType="nt:unstructured"
            sling:resourceType="wcm/foundation/components/responsivegrid">
            <footer
                jcr:created="{Date}2021-06-21T14:21:52.357+05:30"
                jcr:createdBy="admin"
                jcr:lastModified="{Date}2022-02-01T17:04:20.028+05:30"
                jcr:lastModifiedBy="admin"
                jcr:primaryType="nt:unstructured"
                sling:resourceType="delcity/components/structure/footer"
                menutitle1="About Us"
                sendIcon="/content/dam/delcity/images/Icon-send@2x.png">
                <aboutus jcr:primaryType="nt:unstructured">
                    <item0
                        jcr:primaryType="nt:unstructured"
                        pagetitle="About Us"/>
                    <item1
                        jcr:primaryType="nt:unstructured"
                        pagetitle="Contact Us"/>
                    <item2
                        jcr:primaryType="nt:unstructured"
                        pagetitle="FAQs"/>
                </aboutus>
            </footer>
            <responsivegrid
                jcr:created="{Date}2021-06-21T14:21:44.042+05:30"
                jcr:createdBy="admin"
                jcr:lastModified="{Date}2022-02-01T17:04:38.578+05:30"
                jcr:lastModifiedBy="admin"
                jcr:primaryType="nt:unstructured"
                sling:resourceType="wcm/foundation/components/responsivegrid">
                <blogteaser
                    jcr:created="{Date}2022-02-20T20:02:24.732+05:30"
                    jcr:createdBy="admin"
                    jcr:lastModified="{Date}2022-03-04T07:45:33.296-06:00"
                    jcr:lastModifiedBy="Anagha.Dwajan@mercmarine.com"
                    jcr:primaryType="nt:unstructured"
                    sling:resourceType="ecomm-framework/components/content/blogteaser"
                    authoringDate="August 15, 2016"
                    authorName="Kelsey Scherf"
                    blogImage="/content/dam/delcity/images/blogs/image-not-available-image.png"
                    selectBrand="DC"
                    teaserHeader="Relay Wiring Diagram: What’s In A Relay?">
                    <categoryList jcr:primaryType="nt:unstructured">
                        <item0
                            jcr:primaryType="nt:unstructured"
                            delcitycategories="Relays &amp; Power Distribution"/>
                    </categoryList>
                </blogteaser>
                <responsivegrid
                    jcr:created="{Date}2022-02-20T20:02:05.325+05:30"
                    jcr:createdBy="admin"
                    jcr:lastModified="{Date}2022-02-20T20:02:05.325+05:30"
                    jcr:lastModifiedBy="admin"
                    jcr:primaryType="nt:unstructured"
                    sling:resourceType="wcm/foundation/components/responsivegrid">
                    <cq:responsive jcr:primaryType="nt:unstructured"/>
                    <text
                        jcr:created="{Date}2022-02-20T20:07:29.012+05:30"
                        jcr:createdBy="admin"
                        jcr:lastModified="{Date}2022-02-20T20:07:57.837+05:30"
                        jcr:lastModifiedBy="admin"
                        jcr:primaryType="nt:unstructured"
                        sling:resourceType="ecomm-framework/components/content/text"
                        text="&lt;p>How do relays work? What’s in a relay? What do all of those pins do?&amp;nbsp;&lt;a href=&quot;https://blog.delcity.net/wiring-a-relay-in-less-than-2-minutes&quot;>How do I wire a relay?&lt;/a>&amp;nbsp;Great questions!&lt;/p>&#xd;&#xa;&lt;p>We took some time to go inside a&amp;nbsp;&lt;a href=&quot;https://www.delcity.net/store/Relays/p_306&quot;>relay&lt;/a>&amp;nbsp;to answer those questions, and broke it down in a simple relay wiring diagram for you to keep at your fingertips.&lt;/p>&#xd;&#xa;"
                        textIsRich="true"/>
                    <image
                        jcr:created="{Date}2022-02-20T20:08:14.326+05:30"
                        jcr:createdBy="admin"
                        jcr:lastModified="{Date}2022-02-20T20:08:28.103+05:30"
                        jcr:lastModifiedBy="admin"
                        jcr:primaryType="nt:unstructured"
                        sling:resourceType="ecomm-framework/components/content/image"
                        altValueFromDAM="true"
                        displayPopupTitle="true"
                        fileReference="/content/dam/delcity/images/blogs/image-not-available-image.png"
                        isDecorative="false"
                        titleValueFromDAM="true">
                        <cq:responsive jcr:primaryType="nt:unstructured">
                            <default
                                jcr:primaryType="nt:unstructured"
                                offset="2"
                                width="8"/>
                        </cq:responsive>
                    </image>
                    <text_674535904
                        jcr:created="{Date}2022-02-20T20:09:04.478+05:30"
                        jcr:createdBy="admin"
                        jcr:lastModified="{Date}2022-02-20T20:09:13.359+05:30"
                        jcr:lastModifiedBy="admin"
                        jcr:primaryType="nt:unstructured"
                        sling:resourceType="ecomm-framework/components/content/text"
                        text="&lt;p>Still have questions about&amp;nbsp;&lt;a href=&quot;http://www.delcity.net/store/Relays/p_306&quot;>relays&lt;/a>? Give our Technical Support a call at 1.800.654.4757.&lt;/p>&#xd;&#xa;"
                        textIsRich="true"/>
                </responsivegrid>
                <responsivegrid_1434471419
                    jcr:created="{Date}2022-02-20T20:02:10.427+05:30"
                    jcr:createdBy="admin"
                    jcr:lastModified="{Date}2022-02-20T20:02:10.427+05:30"
                    jcr:lastModifiedBy="admin"
                    jcr:primaryType="nt:unstructured"
                    sling:resourceType="wcm/foundation/components/responsivegrid">
                    <cq:responsive jcr:primaryType="nt:unstructured"/>
                    <text
                        jcr:created="{Date}2022-02-20T20:09:41.173+05:30"
                        jcr:createdBy="admin"
                        jcr:lastModified="{Date}2022-02-20T20:09:46.957+05:30"
                        jcr:lastModifiedBy="admin"
                        jcr:primaryType="nt:unstructured"
                        sling:resourceType="ecomm-framework/components/content/text"
                        text="&lt;p>Posted in&amp;nbsp;&lt;a href=&quot;https://blog.delcity.net/category/relays-power-distribution/&quot;>Relays &amp;amp; Power Distribution&lt;/a>.&lt;/p>&#xd;&#xa;"
                        textIsRich="true"/>
                    <separator
                        jcr:created="{Date}2022-02-20T20:10:07.588+05:30"
                        jcr:createdBy="admin"
                        jcr:lastModified="{Date}2022-02-20T20:10:07.588+05:30"
                        jcr:lastModifiedBy="admin"
                        jcr:primaryType="nt:unstructured"
                        sling:resourceType="ecomm-framework/components/content/separator"/>
                    <button
                        jcr:created="{Date}2022-02-20T20:10:20.587+05:30"
                        jcr:createdBy="admin"
                        jcr:lastModified="{Date}2022-02-20T20:11:00.192+05:30"
                        jcr:lastModifiedBy="admin"
                        jcr:primaryType="nt:unstructured"
                        jcr:title="A Comparison Between Battery Cable…"
                        sling:resourceType="ecomm-framework/components/content/button"
                        icon="&lt;---"
                        link="https://blog.delcity.net/a-comparison-between-battery-cable-and-welding-cable/">
                        <cq:responsive jcr:primaryType="nt:unstructured">
                            <default
                                jcr:primaryType="nt:unstructured"
                                offset="0"
                                width="4"/>
                        </cq:responsive>
                    </button>
                    <button_1241648509
                        jcr:created="{Date}2022-02-20T20:11:10.549+05:30"
                        jcr:createdBy="admin"
                        jcr:lastModified="{Date}2022-02-20T20:12:03.306+05:30"
                        jcr:lastModifiedBy="admin"
                        jcr:primaryType="nt:unstructured"
                        jcr:title="How To Use A Ratchet Crimp Tool"
                        sling:resourceType="ecomm-framework/components/content/button"
                        icon="--->"
                        link="https://blog.delcity.net/how-to-use-a-ratchet-crimp-tool">
                        <cq:responsive jcr:primaryType="nt:unstructured">
                            <default
                                jcr:primaryType="nt:unstructured"
                                offset="5"
                                width="3"/>
                        </cq:responsive>
                    </button_1241648509>
                </responsivegrid_1434471419>
            </responsivegrid>
        </root>
    </jcr:content>
</jcr:root>
