<?xml version="1.0" encoding="UTF-8"?>
<jcr:root xmlns:sling="http://sling.apache.org/jcr/sling/1.0" xmlns:cq="http://www.day.com/jcr/cq/1.0" xmlns:jcr="http://www.jcp.org/jcr/1.0" xmlns:mix="http://www.jcp.org/jcr/mix/1.0" xmlns:nt="http://www.jcp.org/jcr/nt/1.0"
    jcr:primaryType="cq:Page">
    <jcr:content
        cq:lastModified="{Date}2022-03-04T07:19:59.760-06:00"
        cq:lastModifiedBy="Praveen.Vatchavayi@mercmarine.com"
        cq:lastReplicated="{Date}2022-02-18T16:03:52.855+05:30"
        cq:lastReplicatedBy="admin"
        cq:lastReplicationAction="Activate"
        cq:template="/conf/delcity/settings/wcm/templates/delcity-generic-template"
        jcr:isCheckedOut="{Boolean}true"
        jcr:mixinTypes="[mix:versionable]"
        jcr:primaryType="cq:PageContent"
        jcr:title="A Comparison Between Battery Cable And Welding Cable"
        jcr:uuid="94e6f69f-387e-4f24-9936-bc1c17610d71"
        sling:resourceType="delcity/components/structure/page">
        <root
            jcr:primaryType="nt:unstructured"
            sling:resourceType="wcm/foundation/components/responsivegrid">
            <responsivegrid
                jcr:created="{Date}2021-06-21T14:21:44.042+05:30"
                jcr:createdBy="admin"
                jcr:lastModified="{Date}2021-06-21T11:10:43.011Z"
                jcr:lastModifiedBy="PVATCHAVAYI"
                jcr:primaryType="nt:unstructured"
                sling:resourceType="wcm/foundation/components/responsivegrid">
                <blogteaser
                    jcr:created="{Date}2022-02-18T15:48:02.052+05:30"
                    jcr:createdBy="admin"
                    jcr:lastModified="{Date}2022-03-04T07:19:59.754-06:00"
                    jcr:lastModifiedBy="Praveen.Vatchavayi@mercmarine.com"
                    jcr:primaryType="nt:unstructured"
                    sling:resourceType="ecomm-framework/components/content/blogteaser"
                    authoringDate="September 08, 2016"
                    authorName="Kelsey Scherf"
                    blogImage="/content/dam/delcity/images/blogs/image-not-available-image.png"
                    selectBrand="DC"
                    teaserDescription="We often hear “what’s the difference between battery cable and welding cable?” That’s a good question! "
                    teaserHeader="A Comparison Between Battery Cable And Welding Cab">
                    <categoryList jcr:primaryType="nt:unstructured">
                        <item0
                            jcr:primaryType="nt:unstructured"
                            delcitycategories="Battery Cables &amp; Accessories"/>
                        <item1
                            jcr:primaryType="nt:unstructured"
                            delcitycategories="Wire &amp; Cable"/>
                    </categoryList>
                </blogteaser>
                <responsivegrid
                    jcr:created="{Date}2022-02-18T15:47:46.946+05:30"
                    jcr:createdBy="admin"
                    jcr:lastModified="{Date}2022-02-18T15:47:46.946+05:30"
                    jcr:lastModifiedBy="admin"
                    jcr:primaryType="nt:unstructured"
                    sling:resourceType="wcm/foundation/components/responsivegrid">
                    <cq:responsive jcr:primaryType="nt:unstructured"/>
                    <text
                        jcr:created="{Date}2022-02-18T15:54:20.059+05:30"
                        jcr:createdBy="admin"
                        jcr:lastModified="{Date}2022-02-18T15:54:52.165+05:30"
                        jcr:lastModifiedBy="admin"
                        jcr:primaryType="nt:unstructured"
                        sling:resourceType="delcity/components/content/text"
                        text="&lt;p>We often hear “&lt;a href=&quot;https://blog.delcity.net/whats-the-difference-between-battery-cable-and-welding-cable&quot;>what’s the difference between battery cable and welding cable?&lt;/a>” That’s a good question! While these types of cables appear to be quite similar&amp;nbsp;by their exterior&amp;nbsp;construction, they become very different beginning with the copper strands inside…and that’s just the start.&lt;/p>&#xd;&#xa;"
                        textIsRich="true">
                        <cq:responsive jcr:primaryType="nt:unstructured">
                            <default
                                jcr:primaryType="nt:unstructured"
                                offset="0"
                                width="11"/>
                        </cq:responsive>
                    </text>
                    <image
                        jcr:created="{Date}2022-02-18T15:55:02.768+05:30"
                        jcr:createdBy="admin"
                        jcr:lastModified="{Date}2022-02-18T17:26:11.308+05:30"
                        jcr:lastModifiedBy="admin"
                        jcr:primaryType="nt:unstructured"
                        sling:resourceType="foundation/components/image"
                        fileReference="/content/dam/delcity/images/blogs/image-not-available-image.png">
                        <cq:responsive jcr:primaryType="nt:unstructured">
                            <default
                                jcr:primaryType="nt:unstructured"
                                offset="1"
                                width="5"/>
                        </cq:responsive>
                    </image>
                    <text_419139959
                        jcr:created="{Date}2022-02-18T15:56:25.303+05:30"
                        jcr:createdBy="admin"
                        jcr:lastModified="{Date}2022-02-18T15:56:46.010+05:30"
                        jcr:lastModifiedBy="admin"
                        jcr:primaryType="nt:unstructured"
                        sling:resourceType="delcity/components/content/text"
                        text="&lt;p>Ready to get going on your next job? Del City has all the&amp;nbsp;&lt;a href=&quot;http://www.delcity.net/store/Battery-Cable/p_351&quot;>battery cable&lt;/a>&amp;nbsp;and&amp;nbsp;&lt;a href=&quot;http://www.delcity.net/store/Welding-Cable/p_367&quot;>welding cable&lt;/a>&amp;nbsp;you need, plus the&amp;nbsp;&lt;a href=&quot;http://www.delcity.net/store/Battery-Cable-Connectors-&amp;amp;-Crimp-Tools/p_102&quot;>cable ends&lt;/a>&amp;nbsp;and&amp;nbsp;&lt;a href=&quot;http://www.delcity.net/store/Crimping-Tools/p_229&quot;>tools&lt;/a>, to get the job done. If you have questions, give us a call at 1.800.654.4757.&lt;/p>&#xd;&#xa;"
                        textIsRich="true">
                        <cq:responsive jcr:primaryType="nt:unstructured">
                            <default
                                jcr:primaryType="nt:unstructured"
                                offset="0"
                                width="11"/>
                        </cq:responsive>
                    </text_419139959>
                    <text_2049863255
                        jcr:created="{Date}2022-02-18T15:57:52.208+05:30"
                        jcr:createdBy="admin"
                        jcr:lastModified="{Date}2022-02-18T15:57:58.670+05:30"
                        jcr:lastModifiedBy="admin"
                        jcr:primaryType="nt:unstructured"
                        sling:resourceType="delcity/components/content/text"
                        text="&lt;p>Posted in&amp;nbsp;&lt;a href=&quot;https://blog.delcity.net/category/battery-cables-accessories/&quot;>Battery Cables &amp;amp; Accessories&lt;/a>,&amp;nbsp;&lt;a href=&quot;https://blog.delcity.net/category/wire-cable/&quot;>Wire &amp;amp; Cable&lt;/a>.&lt;/p>&#xd;&#xa;"
                        textIsRich="true">
                        <cq:responsive jcr:primaryType="nt:unstructured">
                            <default
                                jcr:primaryType="nt:unstructured"
                                offset="0"
                                width="11"/>
                        </cq:responsive>
                    </text_2049863255>
                    <separator
                        jcr:created="{Date}2022-02-18T15:56:56.429+05:30"
                        jcr:createdBy="admin"
                        jcr:lastModified="{Date}2022-02-18T15:56:56.429+05:30"
                        jcr:lastModifiedBy="admin"
                        jcr:primaryType="nt:unstructured"
                        sling:resourceType="ecomm-framework/components/content/separator"/>
                    <button_copy
                        jcr:created="{Date}2022-02-18T15:58:35.786+05:30"
                        jcr:createdBy="admin"
                        jcr:lastModified="{Date}2022-02-20T20:10:55.868+05:30"
                        jcr:lastModifiedBy="admin"
                        jcr:primaryType="nt:unstructured"
                        jcr:title=" New Product Announcement: Triplex and…"
                        sling:resourceType="ecomm-framework/components/content/button"
                        icon="&lt;---"
                        link="https://blog.delcity.net/new-product-announcement-triplex-and-quadplex-brake-cable/">
                        <cq:responsive jcr:primaryType="nt:unstructured">
                            <default
                                jcr:primaryType="nt:unstructured"
                                offset="1"
                                width="3"/>
                        </cq:responsive>
                    </button_copy>
                    <button
                        jcr:created="{Date}2022-02-18T15:58:35.786+05:30"
                        jcr:createdBy="admin"
                        jcr:lastModified="{Date}2022-02-18T16:02:57.562+05:30"
                        jcr:lastModifiedBy="admin"
                        jcr:primaryType="nt:unstructured"
                        jcr:title="Relay Wiring Diagram: What’s In…"
                        sling:resourceType="ecomm-framework/components/content/button"
                        icon="--->"
                        link="https://blog.delcity.net/relay-wiring-diagram-whats-in-a-relay/">
                        <cq:responsive jcr:primaryType="nt:unstructured">
                            <default
                                jcr:primaryType="nt:unstructured"
                                offset="4"
                                width="3"/>
                        </cq:responsive>
                    </button>
                </responsivegrid>
            </responsivegrid>
        </root>
    </jcr:content>
</jcr:root>
