<?xml version="1.0" encoding="UTF-8"?>
<jcr:root xmlns:sling="http://sling.apache.org/jcr/sling/1.0" xmlns:cq="http://www.day.com/jcr/cq/1.0" xmlns:jcr="http://www.jcp.org/jcr/1.0" xmlns:nt="http://www.jcp.org/jcr/nt/1.0"
    jcr:primaryType="cq:Page">
    <jcr:content
        cq:lastModified="{Date}2022-02-28T12:11:01.207+05:30"
        cq:lastModifiedBy="admin"
        cq:template="/conf/delcity/settings/wcm/templates/delcity-generic-template"
        jcr:primaryType="cq:PageContent"
        jcr:title="New Product Announcement: 3/8″ Stud Hi-Amp Circuit Breakers"
        sling:resourceType="delcity/components/structure/page">
        <root
            jcr:primaryType="nt:unstructured"
            sling:resourceType="wcm/foundation/components/responsivegrid">
            <footer
                jcr:created="{Date}2021-06-21T14:21:52.357+05:30"
                jcr:createdBy="admin"
                jcr:lastModified="{Date}2022-02-01T17:04:20.028+05:30"
                jcr:lastModifiedBy="admin"
                jcr:primaryType="nt:unstructured"
                sling:resourceType="delcity/components/structure/footer"
                menutitle1="About Us"
                sendIcon="/content/dam/delcity/images/Icon-send@2x.png">
                <aboutus jcr:primaryType="nt:unstructured">
                    <item0
                        jcr:primaryType="nt:unstructured"
                        pagetitle="About Us"/>
                    <item1
                        jcr:primaryType="nt:unstructured"
                        pagetitle="Contact Us"/>
                    <item2
                        jcr:primaryType="nt:unstructured"
                        pagetitle="FAQs"/>
                </aboutus>
            </footer>
            <responsivegrid
                jcr:created="{Date}2021-06-21T14:21:44.042+05:30"
                jcr:createdBy="admin"
                jcr:lastModified="{Date}2022-02-01T17:04:38.578+05:30"
                jcr:lastModifiedBy="admin"
                jcr:primaryType="nt:unstructured"
                sling:resourceType="wcm/foundation/components/responsivegrid">
                <blogteaser_copy_copy
                    jcr:created="{Date}2022-02-23T15:55:01.820+05:30"
                    jcr:createdBy="admin"
                    jcr:lastModified="{Date}2022-02-28T12:11:01.200+05:30"
                    jcr:lastModifiedBy="admin"
                    jcr:primaryType="nt:unstructured"
                    sling:resourceType="ecomm-framework/components/content/blogteaser"
                    authoringDate="November 20, 2015"
                    authorName="Kelsey Scherf"
                    blogImage="/content/dam/delcity/images/blogs/image-not-available-image.png"
                    selectBrand="DC"
                    teaserHeader="New Product Announcement: 3/8″ Stud Hi-Amp Circuit Breakers">
                    <cq:responsive jcr:primaryType="nt:unstructured">
                        <default
                            jcr:primaryType="nt:unstructured"
                            offset="0"
                            width="12"/>
                    </cq:responsive>
                    <categoryList jcr:primaryType="nt:unstructured">
                        <item0
                            jcr:primaryType="nt:unstructured"
                            delcitycategories="Circuit Breakers"/>
                        <item1
                            jcr:primaryType="nt:unstructured"
                            delcitycategories="Del City News"/>
                    </categoryList>
                </blogteaser_copy_copy>
                <text_copy_copy_copy_
                    jcr:created="{Date}2022-02-23T16:17:50.335+05:30"
                    jcr:createdBy="admin"
                    jcr:lastModified="{Date}2022-02-25T12:37:14.666+05:30"
                    jcr:lastModifiedBy="admin"
                    jcr:primaryType="nt:unstructured"
                    sling:resourceType="delcity/components/content/text"
                    text="&lt;p>Del City has expanded its&amp;nbsp;&lt;a href=&quot;http://www.delcity.net/store/Circuit-Breakers-!-Hi!Amp/p_167861&quot;>Hi-Amp Circuit Breaker&lt;/a>&amp;nbsp;offering to include the 3/8”Stud Hi-Amp Circuit Breakers. Previously, these were only offered in 1/4” stud. The 3/8” Hi-Amp Stud Circuit Breakers allow for higher torque connections and wider space for heavy gauge wire lugs.&lt;/p>&#xd;&#xa;&lt;p>Beyond the 150A the current line goes up to, the 3/8” line is offered in a variety of amperages, including 175A and 200A. Applications for the 3/8” stud breakers include: construction, electric vehicles, heavy truck, industrial, marine and off-road equipment. Select from manual reset, manual reset (switchable) or auto reset.&lt;/p>&#xd;&#xa;&lt;p>&amp;nbsp;All of the 3/8” Stud Hi-Amp Surface Mount Circuit Breakers have a torque rating of 50in-lb (5.6Nm) Max, are splash and dust proof rated to IP67, and have a thermal plastic UL rated 94V-0 housing.&amp;nbsp;&lt;/p>&#xd;&#xa;&lt;p>The&amp;nbsp;&lt;a href=&quot;http://www.delcity.net/store/Hi!Amp-Surface-Mount-!-Manual-Reset/p_808823.h_817630.t_1&quot;>Manual Reset 3/8” Stud Hi-Amp Surface Mount Circuit Breakers&lt;/a>&amp;nbsp;are quality circuit breakers that are compliant with SAE J1625, J1171, UL 1500 (ignition protected).&amp;nbsp; Rated up to 48V DC and with an operating temperature of -32°C – 82°C (-25°F – 180°F), these breakers may better suit your needs depending on the application.&lt;/p>&#xd;&#xa;"
                    textIsRich="true">
                    <cq:responsive jcr:primaryType="nt:unstructured">
                        <default
                            jcr:primaryType="nt:unstructured"
                            offset="0"
                            width="11"/>
                    </cq:responsive>
                </text_copy_copy_copy_>
                <image_copy_copy_copy
                    jcr:created="{Date}2022-02-23T16:18:06.552+05:30"
                    jcr:createdBy="admin"
                    jcr:lastModified="{Date}2022-02-23T16:18:11.585+05:30"
                    jcr:lastModifiedBy="admin"
                    jcr:primaryType="nt:unstructured"
                    sling:resourceType="ecomm-framework/components/content/image"
                    altValueFromDAM="true"
                    displayPopupTitle="true"
                    fileReference="/content/dam/delcity/images/blogs/image-not-available-image.png"
                    isDecorative="false"
                    titleValueFromDAM="true">
                    <cq:responsive jcr:primaryType="nt:unstructured">
                        <default
                            jcr:primaryType="nt:unstructured"
                            offset="4"
                            width="4"/>
                    </cq:responsive>
                </image_copy_copy_copy>
                <text_copy_copy_copy__975009433
                    jcr:created="{Date}2022-02-23T16:17:50.335+05:30"
                    jcr:createdBy="admin"
                    jcr:lastModified="{Date}2022-02-25T12:37:29.386+05:30"
                    jcr:lastModifiedBy="admin"
                    jcr:primaryType="nt:unstructured"
                    sling:resourceType="delcity/components/content/text"
                    text="&lt;p>&lt;a href=&quot;http://www.delcity.net/store/Hi!Amp-Surface-Mount-!-Manual-Reset-(Switchable)/p_811053.h_817644.t_1&quot;>Manual Reset (Switchable) 3/8” Hi-Amp Surface Mount Circuit Breakers&lt;/a>&amp;nbsp;operate until tripped and will remain tripped (in the off position) until indicator lever is manually reset to reactivate or close the open circuit. Typically used in trucks, buses, RV’s and marine applications, this style has a reset mechanism which provides a positive visible indication of a tripped condition&lt;/p>&#xd;&#xa;"
                    textIsRich="true">
                    <cq:responsive jcr:primaryType="nt:unstructured">
                        <default
                            jcr:primaryType="nt:unstructured"
                            offset="0"
                            width="11"/>
                    </cq:responsive>
                </text_copy_copy_copy__975009433>
                <image_copy_copy_copy_61397704
                    jcr:created="{Date}2022-02-23T16:18:06.552+05:30"
                    jcr:createdBy="admin"
                    jcr:lastModified="{Date}2022-02-23T16:18:11.585+05:30"
                    jcr:lastModifiedBy="admin"
                    jcr:primaryType="nt:unstructured"
                    sling:resourceType="ecomm-framework/components/content/image"
                    altValueFromDAM="true"
                    displayPopupTitle="true"
                    fileReference="/content/dam/delcity/images/blogs/image-not-available-image.png"
                    isDecorative="false"
                    titleValueFromDAM="true">
                    <cq:responsive jcr:primaryType="nt:unstructured">
                        <default
                            jcr:primaryType="nt:unstructured"
                            offset="4"
                            width="4"/>
                    </cq:responsive>
                </image_copy_copy_copy_61397704>
                <text_copy_copy_copy__344730502
                    jcr:created="{Date}2022-02-23T16:17:50.335+05:30"
                    jcr:createdBy="admin"
                    jcr:lastModified="{Date}2022-02-25T12:37:46.999+05:30"
                    jcr:lastModifiedBy="admin"
                    jcr:primaryType="nt:unstructured"
                    sling:resourceType="delcity/components/content/text"
                    text="&lt;p>&lt;a href=&quot;http://www.delcity.net/store/Hi!Amp-Surface-Mount-!-Auto-Reset/p_193071.h_817637.t_1&quot;>Auto Reset 3/8” Hi-Amp Surface Mount Circuit Breakers&lt;/a>&amp;nbsp;are rated up to 32V DC and meet SAE J1625, J1171, and UL 1500 (ignition protected). These breakers will continuously cycle during a thermal over current condition.&lt;/p>&#xd;&#xa;"
                    textIsRich="true">
                    <cq:responsive jcr:primaryType="nt:unstructured">
                        <default
                            jcr:primaryType="nt:unstructured"
                            offset="0"
                            width="11"/>
                    </cq:responsive>
                </text_copy_copy_copy__344730502>
                <image_copy_copy_copy_503680386
                    jcr:created="{Date}2022-02-23T16:18:06.552+05:30"
                    jcr:createdBy="admin"
                    jcr:lastModified="{Date}2022-02-23T16:18:11.585+05:30"
                    jcr:lastModifiedBy="admin"
                    jcr:primaryType="nt:unstructured"
                    sling:resourceType="ecomm-framework/components/content/image"
                    altValueFromDAM="true"
                    displayPopupTitle="true"
                    fileReference="/content/dam/delcity/images/blogs/image-not-available-image.png"
                    isDecorative="false"
                    titleValueFromDAM="true">
                    <cq:responsive jcr:primaryType="nt:unstructured">
                        <default
                            jcr:primaryType="nt:unstructured"
                            offset="4"
                            width="4"/>
                    </cq:responsive>
                </image_copy_copy_copy_503680386>
                <text_copy_copy_copy__305635144
                    jcr:created="{Date}2022-02-23T16:17:50.335+05:30"
                    jcr:createdBy="admin"
                    jcr:lastModified="{Date}2022-02-25T12:37:58.925+05:30"
                    jcr:lastModifiedBy="admin"
                    jcr:primaryType="nt:unstructured"
                    sling:resourceType="delcity/components/content/text"
                    text="&lt;p>With even wider selection of Hi-Amp Circuit Breakers available at Del City, there should be a circuit breaker tailored to your needs. Shop online now or call 1.800.654.4757&amp;nbsp;to speak with a Customer Satisfaction Representative&amp;nbsp;who can help answer any questions you may have.&lt;/p>&#xd;&#xa;"
                    textIsRich="true">
                    <cq:responsive jcr:primaryType="nt:unstructured">
                        <default
                            jcr:primaryType="nt:unstructured"
                            offset="0"
                            width="11"/>
                    </cq:responsive>
                </text_copy_copy_copy__305635144>
                <text_2008467253_copy
                    jcr:created="{Date}2022-02-25T08:06:40.583+05:30"
                    jcr:createdBy="admin"
                    jcr:lastModified="{Date}2022-02-25T12:38:12.163+05:30"
                    jcr:lastModifiedBy="admin"
                    jcr:primaryType="nt:unstructured"
                    sling:resourceType="delcity/components/content/text"
                    text="&lt;h6>Posted in&amp;nbsp;&lt;a href=&quot;https://blog.delcity.net/category/circuit-breakers/&quot;>Circuit Breakers&lt;/a>,&amp;nbsp;&lt;a href=&quot;https://blog.delcity.net/category/del-city-news/&quot;>Del City News&lt;/a>.&lt;/h6>&#xd;&#xa;"
                    textIsRich="true">
                    <cq:responsive jcr:primaryType="nt:unstructured">
                        <default
                            jcr:primaryType="nt:unstructured"
                            offset="0"
                            width="10"/>
                    </cq:responsive>
                </text_2008467253_copy>
                <separator_copy_copy
                    jcr:created="{Date}2022-02-25T08:07:52.400+05:30"
                    jcr:createdBy="admin"
                    jcr:lastModified="{Date}2022-02-25T08:07:52.400+05:30"
                    jcr:lastModifiedBy="admin"
                    jcr:primaryType="nt:unstructured"
                    sling:resourceType="ecomm-framework/components/content/separator">
                    <cq:responsive jcr:primaryType="nt:unstructured">
                        <default
                            jcr:primaryType="nt:unstructured"
                            offset="0"
                            width="12"/>
                    </cq:responsive>
                </separator_copy_copy>
                <button_copy_copy_cop
                    jcr:created="{Date}2022-02-23T16:27:11.256+05:30"
                    jcr:createdBy="admin"
                    jcr:lastModified="{Date}2022-02-25T12:38:39.476+05:30"
                    jcr:lastModifiedBy="admin"
                    jcr:primaryType="nt:unstructured"
                    jcr:title=" How To Change Windshield Washer Pump"
                    sling:resourceType="ecomm-framework/components/content/button"
                    icon="&lt;---"
                    link="https://blog.delcity.net/how-to-change-windshield-washer-pump/">
                    <cq:responsive jcr:primaryType="nt:unstructured">
                        <default
                            jcr:primaryType="nt:unstructured"
                            offset="1"
                            width="3"/>
                    </cq:responsive>
                </button_copy_copy_cop>
                <button_copy_copy_cop_2131445394
                    jcr:created="{Date}2022-02-23T16:27:11.256+05:30"
                    jcr:createdBy="admin"
                    jcr:lastModified="{Date}2022-02-25T12:39:10.257+05:30"
                    jcr:lastModifiedBy="admin"
                    jcr:primaryType="nt:unstructured"
                    jcr:title="How to Use a Wire… "
                    sling:resourceType="ecomm-framework/components/content/button"
                    icon="--->"
                    link="https://blog.delcity.net/how-to-use-a-wire-loom-tool-for-the-easiest-install/">
                    <cq:responsive jcr:primaryType="nt:unstructured">
                        <default
                            jcr:primaryType="nt:unstructured"
                            offset="4"
                            width="3"/>
                    </cq:responsive>
                </button_copy_copy_cop_2131445394>
            </responsivegrid>
        </root>
    </jcr:content>
</jcr:root>
