<?xml version="1.0" encoding="UTF-8"?>
<jcr:root xmlns:sling="http://sling.apache.org/jcr/sling/1.0" xmlns:cq="http://www.day.com/jcr/cq/1.0" xmlns:jcr="http://www.jcp.org/jcr/1.0" xmlns:nt="http://www.jcp.org/jcr/nt/1.0"
    jcr:primaryType="cq:Page">
    <jcr:content
        cq:lastModified="{Date}2022-03-04T07:00:28.723-06:00"
        cq:lastModifiedBy="Praveen.Vatchavayi@mercmarine.com"
        cq:template="/conf/delcity/settings/wcm/templates/delcity-generic-template"
        jcr:primaryType="cq:PageContent"
        jcr:title="Anderson SB® Connector Series Product Guide"
        sling:resourceType="delcity/components/structure/page">
        <root
            jcr:primaryType="nt:unstructured"
            sling:resourceType="wcm/foundation/components/responsivegrid">
            <footer
                jcr:created="{Date}2021-06-21T14:21:52.357+05:30"
                jcr:createdBy="admin"
                jcr:lastModified="{Date}2022-02-01T17:04:20.028+05:30"
                jcr:lastModifiedBy="admin"
                jcr:primaryType="nt:unstructured"
                sling:resourceType="delcity/components/structure/footer"
                menutitle1="About Us"
                sendIcon="/content/dam/delcity/images/Icon-send@2x.png">
                <aboutus jcr:primaryType="nt:unstructured">
                    <item0
                        jcr:primaryType="nt:unstructured"
                        pagetitle="About Us"/>
                    <item1
                        jcr:primaryType="nt:unstructured"
                        pagetitle="Contact Us"/>
                    <item2
                        jcr:primaryType="nt:unstructured"
                        pagetitle="FAQs"/>
                </aboutus>
            </footer>
            <responsivegrid
                jcr:created="{Date}2021-06-21T14:21:44.042+05:30"
                jcr:createdBy="admin"
                jcr:lastModified="{Date}2022-02-01T17:04:38.578+05:30"
                jcr:lastModifiedBy="admin"
                jcr:primaryType="nt:unstructured"
                sling:resourceType="wcm/foundation/components/responsivegrid">
                <blogteaser_copy_copy
                    jcr:created="{Date}2022-02-24T11:19:35.192+05:30"
                    jcr:createdBy="admin"
                    jcr:lastModified="{Date}2022-02-26T15:18:50.667+05:30"
                    jcr:lastModifiedBy="admin"
                    jcr:primaryType="nt:unstructured"
                    sling:resourceType="ecomm-framework/components/content/blogteaser"
                    authoringDate="December 01, 2017"
                    authorName="Kelsey Scherf"
                    blogImage="/content/dam/delcity/images/blogs/image-not-available-image.png"
                    selectBrand="DC"
                    teaserHeader="Anderson SB® Connector Series Product Guide">
                    <categoryList jcr:primaryType="nt:unstructured">
                        <item0
                            jcr:primaryType="nt:unstructured"
                            delcitycategories="Wire Connectors &amp; Quick Splices"/>
                    </categoryList>
                </blogteaser_copy_copy>
                <responsivegrid
                    jcr:created="{Date}2022-02-26T14:41:48.834+05:30"
                    jcr:createdBy="admin"
                    jcr:lastModified="{Date}2022-02-26T14:41:48.834+05:30"
                    jcr:lastModifiedBy="admin"
                    jcr:primaryType="nt:unstructured"
                    sling:resourceType="wcm/foundation/components/responsivegrid">
                    <cq:responsive jcr:primaryType="nt:unstructured"/>
                    <text
                        cq:styleIds="[1629979540972]"
                        jcr:created="{Date}2022-02-26T14:43:50.777+05:30"
                        jcr:createdBy="admin"
                        jcr:lastModified="{Date}2022-02-26T14:47:48.236+05:30"
                        jcr:lastModifiedBy="admin"
                        jcr:primaryType="nt:unstructured"
                        sling:resourceType="delcity/components/content/text"
                        text="&lt;p>The &lt;u>&lt;a href=&quot;https://www.delcity.net/store/Anderson-SB%C2%AE-Connectors-&amp;amp;-Accessories/p_112&quot;>Anderson SB® Connector Series&lt;/a> &lt;/u>is your go-to for a variety of applications for a professional grade connection. Two housings and four contacts are required for a full assembly of these connectors. Read on for a breakdown of all the Anderson SB Connector products and their many uses!&lt;/p>&#xd;&#xa;&lt;h2 style=&quot;text-align: left;&quot;>s       &lt;a href=&quot;https://www.delcity.net/store/SB%C2%AE-Connector-Housings/p_824698.h_104642&quot;>&lt;b>&lt;u>Anderson SB® Connector Housings&lt;/u>&lt;/b>&lt;/a>&lt;/h2>&#xd;&#xa;"
                        textIsRich="true"/>
                    <image_1923576167_cop
                        jcr:created="{Date}2022-02-24T11:33:06.818+05:30"
                        jcr:createdBy="admin"
                        jcr:lastModified="{Date}2022-02-24T11:41:18.424+05:30"
                        jcr:lastModifiedBy="admin"
                        jcr:primaryType="nt:unstructured"
                        sling:resourceType="ecomm-framework/components/content/image"
                        altValueFromDAM="true"
                        displayPopupTitle="true"
                        fileReference="/content/dam/delcity/images/blogs/image-not-available-image.png"
                        isDecorative="false"
                        titleValueFromDAM="true">
                        <cq:responsive jcr:primaryType="nt:unstructured">
                            <default
                                jcr:primaryType="nt:unstructured"
                                offset="1"
                                width="3"/>
                        </cq:responsive>
                    </image_1923576167_cop>
                    <text_1664427483_copy
                        cq:styleIds="[1629979540972]"
                        jcr:created="{Date}2022-02-24T11:33:18.393+05:30"
                        jcr:createdBy="admin"
                        jcr:lastModified="{Date}2022-02-24T16:14:06.370+05:30"
                        jcr:lastModifiedBy="admin"
                        jcr:primaryType="nt:unstructured"
                        sling:resourceType="delcity/components/content/text"
                        text="&lt;p>Depending on the job, the type of eye protection varies. If dust and debris are the only things you&amp;nbsp;have to worry about, a basic pair of&amp;nbsp;&lt;a href=&quot;https://www.delcity.net/store/Protective-Eyewear/p_803948&quot;>&lt;u>safety glasses&lt;/u>&lt;/a>&amp;nbsp;should be fine. If there are chemicals involved or you are working with heavy power tools, you will want to grab a pair of&lt;u>&amp;nbsp;&lt;a href=&quot;https://www.delcity.net/store/Visitor-Safety-Glasses/p_796324.h_796331&quot;>goggles&lt;/a>&lt;/u>&amp;nbsp;to make sure you are protected. One culprit people may not first think of when it comes to eye safety is various types of light. If you are working near ultraviolet or infrared light, you will want to utilize eye protection as well. Overall, you don’t want to take any chances with your eyes. If there is any chance something may cause damage, eye protection is the way to go.&lt;/p>&#xd;&#xa;"
                        textIsRich="true">
                        <cq:responsive jcr:primaryType="nt:unstructured">
                            <default
                                jcr:primaryType="nt:unstructured"
                                offset="0"
                                width="7"/>
                        </cq:responsive>
                    </text_1664427483_copy>
                    <text_1326407049
                        cq:styleIds="[1629979540972]"
                        jcr:created="{Date}2022-02-26T14:49:46.017+05:30"
                        jcr:createdBy="admin"
                        jcr:lastModified="{Date}2022-02-26T14:49:53.246+05:30"
                        jcr:lastModifiedBy="admin"
                        jcr:primaryType="nt:unstructured"
                        sling:resourceType="delcity/components/content/text"
                        text="&lt;p>The Anderson SB® Connector Housings are available in 50, 120, 175, and 350 amp options. This opens up a variety of applications and uses for this quality brand of connectors. They are rated for use to 600 volts in continuous AC (alternating current) or DC (direct current) operations. The housings are made from one piece of plastic and feature stainless steel springs to hold the contacts securely in place. This maintains constant pressure for a consistent and low-resistance final product.&lt;/p>&#xd;&#xa;"
                        textIsRich="true"/>
                    <text_1418127462_copy
                        jcr:created="{Date}2022-02-23T13:36:27.302+05:30"
                        jcr:createdBy="admin"
                        jcr:lastModified="{Date}2022-02-26T14:53:17.947+05:30"
                        jcr:lastModifiedBy="admin"
                        jcr:primaryType="nt:unstructured"
                        sling:resourceType="delcity/components/content/text"
                        text="&lt;p>Anderson makes for easy installation, as each housing is sorted by size depending on the amperage, and each size/amperage option is available in several color options. Only housings of the same color and size will mate, so you can be sure you have the correct products and the strongest connection. Different color housings can be selected to identify circuits or voltages, preventing a mismatch of power supply. In addition, Anderson housings are genderless, so you don’t need to worry about male and female housings. Purchasing two housings of the same amp series and color will allow for proper mating. This makes for a quick installation with minimal inventory!&lt;/p>&#xd;&#xa;&lt;h2 style=&quot;text-align: left;&quot;>&amp;nbsp; &amp;nbsp; &amp;nbsp;&amp;nbsp;&lt;a href=&quot;https://www.delcity.net/store/Anderson-SB%C2%AE-Connectors-&amp;amp;-Accessories/p_824697&quot;>&lt;b>&lt;u>Anderson SB® Connector Contacts&lt;/u>&lt;/b>&lt;/a>&lt;/h2>&#xd;&#xa;"
                        textIsRich="true">
                        <cq:responsive jcr:primaryType="nt:unstructured">
                            <default
                                jcr:primaryType="nt:unstructured"
                                offset="1"
                                width="8"/>
                        </cq:responsive>
                    </text_1418127462_copy>
                    <image_1433581_copy_c
                        jcr:created="{Date}2022-02-23T13:36:42.461+05:30"
                        jcr:createdBy="admin"
                        jcr:lastModified="{Date}2022-02-23T13:43:17.379+05:30"
                        jcr:lastModifiedBy="admin"
                        jcr:primaryType="nt:unstructured"
                        sling:resourceType="ecomm-framework/components/content/image"
                        altValueFromDAM="true"
                        displayPopupTitle="true"
                        fileReference="/content/dam/delcity/images/blogs/image-not-available-image.png"
                        isDecorative="false"
                        titleValueFromDAM="true">
                        <cq:responsive jcr:primaryType="nt:unstructured">
                            <default
                                jcr:primaryType="nt:unstructured"
                                offset="0"
                                width="3"/>
                        </cq:responsive>
                    </image_1433581_copy_c>
                    <image_1923576167_cop_798829987
                        jcr:created="{Date}2022-02-24T11:33:06.818+05:30"
                        jcr:createdBy="admin"
                        jcr:lastModified="{Date}2022-02-24T11:41:18.424+05:30"
                        jcr:lastModifiedBy="admin"
                        jcr:primaryType="nt:unstructured"
                        sling:resourceType="ecomm-framework/components/content/image"
                        altValueFromDAM="true"
                        displayPopupTitle="true"
                        fileReference="/content/dam/delcity/images/blogs/image-not-available-image.png"
                        isDecorative="false"
                        titleValueFromDAM="true">
                        <cq:responsive jcr:primaryType="nt:unstructured">
                            <default
                                jcr:primaryType="nt:unstructured"
                                offset="1"
                                width="3"/>
                        </cq:responsive>
                    </image_1923576167_cop_798829987>
                    <text_1664427483_copy_872427494
                        cq:styleIds="[1629979540972]"
                        jcr:created="{Date}2022-02-24T11:33:18.393+05:30"
                        jcr:createdBy="admin"
                        jcr:lastModified="{Date}2022-02-26T14:56:23.616+05:30"
                        jcr:lastModifiedBy="admin"
                        jcr:primaryType="nt:unstructured"
                        sling:resourceType="delcity/components/content/text"
                        text="&lt;p>The other necessary pieces for a complete Anderson SB® connection are the contacts. 4 contacts total are required for installation, with two being inserted into each housing.&amp;nbsp; These&amp;nbsp;contacts are silver plated copper and offer low resistance while boasting superior conductivity. Each contact is rated for use to 600 volts continuous AC or DC operation.&lt;/p>&#xd;&#xa;"
                        textIsRich="true">
                        <cq:responsive jcr:primaryType="nt:unstructured">
                            <default
                                jcr:primaryType="nt:unstructured"
                                offset="0"
                                width="7"/>
                        </cq:responsive>
                    </text_1664427483_copy_872427494>
                    <text_1212932174
                        cq:styleIds="[1629979540972]"
                        jcr:created="{Date}2022-02-26T14:56:40.113+05:30"
                        jcr:createdBy="admin"
                        jcr:lastModified="{Date}2022-02-26T15:10:21.854+05:30"
                        jcr:lastModifiedBy="admin"
                        jcr:primaryType="nt:unstructured"
                        sling:resourceType="delcity/components/content/text"
                        text="&lt;p>A beneficial aspect of these contacts is that they are contoured, which creates a self-wiping cleaning action when the connection is mated and unmated. Not only does this improve conductivity, but also creates a significantly longer life for these products. By keeping the surface clear of corrosion, Anderson SB® Contacts are a step above the rest.&lt;/p>&#xd;&#xa;&lt;p>&amp;nbsp;&lt;/p>&#xd;&#xa;&lt;p>Not only do Anderson Contacts provide great quality and durability, but also give a variety of options for your specific application.&amp;nbsp;&lt;a href=&quot;https://www.delcity.net/store/SB%C2%AE-Connector-Contacts/p_824758&quot;>&lt;u>Anderson SB® Original Contacts&lt;/u>&lt;/a>&amp;nbsp;are available in 50, 120, 175, and 350 amp series, and in three different gauges sizes within each amp series. This ranges from a 12-10 gauge 50 amp as the smallest to a 4/0 gauge 350 amp as the largest. These mate with the corresponding amperage housing. Like the housings, the contacts are also genderless, so you only need four of the same part number to complete the connection.&lt;/p>&#xd;&#xa;"
                        textIsRich="true"/>
                    <text_1418127462_copy_701311046
                        jcr:created="{Date}2022-02-23T13:36:27.302+05:30"
                        jcr:createdBy="admin"
                        jcr:lastModified="{Date}2022-02-26T14:58:27.335+05:30"
                        jcr:lastModifiedBy="admin"
                        jcr:primaryType="nt:unstructured"
                        sling:resourceType="delcity/components/content/text"
                        text="&lt;p>In addition to the original contacts, Del City also offers&amp;nbsp;&lt;a href=&quot;https://www.delcity.net/store/FUSION-SB%C2%AE-Contacts/p_824759.h_821997&quot;>&lt;u>FUSION Contacts&lt;/u>&lt;/a>. These are pre-loaded with&amp;nbsp;pre-measured&amp;nbsp;and correctly metered flux and solder all within a copper contact. These are ideal&amp;nbsp;for use&amp;nbsp;in&amp;nbsp;destructive vibration or corrosive environments. The FUSION Contacts make for a quicker installation and overall less costly install/repair. The simple steps to install these contacts and make for a superior&amp;nbsp;strong connection are below.&lt;/p>&#xd;&#xa;"
                        textIsRich="true">
                        <cq:responsive jcr:primaryType="nt:unstructured">
                            <default
                                jcr:primaryType="nt:unstructured"
                                offset="1"
                                width="8"/>
                        </cq:responsive>
                    </text_1418127462_copy_701311046>
                    <image_1433581_copy_c_182698561
                        jcr:created="{Date}2022-02-23T13:36:42.461+05:30"
                        jcr:createdBy="admin"
                        jcr:lastModified="{Date}2022-02-23T13:43:17.379+05:30"
                        jcr:lastModifiedBy="admin"
                        jcr:primaryType="nt:unstructured"
                        sling:resourceType="ecomm-framework/components/content/image"
                        altValueFromDAM="true"
                        displayPopupTitle="true"
                        fileReference="/content/dam/delcity/images/blogs/image-not-available-image.png"
                        isDecorative="false"
                        titleValueFromDAM="true">
                        <cq:responsive jcr:primaryType="nt:unstructured">
                            <default
                                jcr:primaryType="nt:unstructured"
                                offset="0"
                                width="3"/>
                        </cq:responsive>
                    </image_1433581_copy_c_182698561>
                    <text_667572794
                        jcr:created="{Date}2022-02-26T14:58:43.005+05:30"
                        jcr:createdBy="admin"
                        jcr:lastModified="{Date}2022-02-26T15:11:51.497+05:30"
                        jcr:lastModifiedBy="admin"
                        jcr:primaryType="nt:unstructured"
                        sling:resourceType="delcity/components/content/text"
                        text="&lt;div>&amp;nbsp; &amp;nbsp;&lt;/div>&#xd;&#xa;&lt;ol>&#xd;&#xa;&lt;li>Clamp contact into vise&lt;/li>&#xd;&#xa;&lt;li>Strip the battery cable to reveal approximately 7/8” of wire&lt;/li>&#xd;&#xa;&lt;li>Heat the contact until&amp;nbsp;the solder melts then insert the wire&lt;/li>&#xd;&#xa;&lt;li>Cool to solidify&lt;/li>&#xd;&#xa;&lt;/ol>&#xd;&#xa;"
                        textIsRich="true"/>
                    <image_1923576167_cop_1621186496
                        jcr:created="{Date}2022-02-24T11:33:06.818+05:30"
                        jcr:createdBy="admin"
                        jcr:lastModified="{Date}2022-02-24T11:41:18.424+05:30"
                        jcr:lastModifiedBy="admin"
                        jcr:primaryType="nt:unstructured"
                        sling:resourceType="ecomm-framework/components/content/image"
                        altValueFromDAM="true"
                        displayPopupTitle="true"
                        fileReference="/content/dam/delcity/images/blogs/image-not-available-image.png"
                        isDecorative="false"
                        titleValueFromDAM="true">
                        <cq:responsive jcr:primaryType="nt:unstructured">
                            <default
                                jcr:primaryType="nt:unstructured"
                                offset="1"
                                width="3"/>
                        </cq:responsive>
                    </image_1923576167_cop_1621186496>
                    <text_1664427483_copy_1065562673
                        cq:styleIds="[1629979540972]"
                        jcr:created="{Date}2022-02-24T11:33:18.393+05:30"
                        jcr:createdBy="admin"
                        jcr:lastModified="{Date}2022-02-26T15:00:55.865+05:30"
                        jcr:lastModifiedBy="admin"
                        jcr:primaryType="nt:unstructured"
                        sling:resourceType="delcity/components/content/text"
                        text="&lt;p>Finally, the Anderson SB® Connector line offers&lt;u>&amp;nbsp;&lt;a href=&quot;https://www.delcity.net/store/SB%C2%AE-Reducer-Bushings/p_824760.h_822006&quot;>Reducer Bushings&lt;/a>&lt;/u>. These allow for the crimping of larger contacts onto smaller cable sizes. This ensures for a proper fit and a wider variety of applications.&lt;/p>&#xd;&#xa;"
                        textIsRich="true">
                        <cq:responsive jcr:primaryType="nt:unstructured">
                            <default
                                jcr:primaryType="nt:unstructured"
                                offset="0"
                                width="7"/>
                        </cq:responsive>
                    </text_1664427483_copy_1065562673>
                    <text_1418127462_copy_1006784006
                        jcr:created="{Date}2022-02-23T13:36:27.302+05:30"
                        jcr:createdBy="admin"
                        jcr:lastModified="{Date}2022-02-26T15:02:41.334+05:30"
                        jcr:lastModifiedBy="admin"
                        jcr:primaryType="nt:unstructured"
                        sling:resourceType="delcity/components/content/text"
                        text="&lt;p>Del City knows that you want the most durable and&amp;nbsp;protected connection.&amp;nbsp;We offer&amp;nbsp;&lt;a href=&quot;https://www.delcity.net/store/Protective-Caps-&amp;amp;-Boots/p_824699.h_822016&quot;>&lt;u>protective caps&lt;/u>&lt;/a>&amp;nbsp;to protect the connectors from the elements and to provide&amp;nbsp;impact protection, strain relief, and prevent accidental arcing. The protective caps are available in red and black and are sold to match the specific amperage of your unique application.&lt;/p>&#xd;&#xa;"
                        textIsRich="true">
                        <cq:responsive jcr:primaryType="nt:unstructured">
                            <default
                                jcr:primaryType="nt:unstructured"
                                offset="1"
                                width="8"/>
                        </cq:responsive>
                    </text_1418127462_copy_1006784006>
                    <image_1433581_copy_c_920656623
                        jcr:created="{Date}2022-02-23T13:36:42.461+05:30"
                        jcr:createdBy="admin"
                        jcr:lastModified="{Date}2022-02-23T13:43:17.379+05:30"
                        jcr:lastModifiedBy="admin"
                        jcr:primaryType="nt:unstructured"
                        sling:resourceType="ecomm-framework/components/content/image"
                        altValueFromDAM="true"
                        displayPopupTitle="true"
                        fileReference="/content/dam/delcity/images/blogs/image-not-available-image.png"
                        isDecorative="false"
                        titleValueFromDAM="true">
                        <cq:responsive jcr:primaryType="nt:unstructured">
                            <default
                                jcr:primaryType="nt:unstructured"
                                offset="0"
                                width="3"/>
                        </cq:responsive>
                    </image_1433581_copy_c_920656623>
                    <image_1923576167_cop_1821787333
                        jcr:created="{Date}2022-02-24T11:33:06.818+05:30"
                        jcr:createdBy="admin"
                        jcr:lastModified="{Date}2022-02-24T11:41:18.424+05:30"
                        jcr:lastModifiedBy="admin"
                        jcr:primaryType="nt:unstructured"
                        sling:resourceType="ecomm-framework/components/content/image"
                        altValueFromDAM="true"
                        displayPopupTitle="true"
                        fileReference="/content/dam/delcity/images/blogs/image-not-available-image.png"
                        isDecorative="false"
                        titleValueFromDAM="true">
                        <cq:responsive jcr:primaryType="nt:unstructured">
                            <default
                                jcr:primaryType="nt:unstructured"
                                offset="1"
                                width="3"/>
                        </cq:responsive>
                    </image_1923576167_cop_1821787333>
                    <text_1664427483_copy_1084914424
                        cq:styleIds="[1629979540972]"
                        jcr:created="{Date}2022-02-24T11:33:18.393+05:30"
                        jcr:createdBy="admin"
                        jcr:lastModified="{Date}2022-02-26T15:03:42.008+05:30"
                        jcr:lastModifiedBy="admin"
                        jcr:primaryType="nt:unstructured"
                        sling:resourceType="delcity/components/content/text"
                        text="&lt;p>In order to provide additional leverage for easier mating and unmating of the connector housings, the Anderson SB® Series also offers&amp;nbsp;&lt;a href=&quot;https://www.delcity.net/store/Polycarbonate-Handle-Kits/p_824700.h_822024&quot;>Polycarbonate Handle Kits&lt;/a>. These allow for extra grip when working to unmate your connection and are available in red, gray, or black. Like the protective caps, these Polycarbonate Handle Kits are also sorted by amperage for easy use.&lt;/p>&#xd;&#xa;"
                        textIsRich="true">
                        <cq:responsive jcr:primaryType="nt:unstructured">
                            <default
                                jcr:primaryType="nt:unstructured"
                                offset="0"
                                width="7"/>
                        </cq:responsive>
                    </text_1664427483_copy_1084914424>
                    <text_1418127462_copy_1514744023
                        jcr:created="{Date}2022-02-23T13:36:27.302+05:30"
                        jcr:createdBy="admin"
                        jcr:lastModified="{Date}2022-02-26T15:05:55.951+05:30"
                        jcr:lastModifiedBy="admin"
                        jcr:primaryType="nt:unstructured"
                        sling:resourceType="delcity/components/content/text"
                        text="&lt;p>Lastly, Del City also offers cable clamps&amp;nbsp;to help secure your Anderson connection&amp;nbsp;These metal cable clamps are able to securely hold the battery cables in place. This protects your connection from a variety of vulnerabilities such as strain, pull, or dislodging of either the wire or contacts from the housing.&lt;/p>&#xd;&#xa;"
                        textIsRich="true">
                        <cq:responsive jcr:primaryType="nt:unstructured">
                            <default
                                jcr:primaryType="nt:unstructured"
                                offset="1"
                                width="8"/>
                        </cq:responsive>
                    </text_1418127462_copy_1514744023>
                    <image_1433581_copy_c_281224262
                        jcr:created="{Date}2022-02-23T13:36:42.461+05:30"
                        jcr:createdBy="admin"
                        jcr:lastModified="{Date}2022-02-23T13:43:17.379+05:30"
                        jcr:lastModifiedBy="admin"
                        jcr:primaryType="nt:unstructured"
                        sling:resourceType="ecomm-framework/components/content/image"
                        altValueFromDAM="true"
                        displayPopupTitle="true"
                        fileReference="/content/dam/delcity/images/blogs/image-not-available-image.png"
                        isDecorative="false"
                        titleValueFromDAM="true">
                        <cq:responsive jcr:primaryType="nt:unstructured">
                            <default
                                jcr:primaryType="nt:unstructured"
                                offset="0"
                                width="3"/>
                        </cq:responsive>
                    </image_1433581_copy_c_281224262>
                    <text_666904878
                        cq:styleIds="[1629979540972]"
                        jcr:created="{Date}2022-02-26T15:06:08.043+05:30"
                        jcr:createdBy="admin"
                        jcr:lastModified="{Date}2022-02-26T15:07:34.647+05:30"
                        jcr:lastModifiedBy="admin"
                        jcr:primaryType="nt:unstructured"
                        sling:resourceType="delcity/components/content/text"
                        text="&lt;p>As can be seen, Anderson SB® Series Connectors can be an extremely helpful product series when it comes to your application.&lt;/p>&#xd;&#xa;&lt;p>&amp;nbsp;&lt;/p>&#xd;&#xa;&lt;p>Have more questions? Don’t hesitate to reach out to our Technical Support at&amp;nbsp;&lt;b>1.800.654.4757&lt;/b>&amp;nbsp;and they will be happy to help you out!&lt;/p>&#xd;&#xa;&lt;p>&amp;nbsp;&lt;/p>&#xd;&#xa;&lt;p>Interested in wire connectors as well? Check out our&amp;nbsp;&lt;a href=&quot;http://blog.delcity.net/deutsch-products-guide&quot;>&lt;u>DEUTSCH Product guide&lt;/u>&lt;/a>&amp;nbsp;and&amp;nbsp;&lt;u>&lt;a href=&quot;http://blog.delcity.net/deutsch-products-assembly-guide&quot;>assembly instruction videos&lt;/a>!&lt;/u>&lt;/p>&#xd;&#xa;&lt;p>&amp;nbsp;&lt;/p>&#xd;&#xa;&lt;h6>&amp;nbsp; &amp;nbsp; &amp;nbsp; &amp;nbsp;Posted in&amp;nbsp;&lt;a href=&quot;https://blog.delcity.net/category/wire-connectors-quick-splices/&quot;>&lt;u>Wire Connectors &amp;amp; Quick Splices&lt;/u>&lt;/a>.&lt;/h6>&#xd;&#xa;&lt;h6>&amp;nbsp;&lt;/h6>&#xd;&#xa;"
                        textIsRich="true"/>
                    <separator
                        jcr:created="{Date}2022-02-26T15:07:41.838+05:30"
                        jcr:createdBy="admin"
                        jcr:lastModified="{Date}2022-02-26T15:07:41.838+05:30"
                        jcr:lastModifiedBy="admin"
                        jcr:primaryType="nt:unstructured"
                        sling:resourceType="ecomm-framework/components/content/separator"/>
                    <button_copy
                        jcr:created="{Date}2022-02-24T15:54:13.279+05:30"
                        jcr:createdBy="admin"
                        jcr:lastModified="{Date}2022-02-26T15:08:52.217+05:30"
                        jcr:lastModifiedBy="admin"
                        jcr:primaryType="nt:unstructured"
                        jcr:title="How To Install Anderson SB® Connectors"
                        sling:resourceType="ecomm-framework/components/content/button"
                        link="https://blog.delcity.net/how-to-install-anderson-sb-connectors/">
                        <cq:responsive jcr:primaryType="nt:unstructured">
                            <default
                                jcr:primaryType="nt:unstructured"
                                offset="1"
                                width="4"/>
                        </cq:responsive>
                    </button_copy>
                    <button_1794941023_co
                        jcr:created="{Date}2022-02-24T15:54:24.970+05:30"
                        jcr:createdBy="admin"
                        jcr:lastModified="{Date}2022-02-26T15:09:35.000+05:30"
                        jcr:lastModifiedBy="admin"
                        jcr:primaryType="nt:unstructured"
                        jcr:title="Del City Crossword Puzzle"
                        sling:resourceType="ecomm-framework/components/content/button"
                        link="https://blog.delcity.net/del-city-crossword-puzzle/">
                        <cq:responsive jcr:primaryType="nt:unstructured">
                            <default
                                jcr:primaryType="nt:unstructured"
                                offset="4"
                                width="2"/>
                        </cq:responsive>
                    </button_1794941023_co>
                    <text_1670546640
                        jcr:created="{Date}2022-02-26T15:12:37.245+05:30"
                        jcr:createdBy="admin"
                        jcr:lastModified="{Date}2022-02-26T15:12:37.245+05:30"
                        jcr:lastModifiedBy="admin"
                        jcr:primaryType="nt:unstructured"
                        sling:resourceType="delcity/components/content/text"/>
                </responsivegrid>
            </responsivegrid>
        </root>
    </jcr:content>
</jcr:root>
