<?xml version="1.0" encoding="UTF-8"?>
<jcr:root xmlns:sling="http://sling.apache.org/jcr/sling/1.0" xmlns:cq="http://www.day.com/jcr/cq/1.0" xmlns:jcr="http://www.jcp.org/jcr/1.0" xmlns:nt="http://www.jcp.org/jcr/nt/1.0"
    jcr:primaryType="cq:Page">
    <jcr:content
        cq:lastModified="{Date}2022-03-04T03:40:14.010-06:00"
        cq:lastModifiedBy="Praveen.Vatchavayi@mercmarine.com"
        cq:template="/conf/delcity/settings/wcm/templates/delcity-generic-template"
        jcr:primaryType="cq:PageContent"
        jcr:title="What’s the Difference Between Battery Cable and Welding Cable?"
        sling:resourceType="delcity/components/structure/page">
        <root
            jcr:primaryType="nt:unstructured"
            sling:resourceType="wcm/foundation/components/responsivegrid">
            <footer
                jcr:created="{Date}2021-06-21T14:21:52.357+05:30"
                jcr:createdBy="admin"
                jcr:lastModified="{Date}2022-02-01T17:04:20.028+05:30"
                jcr:lastModifiedBy="admin"
                jcr:primaryType="nt:unstructured"
                sling:resourceType="delcity/components/structure/footer"
                menutitle1="About Us"
                sendIcon="/content/dam/delcity/images/Icon-send@2x.png">
                <aboutus jcr:primaryType="nt:unstructured">
                    <item0
                        jcr:primaryType="nt:unstructured"
                        pagetitle="About Us"/>
                    <item1
                        jcr:primaryType="nt:unstructured"
                        pagetitle="Contact Us"/>
                    <item2
                        jcr:primaryType="nt:unstructured"
                        pagetitle="FAQs"/>
                </aboutus>
            </footer>
            <responsivegrid
                jcr:created="{Date}2021-06-21T14:21:44.042+05:30"
                jcr:createdBy="admin"
                jcr:lastModified="{Date}2022-02-01T17:04:38.578+05:30"
                jcr:lastModifiedBy="admin"
                jcr:primaryType="nt:unstructured"
                sling:resourceType="wcm/foundation/components/responsivegrid">
                <blogteaser
                    jcr:created="{Date}2022-02-21T08:40:55.975+05:30"
                    jcr:createdBy="admin"
                    jcr:lastModified="{Date}2022-02-21T17:09:13.322+05:30"
                    jcr:lastModifiedBy="admin"
                    jcr:primaryType="nt:unstructured"
                    sling:resourceType="ecomm-framework/components/content/blogteaser"
                    authoringDate="March 15, 2015"
                    authorName="Kelsey Scherf"
                    blogImage="/content/dam/delcity/images/blogs/image-not-available-image.png"
                    selectBrand="DC"
                    teaserDescription="What’s the difference between battery cable and welding cable, anyway? Is there any? While they are similar, there’s a few things to consider when choosing between the two."
                    teaserHeader="What’s the Difference Between Battery Cable and We">
                    <categoryList jcr:primaryType="nt:unstructured">
                        <item0
                            jcr:primaryType="nt:unstructured"
                            delcitycategories="Battery Cables &amp; Accessories"/>
                        <item1
                            jcr:primaryType="nt:unstructured"
                            delcitycategories="Wire &amp; Cable"/>
                    </categoryList>
                </blogteaser>
                <responsivegrid
                    jcr:created="{Date}2022-02-21T08:40:47.845+05:30"
                    jcr:createdBy="admin"
                    jcr:lastModified="{Date}2022-02-21T08:40:47.845+05:30"
                    jcr:lastModifiedBy="admin"
                    jcr:primaryType="nt:unstructured"
                    sling:resourceType="wcm/foundation/components/responsivegrid">
                    <cq:responsive jcr:primaryType="nt:unstructured"/>
                    <text_1257719909
                        jcr:created="{Date}2022-02-21T12:58:50.989+05:30"
                        jcr:createdBy="admin"
                        jcr:lastModified="{Date}2022-02-21T17:10:43.646+05:30"
                        jcr:lastModifiedBy="admin"
                        jcr:primaryType="nt:unstructured"
                        sling:resourceType="delcity/components/content/text"
                        text="&lt;p>What’s the difference between&amp;nbsp;&lt;a href=&quot;https://www.delcity.net/store/Battery-Cable/p_900859&quot;>battery cable&lt;/a>&amp;nbsp;and&amp;nbsp;&lt;a href=&quot;https://www.delcity.net/store/Welding-Cable/p_367&quot;>welding cable&lt;/a>, anyway? Is there any? While they are similar, there’s a few things to consider when choosing between the two.&lt;/p>&#xd;&#xa;"
                        textIsRich="true">
                        <cq:responsive jcr:primaryType="nt:unstructured">
                            <default
                                jcr:primaryType="nt:unstructured"
                                offset="0"
                                width="11"/>
                        </cq:responsive>
                    </text_1257719909>
                    <image
                        jcr:created="{Date}2022-02-21T17:10:52.861+05:30"
                        jcr:createdBy="admin"
                        jcr:lastModified="{Date}2022-02-21T17:11:03.599+05:30"
                        jcr:lastModifiedBy="admin"
                        jcr:primaryType="nt:unstructured"
                        sling:resourceType="ecomm-framework/components/content/image"
                        altValueFromDAM="true"
                        displayPopupTitle="true"
                        fileReference="/content/dam/delcity/images/blogs/image-not-available-image.png"
                        isDecorative="false"
                        titleValueFromDAM="true">
                        <cq:responsive jcr:primaryType="nt:unstructured">
                            <default
                                jcr:primaryType="nt:unstructured"
                                offset="3"
                                width="6"/>
                        </cq:responsive>
                    </image>
                    <text_1378465472
                        jcr:created="{Date}2022-02-21T12:40:03.794+05:30"
                        jcr:createdBy="admin"
                        jcr:lastModified="{Date}2022-02-21T17:11:42.979+05:30"
                        jcr:lastModifiedBy="admin"
                        jcr:primaryType="nt:unstructured"
                        sling:resourceType="delcity/components/content/text"
                        text="&lt;p>&lt;b>Applications&lt;/b>&lt;/p>&#xd;&#xa;&lt;p>If you just need a simple connection between a battery and its starter,&amp;nbsp;&lt;a href=&quot;https://www.delcity.net/store/Battery-Cable/p_900859&quot;>battery cable&lt;/a>&amp;nbsp;is the ideal solution. For applications with no sharp curves or those that have a direct shot to the power source, battery cable is the most efficient option. The copper strands within battery cable are thicker and not as tightly compacted in the PVC sleeving, making battery cable less flexible but more cost-effective option when the benefits of welding cable are not necessary.&amp;nbsp;Due to the thicker copper strands, there are fewer strands in battery cable when compared to welding cable of the same gauge size. This difference limits battery cable to applications or projects that need no more than 60V power.&lt;/p>&#xd;&#xa;&lt;p>When a lot of bends are required to complete the wiring of an application,&amp;nbsp;&lt;a href=&quot;https://www.delcity.net/store/Welding-Cable/p_367&quot;>welding cable&lt;/a>&amp;nbsp;is often preferred due to its flexibility. The flexibility of welding cable is a result of its construction using finer strands of copper and EPDM insulation. Because of the finer copper strands, the amount of copper per foot is greater in welding cable than battery cable, which allows welding cable to handle higher voltage applications. Welding cable got its name because it was initially used for welding purposes, since often times welding machines require mobility and battery cable is not as mobile due to its inability to move, unroll, and bend. That said, welding cable is a better choice for those applications where the cable usability is important.&lt;/p>&#xd;&#xa;&lt;p>&lt;b>The Elements&lt;/b>&lt;/p>&#xd;&#xa;&lt;p>Battery cable’s smooth thermoplastic polyvinyl chloride (PVC) jacket protects against cracking, abrasion, weather, oil, and acids. Battery cable meets the UL-558 and UL-553 flame resistant standards.&lt;/p>&#xd;&#xa;&lt;p>Similarly, welding cable resists grease, oil, and water, as well as protecting against cuts and tears. However, welding cable is also flame resistant, but meets the UL-1581 standards. This UL rating gives it an edge on&amp;nbsp;battery cable when it comes to protection from the elements.&lt;/p>&#xd;&#xa;&lt;p>&lt;b>Environment&lt;/b>&lt;/p>&#xd;&#xa;&lt;p>When simple connection and protection is needed on your application or project, battery cable is the best choice to keep your electrical connections running. However, in cold weather battery cable becomes very stiff and difficult to work with.&lt;/p>&#xd;&#xa;&lt;p>On the other hand, welding cable is ideal for installations with exposure to colder weather because of its construction with thinner stranding which allows increased flexibility and usability.&amp;nbsp;However, both perform similarly in cold conditions.&lt;/p>&#xd;&#xa;"
                        textIsRich="true">
                        <cq:responsive jcr:primaryType="nt:unstructured">
                            <default
                                jcr:primaryType="nt:unstructured"
                                offset="0"
                                width="11"/>
                        </cq:responsive>
                    </text_1378465472>
                    <image_copy
                        jcr:created="{Date}2022-02-21T17:10:52.861+05:30"
                        jcr:createdBy="admin"
                        jcr:lastModified="{Date}2022-02-21T17:11:03.599+05:30"
                        jcr:lastModifiedBy="admin"
                        jcr:primaryType="nt:unstructured"
                        sling:resourceType="ecomm-framework/components/content/image"
                        altValueFromDAM="true"
                        displayPopupTitle="true"
                        fileReference="/content/dam/delcity/images/blogs/image-not-available-image.png"
                        isDecorative="false"
                        titleValueFromDAM="true">
                        <cq:responsive jcr:primaryType="nt:unstructured">
                            <default
                                jcr:primaryType="nt:unstructured"
                                offset="3"
                                width="6"/>
                        </cq:responsive>
                    </image_copy>
                    <text
                        jcr:created="{Date}2022-02-21T17:12:24.404+05:30"
                        jcr:createdBy="admin"
                        jcr:lastModified="{Date}2022-02-21T17:12:30.347+05:30"
                        jcr:lastModifiedBy="admin"
                        jcr:primaryType="nt:unstructured"
                        sling:resourceType="delcity/components/content/text"
                        text="&lt;p>Battery cable provides a budget friendly, cost-effective solution to your battery projects and applications that need no special enhancements while providing excellent protection and connection. However, if usability is a top priority, welding cable is the way to go.&lt;/p>&#xd;&#xa;&lt;p>At Del City, there is a wide variety of&amp;nbsp;&lt;a href=&quot;https://www.delcity.net/store/Battery-Cable/p_900859&quot;>battery cable&lt;/a>&amp;nbsp;and&amp;nbsp;&lt;a href=&quot;https://www.delcity.net/store/Welding-Cable/p_367&quot;>welding cable&lt;/a>, plus all the&amp;nbsp;&lt;a href=&quot;https://www.delcity.net/store/Battery-Cable-Ends,-Lugs,-&amp;amp;-Crimp-Tools/p_102&quot;>welding and battery cable ends&lt;/a>&amp;nbsp;you need to complete your connection. If you have any questions, give our technical support specialists a call at 1.800.658.4757!&lt;/p>&#xd;&#xa;"
                        textIsRich="true">
                        <cq:responsive jcr:primaryType="nt:unstructured">
                            <default
                                jcr:primaryType="nt:unstructured"
                                offset="0"
                                width="11"/>
                        </cq:responsive>
                    </text>
                    <text_980913175
                        jcr:created="{Date}2022-02-21T17:12:46.500+05:30"
                        jcr:createdBy="admin"
                        jcr:lastModified="{Date}2022-02-21T17:13:03.665+05:30"
                        jcr:lastModifiedBy="admin"
                        jcr:primaryType="nt:unstructured"
                        sling:resourceType="delcity/components/content/text"
                        text="&lt;h6 style=&quot;margin-left: 40px;&quot;>Posted in&amp;nbsp;&lt;a href=&quot;https://blog.delcity.net/category/battery-cables-accessories/&quot;>Battery Cables &amp;amp; Accessories&lt;/a>,&amp;nbsp;&lt;a href=&quot;https://blog.delcity.net/category/wire-cable/&quot;>Wire &amp;amp; Cable&lt;/a>.&lt;/h6>&#xd;&#xa;"
                        textIsRich="true">
                        <cq:responsive jcr:primaryType="nt:unstructured">
                            <default
                                jcr:primaryType="nt:unstructured"
                                offset="0"
                                width="11"/>
                        </cq:responsive>
                    </text_980913175>
                    <separator
                        jcr:created="{Date}2022-02-21T17:13:10.109+05:30"
                        jcr:createdBy="admin"
                        jcr:lastModified="{Date}2022-02-21T17:13:10.109+05:30"
                        jcr:lastModifiedBy="admin"
                        jcr:primaryType="nt:unstructured"
                        sling:resourceType="ecomm-framework/components/content/separator">
                        <cq:responsive jcr:primaryType="nt:unstructured">
                            <default
                                jcr:primaryType="nt:unstructured"
                                offset="0"
                                width="12"/>
                        </cq:responsive>
                    </separator>
                    <button_copy
                        jcr:created="{Date}2022-02-21T17:13:17.649+05:30"
                        jcr:createdBy="admin"
                        jcr:lastModified="{Date}2022-02-21T17:13:46.152+05:30"
                        jcr:lastModifiedBy="admin"
                        jcr:primaryType="nt:unstructured"
                        jcr:title=" Winterizing Your Car : Tips…"
                        sling:resourceType="ecomm-framework/components/content/button"
                        link="https://blog.delcity.net/winterizing-your-car-tips-to-get-ready-for-winter/">
                        <cq:responsive jcr:primaryType="nt:unstructured">
                            <default
                                jcr:primaryType="nt:unstructured"
                                offset="1"
                                width="3"/>
                        </cq:responsive>
                    </button_copy>
                    <button
                        jcr:created="{Date}2022-02-21T17:16:14.056+05:30"
                        jcr:createdBy="admin"
                        jcr:lastModified="{Date}2022-02-21T17:16:32.481+05:30"
                        jcr:lastModifiedBy="admin"
                        jcr:primaryType="nt:unstructured"
                        jcr:title="6 Tips for Keeping Your… "
                        sling:resourceType="ecomm-framework/components/content/button"
                        link="https://blog.delcity.net/6-tips-for-keeping-your-collector-car-on-the-road/">
                        <cq:responsive jcr:primaryType="nt:unstructured">
                            <default
                                jcr:primaryType="nt:unstructured"
                                offset="5"
                                width="3"/>
                        </cq:responsive>
                    </button>
                </responsivegrid>
                <text_1636264735_copy
                    jcr:created="{Date}2022-02-24T15:39:12.118+05:30"
                    jcr:createdBy="admin"
                    jcr:lastModified="{Date}2022-02-24T15:39:12.118+05:30"
                    jcr:lastModifiedBy="admin"
                    jcr:primaryType="nt:unstructured"
                    sling:resourceType="delcity/components/content/text">
                    <cq:responsive jcr:primaryType="nt:unstructured">
                        <default
                            jcr:primaryType="nt:unstructured"
                            offset="1"
                            width="11"/>
                    </cq:responsive>
                </text_1636264735_copy>
            </responsivegrid>
        </root>
    </jcr:content>
</jcr:root>
