<?xml version="1.0" encoding="UTF-8"?>
<jcr:root xmlns:sling="http://sling.apache.org/jcr/sling/1.0" xmlns:cq="http://www.day.com/jcr/cq/1.0" xmlns:jcr="http://www.jcp.org/jcr/1.0" xmlns:nt="http://www.jcp.org/jcr/nt/1.0"
    jcr:primaryType="nt:unstructured"
    jcr:title="Account Summary"
    sling:resourceType="cq/gui/components/authoring/dialog">
    <content
        jcr:primaryType="nt:unstructured"
        sling:resourceType="granite/ui/components/coral/foundation/fixedcolumns">
        <items jcr:primaryType="nt:unstructured">
            <statementPageDetails
                jcr:primaryType="nt:unstructured"
                sling:resourceType="granite/ui/components/coral/foundation/tabs">
                <items jcr:primaryType="nt:unstructured">
                    <pageTitle
                        jcr:primaryType="nt:unstructured"
                        jcr:title="Page Details"
                        sling:resourceType="granite/ui/components/coral/foundation/container">
                        <items jcr:primaryType="nt:unstructured">
                            <pageName
                                jcr:primaryType="nt:unstructured"
                                sling:resourceType="granite/ui/components/coral/foundation/form/textfield"
                                emptyText="Enter the title of page"
                                fieldLabel="Page Title"
                                name="./pageTitle"/>
                            <tableHeading
                                jcr:primaryType="nt:unstructured"
                                sling:resourceType="granite/ui/components/coral/foundation/form/textfield"
                                emptyText="Enter the title of table"
                                fieldLabel="Table Title"
                                name="./tableHeading"/>
                            <exportBtn
                                jcr:primaryType="nt:unstructured"
                                sling:resourceType="granite/ui/components/coral/foundation/form/textfield"
                                emptyText="Enter the title of button"
                                fieldLabel="Export Button Label"
                                name="./exportBtn"/>
                            <exportBtnAnalytics
                                jcr:primaryType="nt:unstructured"
                                sling:resourceType="granite/ui/components/coral/foundation/form/textfield"
                                fieldDescription="Enter value for data-analytics attribute in export button"
                                emptyText="Enter value for data-analytics attribute in export button"
                                fieldLabel="Export Button data-analytics Value"
                                name="./exportBtnAnalytics"/>
                        </items>
                    </pageTitle>
                </items>
            </statementPageDetails>
        </items>
    </content>
</jcr:root>
