<?xml version="1.0" encoding="UTF-8"?>
<jcr:root xmlns:sling="http://sling.apache.org/jcr/sling/1.0" xmlns:cq="http://www.day.com/jcr/cq/1.0" xmlns:jcr="http://www.jcp.org/jcr/1.0" xmlns:nt="http://www.jcp.org/jcr/nt/1.0"
    jcr:primaryType="cq:Page">
    <jcr:content
        cq:lastModified="{Date}2022-03-04T07:04:41.044-06:00"
        cq:lastModifiedBy="Anagha.Dwajan@mercmarine.com"
        cq:template="/conf/delcity/settings/wcm/templates/delcity-generic-template"
        jcr:primaryType="cq:PageContent"
        jcr:title="How to Install LED Light Strips"
        sling:resourceType="delcity/components/structure/page">
        <root
            jcr:primaryType="nt:unstructured"
            sling:resourceType="wcm/foundation/components/responsivegrid">
            <footer
                jcr:created="{Date}2021-06-21T14:21:52.357+05:30"
                jcr:createdBy="admin"
                jcr:lastModified="{Date}2022-02-01T17:04:20.028+05:30"
                jcr:lastModifiedBy="admin"
                jcr:primaryType="nt:unstructured"
                sling:resourceType="delcity/components/structure/footer"
                menutitle1="About Us"
                sendIcon="/content/dam/delcity/images/Icon-send@2x.png">
                <aboutus jcr:primaryType="nt:unstructured">
                    <item0
                        jcr:primaryType="nt:unstructured"
                        pagetitle="About Us"/>
                    <item1
                        jcr:primaryType="nt:unstructured"
                        pagetitle="Contact Us"/>
                    <item2
                        jcr:primaryType="nt:unstructured"
                        pagetitle="FAQs"/>
                </aboutus>
            </footer>
            <responsivegrid
                jcr:created="{Date}2021-06-21T14:21:44.042+05:30"
                jcr:createdBy="admin"
                jcr:lastModified="{Date}2022-02-01T17:04:38.578+05:30"
                jcr:lastModifiedBy="admin"
                jcr:primaryType="nt:unstructured"
                sling:resourceType="wcm/foundation/components/responsivegrid">
                <blogteaser
                    jcr:created="{Date}2022-02-22T11:53:31.626+05:30"
                    jcr:createdBy="admin"
                    jcr:lastModified="{Date}2022-03-04T07:04:41.031-06:00"
                    jcr:lastModifiedBy="Anagha.Dwajan@mercmarine.com"
                    jcr:primaryType="nt:unstructured"
                    sling:resourceType="ecomm-framework/components/content/blogteaser"
                    authoringDate="July 29, 2017"
                    authorName="Kelsey Scherf"
                    blogImage="/content/dam/delcity/images/blogs/image-not-available-image.png"
                    selectBrand="DC"
                    teaserHeader="How to Install LED Light Strips">
                    <categoryList jcr:primaryType="nt:unstructured">
                        <item0
                            jcr:primaryType="nt:unstructured"
                            delcitycategories="How-To"/>
                        <item1
                            jcr:primaryType="nt:unstructured"
                            delcitycategories="Lighting"/>
                    </categoryList>
                </blogteaser>
                <responsivegrid
                    jcr:created="{Date}2022-02-22T11:53:07.497+05:30"
                    jcr:createdBy="admin"
                    jcr:lastModified="{Date}2022-02-22T11:53:07.497+05:30"
                    jcr:lastModifiedBy="admin"
                    jcr:primaryType="nt:unstructured"
                    sling:resourceType="wcm/foundation/components/responsivegrid">
                    <cq:responsive jcr:primaryType="nt:unstructured"/>
                    <text
                        jcr:created="{Date}2022-02-22T11:58:07.417+05:30"
                        jcr:createdBy="admin"
                        jcr:lastModified="{Date}2022-02-22T11:58:37.311+05:30"
                        jcr:lastModifiedBy="admin"
                        jcr:primaryType="nt:unstructured"
                        sling:resourceType="delcity/components/content/text"
                        text="&lt;p>Flexible LED Light Strips can be used on a wide variety of projects. They can be utilized for the interior of your car, below your bar, below your kitchen cabinets, and/or wherever else your creative mind sees fitting. Today, we will be looking at how to install LED Strip Lights. In this installation example, the installation is for a home bar. This is an easy and low-cost installation which drastically improves the image and atmosphere of the room.&amp;nbsp;To illustrate this installation, I’ve put together a step-by-step tutorial on how to install LED strip lighting.&lt;/p>&#xd;&#xa;"
                        textIsRich="true"/>
                    <image
                        jcr:created="{Date}2022-02-22T11:58:44.436+05:30"
                        jcr:createdBy="admin"
                        jcr:lastModified="{Date}2022-02-22T11:59:01.924+05:30"
                        jcr:lastModifiedBy="admin"
                        jcr:primaryType="nt:unstructured"
                        sling:resourceType="ecomm-framework/components/content/image"
                        altValueFromDAM="true"
                        displayPopupTitle="true"
                        fileReference="/content/dam/delcity/images/blogs/image-not-available-image.png"
                        isDecorative="false"
                        titleValueFromDAM="true">
                        <cq:responsive jcr:primaryType="nt:unstructured">
                            <default
                                jcr:primaryType="nt:unstructured"
                                offset="1"
                                width="3"/>
                        </cq:responsive>
                    </image>
                    <text_2034211393
                        jcr:created="{Date}2022-02-22T12:00:31.769+05:30"
                        jcr:createdBy="admin"
                        jcr:lastModified="{Date}2022-02-25T15:13:26.165+05:30"
                        jcr:lastModifiedBy="admin"
                        jcr:primaryType="nt:unstructured"
                        sling:resourceType="delcity/components/content/text"
                        text="&lt;p>&lt;b>Step 1: Selecting the Right LED Light Strip Kit&lt;/b>&lt;/p>&#xd;&#xa;&lt;p>Del City currently offers three different&amp;nbsp;&lt;a href=&quot;https://www.delcity.net/store/Flexible-LED-Light-Strip-Kit/p_809338.h_809339.t_1&quot;>&lt;u>types of Flexible LED Light Kits&lt;/u>&lt;/a>. Two of the three (parts 78659 &amp;amp; 78660)&amp;nbsp; come with a small, wireless remote to toggle between 16 color options, 4 lighting functions, and brightness adjustments. The only difference between these two models is that the Home Kit comes with an AC Adapter to plug into outlets, while the Remote Controlled Kit is used generally in the interior of your vehicle, connecting to wires already installed.&lt;/p>&#xd;&#xa;&lt;p>It’s important to select the correct LED Light Strip Kit for your specific project application. Because this bar is inside a house and an AC adapter is needed, the Flexible LED Light Strip Home Kit was the front runner. It’s important to remember that each kit comes with two 12” LED Light Strips. For this bar application, one 6ft&amp;nbsp;&lt;a href=&quot;https://www.delcity.net/store/Flexible-LED-Light-Expansion-Strips/p_809342.h_809343.t_1&quot;>&lt;u>flexible LED light strip extension&lt;/u>&lt;/a>&amp;nbsp;(78663) was also needed.&amp;nbsp;&lt;/p>&#xd;&#xa;&lt;p>&lt;b>Step 2: Installing the LED Light Strip Kit&lt;/b>&lt;/p>&#xd;&#xa;&lt;p>Once the appropriate kit is selected for your project, it’s time to install! Take the items out of the package and plug the kit into an outlet first to make sure everything is working properly. Measure out where you want the LED strips to go, but it’s suggested&amp;nbsp;to place them towards the edge of the counter for a more prominent glow. There is double sided tape on the back of these strips, and all you have to do is peel off the plastic. But because this project is permanent, 3M foam double sided tape was used for an even stronger hold.&lt;/p>&#xd;&#xa;&lt;p>As you can see above, the LED light strips are placed about 2” to 3” away from the edge of the counter. First, find the power for where the AC Adapter will go. You will have roughly 3.5ft between the power source and the start of the LED light strips. After that is identified, it’s time to lay the 3M double sided tape exactly where you want the lights to go. By laying down the double sided tape first, it makes installing the light strips much easier.&amp;nbsp; These LED strips themselves cannot turn on a 45 degree angle, but there are a few solutions. In this particular install, individual wires were used to connect the the light strips. However, Del City does offer&amp;nbsp;&lt;a href=&quot;https://www.delcity.net/store/Flexible-LED-Light-Extension-Cables-and-%22Y%22-Cable/p_809347&quot;>&lt;u>flexible LED extension cables&lt;/u>&lt;/a>&amp;nbsp;from 1inch to 15ft that’s essential for maneuvering around tight corners. Once the LED light strips are plugged in, connected with one another, and installed, you should be finished!&lt;/p>&#xd;&#xa;"
                        textIsRich="true"/>
                    <image_1865641093
                        jcr:created="{Date}2022-02-22T12:00:47.060+05:30"
                        jcr:createdBy="admin"
                        jcr:lastModified="{Date}2022-02-22T12:02:59.245+05:30"
                        jcr:lastModifiedBy="admin"
                        jcr:primaryType="nt:unstructured"
                        sling:resourceType="ecomm-framework/components/content/image"
                        altValueFromDAM="true"
                        displayPopupTitle="true"
                        fileReference="/content/dam/delcity/images/blogs/image-not-available-image.png"
                        isDecorative="false"
                        titleValueFromDAM="true">
                        <cq:responsive jcr:primaryType="nt:unstructured">
                            <default
                                jcr:primaryType="nt:unstructured"
                                offset="3"
                                width="2"/>
                        </cq:responsive>
                    </image_1865641093>
                    <image_853568319
                        jcr:created="{Date}2022-02-22T12:00:56.771+05:30"
                        jcr:createdBy="admin"
                        jcr:lastModified="{Date}2022-02-22T12:03:06.578+05:30"
                        jcr:lastModifiedBy="admin"
                        jcr:primaryType="nt:unstructured"
                        sling:resourceType="ecomm-framework/components/content/image"
                        altValueFromDAM="true"
                        displayPopupTitle="true"
                        fileReference="/content/dam/delcity/images/blogs/image-not-available-image.png"
                        isDecorative="false"
                        titleValueFromDAM="true">
                        <cq:responsive jcr:primaryType="nt:unstructured">
                            <default
                                jcr:primaryType="nt:unstructured"
                                offset="3"
                                width="2"/>
                        </cq:responsive>
                    </image_853568319>
                    <image_1118519181
                        jcr:created="{Date}2022-02-22T12:03:14.553+05:30"
                        jcr:createdBy="admin"
                        jcr:lastModified="{Date}2022-02-22T12:03:21.933+05:30"
                        jcr:lastModifiedBy="admin"
                        jcr:primaryType="nt:unstructured"
                        sling:resourceType="ecomm-framework/components/content/image"
                        altValueFromDAM="true"
                        displayPopupTitle="true"
                        fileReference="/content/dam/delcity/images/blogs/image-not-available-image.png"
                        isDecorative="false"
                        titleValueFromDAM="true">
                        <cq:responsive jcr:primaryType="nt:unstructured">
                            <default
                                jcr:primaryType="nt:unstructured"
                                offset="1"
                                width="3"/>
                        </cq:responsive>
                    </image_1118519181>
                    <text_574241025
                        jcr:created="{Date}2022-02-22T12:06:55.220+05:30"
                        jcr:createdBy="admin"
                        jcr:lastModified="{Date}2022-02-22T12:07:06.396+05:30"
                        jcr:lastModifiedBy="admin"
                        jcr:primaryType="nt:unstructured"
                        sling:resourceType="delcity/components/content/text"
                        text="&lt;p>&lt;b>Step 3: Enjoy!&lt;/b>&lt;/p>&#xd;&#xa;&lt;p>The hard work is over! The last step in installing LED light strips is to sit back and appreciate your newest install.&lt;/p>&#xd;&#xa;&lt;p>Choose between a wide spectrum of colors and four different lighting options such as flash, strobe, fade &amp;amp; smooth. The two colors shown below are white and green.&lt;/p>&#xd;&#xa;"
                        textIsRich="true"/>
                    <image_283384918
                        jcr:created="{Date}2022-02-22T12:07:19.596+05:30"
                        jcr:createdBy="admin"
                        jcr:lastModified="{Date}2022-02-22T12:09:16.862+05:30"
                        jcr:lastModifiedBy="admin"
                        jcr:primaryType="nt:unstructured"
                        sling:resourceType="ecomm-framework/components/content/image"
                        altValueFromDAM="true"
                        displayPopupTitle="true"
                        fileReference="/content/dam/delcity/images/blogs/image-not-available-image.png"
                        isDecorative="false"
                        titleValueFromDAM="true">
                        <cq:responsive jcr:primaryType="nt:unstructured">
                            <default
                                jcr:primaryType="nt:unstructured"
                                offset="1"
                                width="6"/>
                        </cq:responsive>
                    </image_283384918>
                    <image_1450848607
                        jcr:created="{Date}2022-02-22T12:07:27.464+05:30"
                        jcr:createdBy="admin"
                        jcr:lastModified="{Date}2022-02-22T12:09:24.793+05:30"
                        jcr:lastModifiedBy="admin"
                        jcr:primaryType="nt:unstructured"
                        sling:resourceType="ecomm-framework/components/content/image"
                        altValueFromDAM="true"
                        displayPopupTitle="true"
                        fileReference="/content/dam/delcity/images/blogs/image-not-available-image.png"
                        isDecorative="false"
                        titleValueFromDAM="true">
                        <cq:responsive jcr:primaryType="nt:unstructured">
                            <default
                                jcr:primaryType="nt:unstructured"
                                offset="1"
                                width="6"/>
                        </cq:responsive>
                    </image_1450848607>
                    <text_372712712
                        jcr:created="{Date}2022-02-22T12:10:18.739+05:30"
                        jcr:createdBy="admin"
                        jcr:lastModified="{Date}2022-02-25T15:14:23.666+05:30"
                        jcr:lastModifiedBy="admin"
                        jcr:primaryType="nt:unstructured"
                        sling:resourceType="delcity/components/content/text"
                        text="&lt;p>For more details on how you can install this in your home, business, or for vehicle install options, please&amp;nbsp;&lt;a href=&quot;http://www.delcity.net/contactus&quot;>&lt;u>contact us&lt;/u>&lt;/a>&amp;nbsp;and our team&amp;nbsp;be happy to walk you through the step by step process and help find the best solution for your project.To see more of our extended lighting line and why you should switch, check out&amp;nbsp;&lt;a href=&quot;https://blog.delcity.net/all-about-ecco-lighting/&quot;>&lt;u>All About ECCO Lighting&lt;/u>&lt;/a>&amp;nbsp;and&amp;nbsp;&lt;a href=&quot;https://blog.delcity.net/top-5-reasons-to-switch-to-led-lighting/&quot;>&lt;u>Top 5 Reasons To Switch To LED Lighting&lt;/u>&lt;/a>.&lt;/p>&#xd;&#xa;&lt;h6>&amp;nbsp;&amp;nbsp;&amp;nbsp;&amp;nbsp;&amp;nbsp;&amp;nbsp;&amp;nbsp;&amp;nbsp;&amp;nbsp;&amp;nbsp;&amp;nbsp;&amp;nbsp;&amp;nbsp;&amp;nbsp;Posted in&amp;nbsp;&lt;u>&lt;a href=&quot;https://blog.delcity.net/category/how-to/&quot;>How To&lt;/a>,&amp;nbsp;&lt;a href=&quot;https://blog.delcity.net/category/lighting/&quot;>Lighting&lt;/a>.&lt;/u>&lt;/h6>&#xd;&#xa;"
                        textIsRich="true"/>
                    <separator
                        jcr:created="{Date}2022-02-22T12:10:34.607+05:30"
                        jcr:createdBy="admin"
                        jcr:lastModified="{Date}2022-02-22T12:10:34.607+05:30"
                        jcr:lastModifiedBy="admin"
                        jcr:primaryType="nt:unstructured"
                        sling:resourceType="ecomm-framework/components/content/separator"/>
                    <button
                        jcr:created="{Date}2022-02-22T12:10:41.420+05:30"
                        jcr:createdBy="admin"
                        jcr:lastModified="{Date}2022-02-23T10:16:11.235+05:30"
                        jcr:lastModifiedBy="admin"
                        jcr:primaryType="nt:unstructured"
                        jcr:title="How Do Automotive Relays Work?"
                        sling:resourceType="ecomm-framework/components/content/button"
                        link="https://blog.delcity.net/how-do-automotive-relays-work/">
                        <cq:responsive jcr:primaryType="nt:unstructured">
                            <default
                                jcr:primaryType="nt:unstructured"
                                offset="1"
                                width="3"/>
                        </cq:responsive>
                    </button>
                    <button_1646111500
                        jcr:created="{Date}2022-02-22T12:10:48.256+05:30"
                        jcr:createdBy="admin"
                        jcr:lastModified="{Date}2022-02-23T10:17:02.581+05:30"
                        jcr:lastModifiedBy="admin"
                        jcr:primaryType="nt:unstructured"
                        jcr:title="All About Different Wire Types"
                        sling:resourceType="ecomm-framework/components/content/button"
                        link="https://blog.delcity.net/all-about-different-wire-types/">
                        <cq:responsive jcr:primaryType="nt:unstructured">
                            <default
                                jcr:primaryType="nt:unstructured"
                                offset="5"
                                width="2"/>
                        </cq:responsive>
                    </button_1646111500>
                </responsivegrid>
            </responsivegrid>
        </root>
    </jcr:content>
</jcr:root>
