<?xml version="1.0" encoding="UTF-8"?>
<jcr:root xmlns:sling="http://sling.apache.org/jcr/sling/1.0" xmlns:cq="http://www.day.com/jcr/cq/1.0" xmlns:jcr="http://www.jcp.org/jcr/1.0" xmlns:nt="http://www.jcp.org/jcr/nt/1.0"
    jcr:primaryType="nt:unstructured"
    jcr:title="Order Details"
    sling:resourceType="cq/gui/components/authoring/dialog">
    <content
        jcr:primaryType="nt:unstructured"
        sling:resourceType="granite/ui/components/coral/foundation/fixedcolumns"
        margin="{Boolean}false">
        <items jcr:primaryType="nt:unstructured">
            <tabs
                jcr:primaryType="nt:unstructured"
                sling:resourceType="granite/ui/components/coral/foundation/tabs"
                maximized="{Boolean}true">
                <items jcr:primaryType="nt:unstructured">
                    <orderdetailstxt
                        jcr:primaryType="nt:unstructured"
                        jcr:title="Page Details"
                        sling:resourceType="granite/ui/components/coral/foundation/container">
                        <items jcr:primaryType="nt:unstructured">
                            <column
                                jcr:primaryType="nt:unstructured"
                                sling:resourceType="granite/ui/components/coral/foundation/container">
                                <items jcr:primaryType="nt:unstructured">
                                    <PrintBtn
                                        jcr:primaryType="nt:unstructured"
                                        sling:resourceType="granite/ui/components/coral/foundation/form/textfield"
                                        fieldDescription="Please enter Print Label Text."
                                        fieldLabel="Print Label"
                                        maxlength="40"
                                        name="./PrintBtn"/>
                                    <SaveAsPdf
                                        jcr:primaryType="nt:unstructured"
                                        sling:resourceType="granite/ui/components/coral/foundation/form/textfield"
                                        fieldDescription="Please enter Save As PDF Label Text."
                                        fieldLabel="Save As PDF Label"
                                        maxlength="40"
                                        name="./SaveAsPdf"/>
                                    <BackToAll
                                        jcr:primaryType="nt:unstructured"
                                        sling:resourceType="granite/ui/components/coral/foundation/form/textfield"
                                        fieldDescription="Please enter Back To All Orders Label Text."
                                        fieldLabel="Back To All Orders Label"
                                        maxlength="40"
                                        name="./BackToAll"/>
                                    <reOrderTxt
                                        jcr:primaryType="nt:unstructured"
                                        sling:resourceType="granite/ui/components/coral/foundation/form/textfield"
                                        fieldDescription="Please enter Reorder Label Text."
                                        fieldLabel="Reorder Label"
                                        maxlength="10"
                                        name="./reOrder"/>
                                    <addToWishListTxt
                                        jcr:primaryType="nt:unstructured"
                                        sling:resourceType="granite/ui/components/coral/foundation/form/textfield"
                                        fieldDescription="Please enter Add to WishList Label Text."
                                        fieldLabel="Add To WishList Label"
                                        name="./addToWishListTxt"/>
                                </items>
                            </column>
                        </items>
                    </orderdetailstxt>
                    <hideorderdetails
                        jcr:primaryType="nt:unstructured"
                        jcr:title="Order Details Box"
                        sling:resourceType="granite/ui/components/coral/foundation/container">
                        <items jcr:primaryType="nt:unstructured">
                            <column
                                jcr:primaryType="nt:unstructured"
                                sling:resourceType="granite/ui/components/coral/foundation/container">
                                <items jcr:primaryType="nt:unstructured">
                                    <ponumber
                                        jcr:primaryType="nt:unstructured"
                                        sling:resourceType="granite/ui/components/coral/foundation/form/textfield"
                                        fieldDescription="Please enter PO Number Label Text."
                                        fieldLabel="PO Number Label"
                                        maxlength="20"
                                        name="./ponumber"/>
                                    <shipmentpriority
                                        jcr:primaryType="nt:unstructured"
                                        sling:resourceType="granite/ui/components/coral/foundation/form/textfield"
                                        fieldDescription="Please enter Shipment Priority Label Text."
                                        fieldLabel="Shipment Priority Label"
                                        maxlength="20"
                                        name="./shipmentpriority"/>
                                    <accountname
                                        jcr:primaryType="nt:unstructured"
                                        sling:resourceType="granite/ui/components/coral/foundation/form/textfield"
                                        fieldDescription="Please enter Account Name Label Text."
                                        fieldLabel="Account Name Label"
                                        maxlength="20"
                                        name="./accountname"/>
                                    <shippingmethod
                                        jcr:primaryType="nt:unstructured"
                                        sling:resourceType="granite/ui/components/coral/foundation/form/textfield"
                                        fieldDescription="Please enter Shipping Method Label Text."
                                        fieldLabel="Shipping Method Label"
                                        maxlength="20"
                                        name="./shippingmethod"/>
                                    <ordersource
                                        jcr:primaryType="nt:unstructured"
                                        sling:resourceType="granite/ui/components/coral/foundation/form/textfield"
                                        fieldDescription="Please enter Order Source Label Text."
                                        fieldLabel="Order Source Label"
                                        maxlength="20"
                                        name="./ordersource"/>
                                    <ordereddate
                                        jcr:primaryType="nt:unstructured"
                                        sling:resourceType="granite/ui/components/coral/foundation/form/textfield"
                                        fieldDescription="Please enter Ordered Date Label Text."
                                        fieldLabel="Ordered Date Label"
                                        maxlength="20"
                                        name="./ordereddate"/>
                                    <packinginstructions
                                        jcr:primaryType="nt:unstructured"
                                        sling:resourceType="granite/ui/components/coral/foundation/form/textfield"
                                        fieldDescription="Please enter Packing Instructions Label Text."
                                        fieldLabel="Packing Instructions Label"
                                        maxlength="30"
                                        name="./packinginstructions"/>
                                    <requestedshipdate
                                        jcr:primaryType="nt:unstructured"
                                        sling:resourceType="granite/ui/components/coral/foundation/form/textfield"
                                        fieldDescription="Please enter Requested Ship Date Label Text."
                                        fieldLabel="Requested Ship Date Label"
                                        maxlength="30"
                                        name="./requestedshipdate"/>
                                </items>
                            </column>
                        </items>
                    </hideorderdetails>
                    <hideaddressdetails
                        jcr:primaryType="nt:unstructured"
                        jcr:title="Address Details Box"
                        sling:resourceType="granite/ui/components/coral/foundation/container">
                        <items jcr:primaryType="nt:unstructured">
                            <column
                                jcr:primaryType="nt:unstructured"
                                sling:resourceType="granite/ui/components/coral/foundation/container">
                                <items jcr:primaryType="nt:unstructured">
                                    <shipto
                                        jcr:primaryType="nt:unstructured"
                                        sling:resourceType="granite/ui/components/coral/foundation/form/textfield"
                                        fieldDescription="Please enter Ship To Label Text."
                                        fieldLabel="Ship To Label"
                                        maxlength="20"
                                        name="./shipto"/>
                                    <billto
                                        jcr:primaryType="nt:unstructured"
                                        sling:resourceType="granite/ui/components/coral/foundation/form/textfield"
                                        fieldDescription="Please enter Bill To Label Text."
                                        fieldLabel="Bill To Label"
                                        maxlength="20"
                                        name="./billto"/>
                                </items>
                            </column>
                        </items>
                    </hideaddressdetails>
                    <hideordersummary
                        jcr:primaryType="nt:unstructured"
                        jcr:title="Order Summary Box"
                        sling:resourceType="granite/ui/components/coral/foundation/container">
                        <items jcr:primaryType="nt:unstructured">
                            <column
                                jcr:primaryType="nt:unstructured"
                                sling:resourceType="granite/ui/components/coral/foundation/container">
                                <items jcr:primaryType="nt:unstructured">
                                    <productTotal
                                        jcr:primaryType="nt:unstructured"
                                        sling:resourceType="granite/ui/components/coral/foundation/form/textfield"
                                        fieldDescription="Please enter Product Total Label Text."
                                        fieldLabel="Product Total Label"
                                        name="./prodTotal"/>
                                    <totalCharge
                                        jcr:primaryType="nt:unstructured"
                                        sling:resourceType="granite/ui/components/coral/foundation/form/textfield"
                                        fieldDescription="Please enter Total Charges Label Text."
                                        fieldLabel="Total Charges Label"
                                        name="./totalCharge"/>
                                    <tax
                                        jcr:primaryType="nt:unstructured"
                                        sling:resourceType="granite/ui/components/coral/foundation/form/textfield"
                                        fieldDescription="Please enter Tax Label Text."
                                        fieldLabel="Tax Label"
                                        name="./tax"/>
                                    <total
                                        jcr:primaryType="nt:unstructured"
                                        sling:resourceType="granite/ui/components/coral/foundation/form/textfield"
                                        fieldDescription="Please enter Total Label Text."
                                        fieldLabel="Total Label"
                                        name="./total"/>
                                </items>
                            </column>
                        </items>
                    </hideordersummary>
                    <orderdetailstable
                        jcr:primaryType="nt:unstructured"
                        jcr:title="Table1 Details"
                        sling:resourceType="granite/ui/components/coral/foundation/fixedcolumns"
                        margin="true">
                                <items jcr:primaryType="nt:unstructured">
                                    <column
                                        jcr:primaryType="nt:unstructured"
                                        sling:resourceType="granite/ui/components/coral/foundation/container">
                                        <items jcr:primaryType="nt:unstructured">
                                            <title
                                                jcr:primaryType="nt:unstructured"
                                                sling:resourceType="granite/ui/components/coral/foundation/form/textfield"
                                                fieldLabel="Table Title"
                                                name="./orderdetailstitle"/>
                                            <Col1heading
                                                jcr:primaryType="nt:unstructured"
                                                sling:resourceType="granite/ui/components/coral/foundation/form/textfield"
                                                fieldLabel="Column1 Heading"
                                                name="./col1"/>
                                            <Col2heading
                                                jcr:primaryType="nt:unstructured"
                                                sling:resourceType="granite/ui/components/coral/foundation/form/textfield"
                                                fieldLabel="Column2 Heading"
                                                name="./col2"/>
                                            <Col3heading
                                                jcr:primaryType="nt:unstructured"
                                                sling:resourceType="granite/ui/components/coral/foundation/form/textfield"
                                                fieldLabel="Column3 Heading"
                                                name="./col3"/>
                                            <Col4heading
                                                jcr:primaryType="nt:unstructured"
                                                sling:resourceType="granite/ui/components/coral/foundation/form/textfield"
                                                fieldLabel="Column4 Heading"
                                                name="./col4"/>
                                            <Col5heading
                                                jcr:primaryType="nt:unstructured"
                                                sling:resourceType="granite/ui/components/coral/foundation/form/textfield"
                                                fieldLabel="Column5 Heading"
                                                name="./col5"/>
                                            <Col6heading
                                                jcr:primaryType="nt:unstructured"
                                                sling:resourceType="granite/ui/components/coral/foundation/form/textfield"
                                                fieldLabel="Column6 Heading"
                                                name="./col6"/>
                                            <Col7heading
                                                jcr:primaryType="nt:unstructured"
                                                sling:resourceType="granite/ui/components/coral/foundation/form/textfield"
                                                fieldLabel="Column7 Heading"
                                                name="./col7"/>
                                            <Col8heading
                                                jcr:primaryType="nt:unstructured"
                                                sling:resourceType="granite/ui/components/coral/foundation/form/textfield"
                                                fieldLabel="Column8 Heading"
                                                name="./col8"/>
                                            <Col9heading
                                                jcr:primaryType="nt:unstructured"
                                                sling:resourceType="granite/ui/components/coral/foundation/form/textfield"
                                                fieldLabel="Column9 Heading"
                                                name="./col9"/>
                                        </items>
                                    </column>
                        </items>
                    </orderdetailstable>
                    
                    <shippingdetailstable
                        jcr:primaryType="nt:unstructured"
                        jcr:title="Table2 Details"
                        sling:resourceType="granite/ui/components/coral/foundation/fixedcolumns"
                        margin="true">
                                <items jcr:primaryType="nt:unstructured">
                                    <column
                                        jcr:primaryType="nt:unstructured"
                                        sling:resourceType="granite/ui/components/coral/foundation/container">
                                        <items jcr:primaryType="nt:unstructured">
                                            <title
                                                jcr:primaryType="nt:unstructured"
                                                sling:resourceType="granite/ui/components/coral/foundation/form/textfield"
                                                fieldLabel="Table Title"
                                                name="./cartlisttitle"/>
                                            <Col1heading
                                                jcr:primaryType="nt:unstructured"
                                                sling:resourceType="granite/ui/components/coral/foundation/form/textfield"
                                                fieldLabel="Column1 Heading"
                                                name="./scol1"/>
                                            <Col2heading
                                                jcr:primaryType="nt:unstructured"
                                                sling:resourceType="granite/ui/components/coral/foundation/form/textfield"
                                                fieldLabel="Column2 Heading"
                                                name="./scol2"/>
                                            <Col3heading
                                                jcr:primaryType="nt:unstructured"
                                                sling:resourceType="granite/ui/components/coral/foundation/form/textfield"
                                                fieldLabel="Column3 Heading"
                                                name="./scol3"/>
                                            <Col4heading
                                                jcr:primaryType="nt:unstructured"
                                                sling:resourceType="granite/ui/components/coral/foundation/form/textfield"
                                                fieldLabel="Column4 Heading"
                                                name="./scol4"/>
                                            <Col5heading
                                                jcr:primaryType="nt:unstructured"
                                                sling:resourceType="granite/ui/components/coral/foundation/form/textfield"
                                                fieldLabel="Column5 Heading"
                                                name="./scol5"/>
                                            <Col6heading
                                                jcr:primaryType="nt:unstructured"
                                                sling:resourceType="granite/ui/components/coral/foundation/form/textfield"
                                                fieldLabel="Column6 Heading"
                                                name="./scol6"/>
                                            <Col7heading
                                                jcr:primaryType="nt:unstructured"
                                                sling:resourceType="granite/ui/components/coral/foundation/form/textfield"
                                                fieldLabel="Column7 Heading"
                                                name="./scol7"/>
                                            <Col8heading
                                                jcr:primaryType="nt:unstructured"
                                                sling:resourceType="granite/ui/components/coral/foundation/form/textfield"
                                                fieldLabel="Column8 Heading"
                                                name="./scol8"/>
                                        </items>
                                    </column>
                        </items>
                    </shippingdetailstable>
                    <columnDetails
                        jcr:primaryType="nt:unstructured"
                        jcr:title="Page Links"
                        sling:resourceType="granite/ui/components/coral/foundation/container"
                        margin="true">
                        <items jcr:primaryType="nt:unstructured">
                            <column
                                jcr:primaryType="nt:unstructured"
                                sling:resourceType="granite/ui/components/coral/foundation/container">
                                <items jcr:primaryType="nt:unstructured">
                                    <itemNumLink
                                       jcr:primaryType="nt:unstructured"
                                       sling:resourceType="granite/ui/components/coral/foundation/form/textfield"
                                       fieldDescription="Please enter Item Number Link."
                                       fieldLabel="Item Number Link"
                                       name="./itemNumLink"/>
                                    <orderHistoryLink
                                       jcr:primaryType="nt:unstructured"
                                       sling:resourceType="granite/ui/components/coral/foundation/form/textfield"
                                       fieldDescription="Please enter Order History Page Link."
                                       fieldLabel="Order History Page Link"
                                       name="./orderHistoryLink"/>
                                </items>
                            </column>
                        </items>
                    </columnDetails>
                </items>
            </tabs>
        </items>
    </content>
</jcr:root>
