<?xml version="1.0" encoding="UTF-8"?>
<jcr:root xmlns:sling="http://sling.apache.org/jcr/sling/1.0" xmlns:cq="http://www.day.com/jcr/cq/1.0" xmlns:jcr="http://www.jcp.org/jcr/1.0" xmlns:nt="http://www.jcp.org/jcr/nt/1.0"
    jcr:primaryType="cq:Page">
    <jcr:content
        cq:lastModified="{Date}2021-08-23T09:34:36.031-05:00"
        cq:lastModifiedBy="Amit.Vikram@mercmarine.com"
        cq:lastReplicated="{Date}2021-08-27T09:09:17.687-05:00"
        cq:lastReplicatedBy="Praveen.Vatchavayi@mercmarine.com"
        cq:lastReplicationAction="Deactivate"
        cq:template="/conf/delcity/settings/wcm/templates/delcity-generic-template"
        jcr:primaryType="cq:PageContent"
        jcr:title="blogtesting"
        sling:resourceType="delcity/components/structure/page">
        <root
            jcr:primaryType="nt:unstructured"
            sling:resourceType="wcm/foundation/components/responsivegrid">
            <responsivegrid
                jcr:created="{Date}2021-07-19T21:39:11.006+05:30"
                jcr:createdBy="admin"
                jcr:lastModified="{Date}2021-07-19T11:16:38.662-05:00"
                jcr:lastModifiedBy="Praveen.Vatchavayi@mercmarine.com"
                jcr:primaryType="nt:unstructured"
                sling:resourceType="wcm/foundation/components/responsivegrid">
                <blogcategories
                    jcr:created="{Date}2021-08-12T02:40:17.433-05:00"
                    jcr:createdBy="Amit.Vikram@mercmarine.com"
                    jcr:lastModified="{Date}2021-08-23T09:34:36.029-05:00"
                    jcr:lastModifiedBy="Amit.Vikram@mercmarine.com"
                    jcr:primaryType="nt:unstructured"
                    sling:resourceType="ecomm-framework/components/content/blogcategories"
                    blogRootPath="/content/ecommerce/delcity/language-masters/en/blogtesting"
                    categoryHeader="Category"
                    ctaLabelLatestBlogs="Explore"
                    featuredBlogsHeader="Featured Blogs"
                    latestBlogsHeader="Latest Blogs"
                    nextText="Next"
                    prevText="Prev"
                    recordPerPage="10"
                    searchText="Search Blogs"
                    seeAllLabel="See All"
                    seeLess="See Less"
                    seeMore="See More"
                    selectBrand="DC">
                    <resFeaturedBlogUrls jcr:primaryType="nt:unstructured">
                        <item0
                            jcr:primaryType="nt:unstructured"
                            featuredBlogPath="/content/ecommerce/delcity/language-masters/en/blogtesting/testblogdetail"/>
                    </resFeaturedBlogUrls>
                </blogcategories>
            </responsivegrid>
        </root>
    </jcr:content>
    <testblogdetail/>
    <testpage2/>
    <your-guide-to-battery-lugs-battery-terminals/>
</jcr:root>
