<?xml version="1.0" encoding="UTF-8"?>
<jcr:root xmlns:sling="http://sling.apache.org/jcr/sling/1.0" xmlns:cq="http://www.day.com/jcr/cq/1.0" xmlns:jcr="http://www.jcp.org/jcr/1.0" xmlns:nt="http://www.jcp.org/jcr/nt/1.0"
    jcr:primaryType="nt:unstructured"
    jcr:title="News Listing Component"
    sling:resourceType="cq/gui/components/authoring/dialog">
    <content
        jcr:primaryType="nt:unstructured"
        sling:resourceType="granite/ui/components/coral/foundation/container">
        <items jcr:primaryType="nt:unstructured">
            <tabs
                jcr:primaryType="nt:unstructured"
                sling:resourceType="granite/ui/components/coral/foundation/tabs"
                maximized="{Boolean}true">
                <items jcr:primaryType="nt:unstructured">
                    <newslisting
                        jcr:primaryType="nt:unstructured"
                        jcr:title="News Listing Dialog"
                        sling:resourceType="granite/ui/components/coral/foundation/container">
                        <items jcr:primaryType="nt:unstructured">
                            <well
                                jcr:primaryType="nt:unstructured"
                                sling:resourceType="granite/ui/components/coral/foundation/well"
                                fieldLabel="News Listing">
                                <items jcr:primaryType="nt:unstructured">
                                    <newstitle
                                        jcr:primaryType="nt:unstructured"
                                        sling:resourceType="granite/ui/components/foundation/form/textfield"
                                        fieldDescription="Please enter news section heading"
                                        fieldLabel="News Section Heading"
                                        name="./currentnewsheading"/>
                                    <parentPage
                                        jcr:primaryType="nt:unstructured"
                                        sling:resourceType="cq/gui/components/coral/common/form/pagefield"
                                        fieldDescription="Leave empty to use current page"
                                        fieldLabel="Parent Page"
                                        name="./parentPage"
                                        rootPath="/content"/>
                                    <maxItems
                                        jcr:primaryType="nt:unstructured"
                                        sling:resourceType="granite/ui/components/coral/foundation/form/numberfield"
                                        fieldDescription="Maximum number of items displayed in list. Empty for all items."
                                        fieldLabel="Max Items"
                                        min="{Long}0"
                                        name="./maxItems"/>
                                </items>
                            </well>
                        </items>
                    </newslisting>
                </items>
            </tabs>
        </items>
    </content>
</jcr:root>
