<?xml version="1.0" encoding="UTF-8"?>
<jcr:root xmlns:sling="http://sling.apache.org/jcr/sling/1.0" xmlns:cq="http://www.day.com/jcr/cq/1.0" xmlns:jcr="http://www.jcp.org/jcr/1.0" xmlns:nt="http://www.jcp.org/jcr/nt/1.0"
    jcr:primaryType="cq:Page">
    <jcr:content
        cq:lastModified="{Date}2022-02-27T15:49:22.992+05:30"
        cq:lastModifiedBy="admin"
        cq:template="/conf/delcity/settings/wcm/templates/delcity-generic-template"
        jcr:primaryType="cq:PageContent"
        jcr:title="6 Tips for Keeping Your Collector Car on the Road"
        sling:resourceType="delcity/components/structure/page">
        <root
            jcr:primaryType="nt:unstructured"
            sling:resourceType="wcm/foundation/components/responsivegrid">
            <footer
                jcr:created="{Date}2021-06-21T14:21:52.357+05:30"
                jcr:createdBy="admin"
                jcr:lastModified="{Date}2022-02-01T17:04:20.028+05:30"
                jcr:lastModifiedBy="admin"
                jcr:primaryType="nt:unstructured"
                sling:resourceType="delcity/components/structure/footer"
                menutitle1="About Us"
                sendIcon="/content/dam/delcity/images/Icon-send@2x.png">
                <aboutus jcr:primaryType="nt:unstructured">
                    <item0
                        jcr:primaryType="nt:unstructured"
                        pagetitle="About Us"/>
                    <item1
                        jcr:primaryType="nt:unstructured"
                        pagetitle="Contact Us"/>
                    <item2
                        jcr:primaryType="nt:unstructured"
                        pagetitle="FAQs"/>
                </aboutus>
            </footer>
            <responsivegrid
                jcr:created="{Date}2021-06-21T14:21:44.042+05:30"
                jcr:createdBy="admin"
                jcr:lastModified="{Date}2022-02-01T17:04:38.578+05:30"
                jcr:lastModifiedBy="admin"
                jcr:primaryType="nt:unstructured"
                sling:resourceType="wcm/foundation/components/responsivegrid">
                <blogteaser
                    jcr:created="{Date}2022-02-21T17:19:51.469+05:30"
                    jcr:createdBy="admin"
                    jcr:lastModified="{Date}2022-02-21T17:25:20.689+05:30"
                    jcr:lastModifiedBy="admin"
                    jcr:primaryType="nt:unstructured"
                    sling:resourceType="ecomm-framework/components/content/blogteaser"
                    authoringDate="April 03, 2015"
                    authorName="Kelsey Scherf"
                    blogImage="/content/dam/delcity/images/blogs/image-not-available-image.png"
                    selectBrand="DC"
                    teaserDescription="Hours of sweat pouring work go into keeping up classic cars. But every ounce is worth it once you get it out onto the open road. "
                    teaserHeader="6 Tips for Keeping Your Collector Car on the Road">
                    <categoryList jcr:primaryType="nt:unstructured">
                        <item0
                            jcr:primaryType="nt:unstructured"
                            delcitycategories="Automotive"/>
                        <item1
                            jcr:primaryType="nt:unstructured"
                            delcitycategories="How-To"/>
                    </categoryList>
                </blogteaser>
                <text
                    jcr:created="{Date}2022-02-21T17:26:07.088+05:30"
                    jcr:createdBy="admin"
                    jcr:lastModified="{Date}2022-02-21T17:26:13.260+05:30"
                    jcr:lastModifiedBy="admin"
                    jcr:primaryType="nt:unstructured"
                    sling:resourceType="delcity/components/content/text"
                    text="&lt;p>Hours of sweat pouring work go into keeping up classic cars. But every ounce is worth it once you get it out onto the open road. Still, getting it to that point takes a lot of TLC (and on going TLC!), especially if you live in a climate where your car is sitting in the garage all winter long.&lt;/p>&#xd;&#xa;&lt;p>Despite our best efforts in winterizing, or just fixing her up for her first ride in months or even years, there is work to be done on a routine basis to keep her running and ready for the road. And we know how great that feeling can be when you do, so we sat down with our tech to get some of his tips for getting her back up and running, even after a long time sitting.&lt;/p>&#xd;&#xa;"
                    textIsRich="true">
                    <cq:responsive jcr:primaryType="nt:unstructured">
                        <default
                            jcr:primaryType="nt:unstructured"
                            offset="0"
                            width="11"/>
                    </cq:responsive>
                </text>
                <image
                    jcr:created="{Date}2022-02-21T17:29:53.553+05:30"
                    jcr:createdBy="admin"
                    jcr:lastModified="{Date}2022-02-21T17:30:00.425+05:30"
                    jcr:lastModifiedBy="admin"
                    jcr:primaryType="nt:unstructured"
                    sling:resourceType="ecomm-framework/components/content/image"
                    altValueFromDAM="true"
                    displayPopupTitle="true"
                    fileReference="/content/dam/delcity/images/blogs/image-not-available-image.png"
                    isDecorative="false"
                    titleValueFromDAM="true">
                    <cq:responsive jcr:primaryType="nt:unstructured">
                        <default
                            jcr:primaryType="nt:unstructured"
                            offset="3"
                            width="6"/>
                    </cq:responsive>
                </image>
                <text_1732855283
                    jcr:created="{Date}2022-02-21T17:30:51.962+05:30"
                    jcr:createdBy="admin"
                    jcr:lastModified="{Date}2022-02-21T17:33:26.822+05:30"
                    jcr:lastModifiedBy="admin"
                    jcr:primaryType="nt:unstructured"
                    sling:resourceType="delcity/components/content/text"
                    text="&lt;p>&lt;b>1) Test your battery&lt;/b>&lt;/p>&#xd;&#xa;&lt;p>Testing your battery seems basic, right? Don’t take it for granted! Not only does your battery store and distribute the power to get your car started, but it also sends necessary current to all the electrical systems in your car. In general, you should be testing the battery’s strength each year, if not every 6 months depending on the use and age of the car. After 4-5 years, it’s probably about time to start considering replacement. To test the strength of your battery, start by running a load test. This can be done easily with a load tester. Some testers can also check out the starter system. With&amp;nbsp;&lt;a href=&quot;http://www.delcity.net/store/Battery-Load-Tester/p_800253.h_800255.t_1&quot;>these testers&lt;/a>, you will want to see the battery sitting at about 12V – 12.5V with the car off for 12V systems. When it’s running, it should jump to 13.5V – 14V. If it’s not getting up to that level, you’ll want to take a close look at your alternator.&lt;/p>&#xd;&#xa;&lt;p>Then, look for any terminal corrosion. If you find trouble spots, it’s best to neutralize and clean off the terminals as soon as possible before it gets out of hand and your terminals are completely damaged, needing replacement. To neutralize and clean off terminal corrosion, you can use a basic&amp;nbsp;&amp;nbsp;&lt;a href=&quot;http://www.delcity.net/store/Battery-Brush/p_1020.h_101049.t_1&quot;>battery brush&lt;/a>&amp;nbsp;and&amp;nbsp;&lt;a href=&quot;http://www.delcity.net/store/Battery-Terminal-Cleaner/p_796077.h_796079.t_1&quot;>terminal cleaner&lt;/a>. Or, if you want a kit with all the supplies, try out a&amp;nbsp;&lt;a href=&quot;http://www.delcity.net/store/Battery-Protection-Kit/p_801434.h_801435.t_1&quot;>battery protection kit&lt;/a>&amp;nbsp;with all the essentials to get you started.&lt;/p>&#xd;&#xa;&lt;p>&amp;nbsp;&lt;/p>&#xd;&#xa;&lt;p>&lt;b>2) Alternator check&lt;/b>&lt;/p>&#xd;&#xa;&lt;p>When the alternator is operating properly, it will bump up the voltage and take some load off the battery. So, if you’re able to get your car started but it won’t stay powered when you let off the ignition, you may have an issue with the alternator not pushing out enough current. To find out, begin with an output test. A good habit to get into is to check the alternator whenever you’re checking your battery. The output test you’ll want to perform is also a basic load test. You can use a&amp;nbsp;&lt;a href=&quot;http://www.delcity.net/store/ProMariner-Hand!Held-Digital-Multimeter/p_807651.h_807652.t_1&quot;>multimeter&lt;/a>&amp;nbsp;to check the voltage being produced. Again, you’ll want your car to be at about 13.5V – 14V.&lt;/p>&#xd;&#xa;&lt;p>&amp;nbsp;&lt;/p>&#xd;&#xa;&lt;p>&lt;b>3) Starter draw test&lt;/b>&lt;/p>&#xd;&#xa;&lt;p>When you turn that key, the starter will engage the flywheel and get your engine started up if everything is functioning properly. As expected, this initial start up&amp;nbsp;requires a lot of current draw from the starter. If the starter is drawing too much current, it can be hard on the battery and wear it down. So, if you’re checking out the battery and the alternator, it’s worth taking a quick look at your starter by performing a starter draw test which is similar to what you’d do for the alternator. In fact, you can sometime use the&amp;nbsp;&lt;a href=&quot;http://www.delcity.net/store/Battery-Load-Tester/p_800253.h_800255.t_1&quot;>same tester&lt;/a>.&lt;/p>&#xd;&#xa;&lt;p>&amp;nbsp;&lt;/p>&#xd;&#xa;&lt;p>&lt;b>4) Check on connections and clean them up!&lt;/b>&lt;/p>&#xd;&#xa;&lt;p>You know how critical the electrical systems in your vehicle are. One shorted circuit can cause some major headaches and even dangers. It’s important to give special care and attention to these systems that create this electrical nervous system. To begin, go through your different systems and identify any loose connections or connections that are beginning to corrode. Even though minimal corrosion may not look too bad initially, it can get out of hand fast if you’re not keeping an eye on it. In just 6 months’ time you could have a real mess on your hands and have to repair or replace parts of your wiring. To avoid this, it’s best to neutralize and&amp;nbsp;&lt;a href=&quot;http://www.delcity.net/store/Battery-Protection-Kit/p_801434.h_801435.t_1&quot;>clean up any corrosion&lt;/a>&amp;nbsp;you may find (like we talked about in #1). If some connections are too far gone, or even questionable, we recommend getting them replaced as soon as possible.&amp;nbsp;&lt;/p>&#xd;&#xa;&lt;p>Once you’ve checked your connections and they’re all tight and corrosion free, examine your connection insulation and loom. How is your&amp;nbsp;&lt;a href=&quot;http://www.delcity.net/store/Shrink-Tube-&amp;amp;-Tape/&quot;>heat shrink&lt;/a>&amp;nbsp;holding up? Is your&amp;nbsp;&lt;a href=&quot;http://www.delcity.net/store/Loom-&amp;amp;-Loom-Clamps/&quot;>loom&lt;/a>&amp;nbsp;fairing ok? Make sure there’s no frayed or cracked areas.&lt;/p>&#xd;&#xa;&lt;p>As you’re going through and checking your loom and insulation, start keeping an eye out for any incorrectly routed wiring. Once you’ve finished your loom and insulation check, it’s best to circle back and do a thorough check for the wiring system set up. Also, be sure to take note of any wiring that may be dangerously exposed to moving parts, heat, or road debris. If you find any of this, be sure to re-route the wiring and&amp;nbsp;&lt;a href=&quot;http://www.delcity.net/store/Loom-Clamps/p_800832&quot;>secure it&lt;/a>&amp;nbsp;to a safe part of the vehicle.&lt;/p>&#xd;&#xa;&lt;p>&amp;nbsp;&lt;/p>&#xd;&#xa;&lt;p>&lt;b>5) Tighten up and replace belts&lt;/b>&lt;/p>&#xd;&#xa;&lt;p>Unlike newer vehicles with serpentine belts, most classic cars are going to have multiple belts and pulleys that need checking. With these classic cars, there’s often a single belt to drive the alternator in order to produce a charge to the battery. However, while this belt is particularly critical, all of your belts need to be in good condition to avoid any issues or dangers when you take the car out on the road.&lt;/p>&#xd;&#xa;&lt;p>Begin checking for cracked, glazed, oiled, peeled, or split belts. If one is starting to look questionable, it probably is and you should consider replacing as soon as possible before taking her out. Once you’ve done a check of the belt condition, go to the pulleys and tighten up any belts that are stretched out so they are tight. To do this with multiple belts, it’s common that you’ll need to loosen up a bolt or two, tension the pulley for that specific belt and tighten up&amp;nbsp;the bolts again. If you happen to have a serpentine belt, you’re in luck! Most tensioners will be spring loaded and automatically adjust for you over time. As you’re tightening up the belts, it’s important to notice the pulleys themselves. If there’s any wobbling in the pulleys, the bearings may be going.&lt;/p>&#xd;&#xa;&lt;p>&amp;nbsp;&lt;/p>&#xd;&#xa;&lt;p>&lt;b>6) Identify parasitic draws&lt;/b>&lt;/p>&#xd;&#xa;&lt;p>Parasitic draws can be a real headache. Draining current from the battery when the vehicle is off, these draws are a major cause of vehicles not starting. These draws can be much less noticeable than simply leaving a cabin light on, though. Often times with collector cars, the cause can be things like underhood lights, glove box lights, trunk lights, and any added accessories like radios and phone chargers. Often these types of parasitic draws are due to a faulty pin switch that has gone bad. So, make sure to do a quick check of the switches wired to your accessories and lights to make sure they are functioning properly, and that there’s not anything else that could cause parasitic draws!&lt;/p>&#xd;&#xa;&lt;p>&amp;nbsp;&lt;/p>&#xd;&#xa;&lt;p>With going through these checks on a routine basis (and especially when you are getting your car ready for the first ride after a long time sitting), you should be in good shape. It’s a never-ending labor of love, to be sure!&amp;nbsp;&lt;/p>&#xd;&#xa;&lt;p>&lt;b>Questions?&lt;/b>&amp;nbsp;Our Technical Support Specialists are available and ready to help. Give us a call at 1.800.654.4757.&lt;/p>&#xd;&#xa;"
                    textIsRich="true">
                    <cq:responsive jcr:primaryType="nt:unstructured">
                        <default
                            jcr:primaryType="nt:unstructured"
                            offset="0"
                            width="11"/>
                    </cq:responsive>
                </text_1732855283>
                <text_1527238224
                    jcr:created="{Date}2022-02-21T17:39:07.476+05:30"
                    jcr:createdBy="admin"
                    jcr:lastModified="{Date}2022-02-21T17:39:28.306+05:30"
                    jcr:lastModifiedBy="admin"
                    jcr:primaryType="nt:unstructured"
                    sling:resourceType="delcity/components/content/text"
                    text="&lt;h6 style=&quot;margin-left: 40px;&quot;>Posted in&amp;nbsp;&lt;a href=&quot;https://blog.delcity.net/category/automotive/&quot;>Automotive&lt;/a>,&amp;nbsp;&lt;a href=&quot;https://blog.delcity.net/category/how-to/&quot;>How To&lt;/a>.&lt;/h6>&#xd;&#xa;"
                    textIsRich="true">
                    <cq:responsive jcr:primaryType="nt:unstructured">
                        <default
                            jcr:primaryType="nt:unstructured"
                            offset="0"
                            width="11"/>
                    </cq:responsive>
                </text_1527238224>
                <separator
                    jcr:created="{Date}2022-02-21T17:39:48.944+05:30"
                    jcr:createdBy="admin"
                    jcr:lastModified="{Date}2022-02-21T17:39:48.944+05:30"
                    jcr:lastModifiedBy="admin"
                    jcr:primaryType="nt:unstructured"
                    sling:resourceType="ecomm-framework/components/content/separator"/>
                <button
                    jcr:created="{Date}2022-02-21T17:40:28.185+05:30"
                    jcr:createdBy="admin"
                    jcr:lastModified="{Date}2022-02-21T17:40:47.302+05:30"
                    jcr:lastModifiedBy="admin"
                    jcr:primaryType="nt:unstructured"
                    jcr:title=" What’s the Difference Between Battery…"
                    sling:resourceType="ecomm-framework/components/content/button"
                    link="https://blog.delcity.net/whats-the-difference-between-battery-cable-and-welding-cable-2/">
                    <cq:responsive jcr:primaryType="nt:unstructured">
                        <default
                            jcr:primaryType="nt:unstructured"
                            offset="1"
                            width="4"/>
                    </cq:responsive>
                </button>
                <button_478108439
                    jcr:created="{Date}2022-02-21T17:41:10.655+05:30"
                    jcr:createdBy="admin"
                    jcr:lastModified="{Date}2022-02-21T17:41:35.904+05:30"
                    jcr:lastModifiedBy="admin"
                    jcr:primaryType="nt:unstructured"
                    jcr:title="What does RoHS mean? "
                    sling:resourceType="ecomm-framework/components/content/button"
                    link="https://blog.delcity.net/what-does-rohs-mean-2/">
                    <cq:responsive jcr:primaryType="nt:unstructured">
                        <default
                            jcr:primaryType="nt:unstructured"
                            offset="4"
                            width="3"/>
                    </cq:responsive>
                </button_478108439>
                <text_1650977761
                    jcr:created="{Date}2022-02-27T15:48:38.253+05:30"
                    jcr:createdBy="admin"
                    jcr:lastModified="{Date}2022-02-27T15:48:38.253+05:30"
                    jcr:lastModifiedBy="admin"
                    jcr:primaryType="nt:unstructured"
                    sling:resourceType="delcity/components/content/text">
                    <cq:responsive jcr:primaryType="nt:unstructured">
                        <default
                            jcr:primaryType="nt:unstructured"
                            offset="0"
                            width="11"/>
                    </cq:responsive>
                </text_1650977761>
            </responsivegrid>
        </root>
    </jcr:content>
</jcr:root>
