<?xml version="1.0" encoding="UTF-8"?>
<jcr:root xmlns:sling="http://sling.apache.org/jcr/sling/1.0" xmlns:cq="http://www.day.com/jcr/cq/1.0" xmlns:jcr="http://www.jcp.org/jcr/1.0" xmlns:nt="http://www.jcp.org/jcr/nt/1.0"
    jcr:primaryType="nt:unstructured"
    jcr:title="News Component"
    sling:resourceType="cq/gui/components/authoring/dialog">
    <content
        jcr:primaryType="nt:unstructured"
        sling:resourceType="granite/ui/components/coral/foundation/container">
        <items jcr:primaryType="nt:unstructured">
            <tabs
                jcr:primaryType="nt:unstructured"
                sling:resourceType="granite/ui/components/coral/foundation/tabs"
                maximized="{Boolean}true">
                <items jcr:primaryType="nt:unstructured">
                    <news
                        jcr:primaryType="nt:unstructured"
                        jcr:title="News Dialog"
                        sling:resourceType="granite/ui/components/coral/foundation/container">
                        <items jcr:primaryType="nt:unstructured">
                            <well
                                jcr:primaryType="nt:unstructured"
                                sling:resourceType="granite/ui/components/coral/foundation/well"
                                fieldLabel="Current News">
                                <items jcr:primaryType="nt:unstructured">
                                    <newslinktext
                                        jcr:primaryType="nt:unstructured"
                                        sling:resourceType="granite/ui/components/foundation/form/textfield"
                                        emptyText="News Header Link Text"
                                        fieldLabel="News Header Link Text"
                                        name="./currentnewslinktext"/>
                                    <newsicons
                                        jcr:primaryType="nt:unstructured"
                                        sling:resourceType="granite/ui/components/coral/foundation/form/pathfield"
                                        emptyText="News Icons"
                                        fieldLabel="News Icons"
                                        name="./currentnewsicons"/>
                                    <newslocation
                                        jcr:primaryType="nt:unstructured"
                                        sling:resourceType="granite/ui/components/foundation/form/textfield"
                                        emptyText="News Location"
                                        fieldLabel="News Location"
                                        name="./currentnewslctn"/>
                                    <newspdf
                                        jcr:primaryType="nt:unstructured"
                                        sling:resourceType="granite/ui/components/coral/foundation/form/pathfield"
                                        emptyText="News Pdf Download Link"
                                        fieldLabel="News Pdf Download Link"
                                        name="./currentnewspdf"/>
                                    <newsdate
                                        jcr:primaryType="nt:unstructured"
                                        sling:resourceType="granite/ui/components/foundation/form/datepicker"
                                        default="now"
                                        emptyText="News Date"
                                        fieldLabel="News Date"
                                        name="./currentnewsdt"/>
                                    <richText
                                        jcr:primaryType="nt:unstructured"
                                        sling:resourceType="cq/gui/components/authoring/dialog/richtext"
                                        fieldLabel="News Body"
                                        name="./currentnewsdata"
                                        useFixedInlineToolbar="{Boolean}true">
                                        <rtePlugins jcr:primaryType="nt:unstructured">
                                            <format
                                                jcr:primaryType="nt:unstructured"
                                                features="*"/>
                                            <justify
                                                jcr:primaryType="nt:unstructured"
                                                features="*"/>
                                            <lists
                                                jcr:primaryType="nt:unstructured"
                                                features="*"/>
                                            <paraformat
                                                jcr:primaryType="nt:unstructured"
                                                features="*"/>
                                            <links
                                                jcr:primaryType="nt:unstructured"
                                                features="*"/>
                                            <table
                                                jcr:primaryType="nt:unstructured"
                                                features="-">
                                                <hiddenHeaderConfig
                                                    jcr:primaryType="nt:unstructured"
                                                    hiddenHeaderClassName="cq-wcm-foundation-aria-visuallyhidden"
                                                    hiddenHeaderEditingCSS="cq-RichText-hiddenHeader--editing"/>
                                            </table>
                                        </rtePlugins>
                                        <uiSettings jcr:primaryType="nt:unstructured">
                                            <cui jcr:primaryType="nt:unstructured">
                                                <inline
                                                    jcr:primaryType="nt:unstructured"
                                                    toolbar="[format#bold,format#italic,format#underline,#justify,#lists,links#modifylink,links#unlink,#paraformat]">
                                                    <popovers jcr:primaryType="nt:unstructured">
                                                        <justify
                                                            jcr:primaryType="nt:unstructured"
                                                            items="[justify#justifyleft,justify#justifycenter,justify#justifyright,justify#justifyjustify]"
                                                            ref="justify"/>
                                                        <lists
                                                            jcr:primaryType="nt:unstructured"
                                                            items="[lists#unordered,lists#ordered,lists#outdent,lists#indent]"
                                                            ref="lists"/>
                                                        <paraformat
                                                            jcr:primaryType="nt:unstructured"
                                                            items="paraformat:getFormats:paraformat-pulldown"
                                                            ref="paraformat"/>
                                                    </popovers>
                                                </inline>
                                                <dialogFullScreen
                                                    jcr:primaryType="nt:unstructured"
                                                    toolbar="[format#bold,format#italic,format#underline,justify#justifyleft,justify#justifycenter,justify#justifyright,justify#justifyjustify,lists#unordered,lists#ordered,lists#outdent,lists#indent,links#modifylink,links#unlink,table#createoredit,#paraformat,image#imageProps]">
                                                    <popovers jcr:primaryType="nt:unstructured">
                                                        <paraformat
                                                            jcr:primaryType="nt:unstructured"
                                                            items="paraformat:getFormats:paraformat-pulldown"
                                                            ref="paraformat"/>
                                                    </popovers>
                                                </dialogFullScreen>
                                                <tableEditOptions
                                                    jcr:primaryType="nt:unstructured"
                                                    toolbar="[table#insertcolumn-before,table#insertcolumn-after,table#removecolumn,-,table#insertrow-before,table#insertrow-after,table#removerow,-,table#mergecells-right,table#mergecells-down,table#mergecells,table#splitcell-horizontal,table#splitcell-vertical,-,table#selectrow,table#selectcolumn,-,table#ensureparagraph,-,table#modifytableandcell,table#removetable,-,undo#undo,undo#redo,-,table#exitTableEditing,-]"/>
                                            </cui>
                                        </uiSettings>
                                    </richText>
                                </items>
                            </well>
                        </items>
                    </news>
                </items>
            </tabs>
        </items>
    </content>
</jcr:root>
