<?xml version="1.0" encoding="UTF-8"?>
<jcr:root xmlns:sling="http://sling.apache.org/jcr/sling/1.0" xmlns:cq="http://www.day.com/jcr/cq/1.0" xmlns:jcr="http://www.jcp.org/jcr/1.0" xmlns:nt="http://www.jcp.org/jcr/nt/1.0"
    jcr:primaryType="cq:Page">
    <jcr:content
        cq:lastModified="{Date}2022-03-04T07:08:59.999-06:00"
        cq:lastModifiedBy="Anagha.Dwajan@mercmarine.com"
        cq:template="/conf/delcity/settings/wcm/templates/delcity-generic-template"
        jcr:primaryType="cq:PageContent"
        jcr:title="How to Upgrade to LED Lights"
        sling:resourceType="delcity/components/structure/page">
        <root
            jcr:primaryType="nt:unstructured"
            sling:resourceType="wcm/foundation/components/responsivegrid">
            <footer
                jcr:created="{Date}2021-06-21T14:21:52.357+05:30"
                jcr:createdBy="admin"
                jcr:lastModified="{Date}2022-02-01T17:04:20.028+05:30"
                jcr:lastModifiedBy="admin"
                jcr:primaryType="nt:unstructured"
                sling:resourceType="delcity/components/structure/footer"
                menutitle1="About Us"
                sendIcon="/content/dam/delcity/images/Icon-send@2x.png">
                <aboutus jcr:primaryType="nt:unstructured">
                    <item0
                        jcr:primaryType="nt:unstructured"
                        pagetitle="About Us"/>
                    <item1
                        jcr:primaryType="nt:unstructured"
                        pagetitle="Contact Us"/>
                    <item2
                        jcr:primaryType="nt:unstructured"
                        pagetitle="FAQs"/>
                </aboutus>
            </footer>
            <responsivegrid
                jcr:created="{Date}2021-06-21T14:21:44.042+05:30"
                jcr:createdBy="admin"
                jcr:lastModified="{Date}2022-02-01T17:04:38.578+05:30"
                jcr:lastModifiedBy="admin"
                jcr:primaryType="nt:unstructured"
                sling:resourceType="wcm/foundation/components/responsivegrid">
                <blogteaser
                    jcr:created="{Date}2022-02-23T15:55:01.820+05:30"
                    jcr:createdBy="admin"
                    jcr:lastModified="{Date}2022-03-04T07:08:55.497-06:00"
                    jcr:lastModifiedBy="Anagha.Dwajan@mercmarine.com"
                    jcr:primaryType="nt:unstructured"
                    sling:resourceType="ecomm-framework/components/content/blogteaser"
                    authoringDate="May 05, 2016"
                    authorName="Kelsey Scherf"
                    blogImage="/content/dam/delcity/images/blogs/image-not-available-image.png"
                    selectBrand="DC"
                    teaserHeader="How to Upgrade to LED Lights">
                    <cq:responsive jcr:primaryType="nt:unstructured">
                        <default
                            jcr:primaryType="nt:unstructured"
                            offset="0"
                            width="12"/>
                    </cq:responsive>
                    <categoryList jcr:primaryType="nt:unstructured">
                        <item0
                            jcr:primaryType="nt:unstructured"
                            delcitycategories="How-To"/>
                        <item1
                            jcr:primaryType="nt:unstructured"
                            delcitycategories="Lighting"/>
                    </categoryList>
                </blogteaser>
                <responsivegrid
                    jcr:created="{Date}2022-02-23T15:54:30.427+05:30"
                    jcr:createdBy="admin"
                    jcr:lastModified="{Date}2022-02-23T15:54:30.427+05:30"
                    jcr:lastModifiedBy="admin"
                    jcr:primaryType="nt:unstructured"
                    sling:resourceType="wcm/foundation/components/responsivegrid">
                    <cq:responsive jcr:primaryType="nt:unstructured"/>
                    <text_copy
                        jcr:created="{Date}2022-02-23T16:17:50.335+05:30"
                        jcr:createdBy="admin"
                        jcr:lastModified="{Date}2022-02-23T16:31:17.530+05:30"
                        jcr:lastModifiedBy="admin"
                        jcr:primaryType="nt:unstructured"
                        sling:resourceType="delcity/components/content/text"
                        text="&lt;p>Vehicle LED lighting&amp;nbsp;is becoming more and more popular, but making the upgrade requires more than just a light swap. To start taking advantage of the safer and more cost-effective LED lighting alternative to incandescent lighting, you’ll need to make sure you have a&amp;nbsp;&lt;a href=&quot;https://www.delcity.net/store/LED-Load-Resistors/p_807671&quot;>LED Load Resistor&lt;/a>&amp;nbsp;to ensure proper illumination and flash rate of LED tail lights, turn lights, brake lights, and more. It is important to note the LED load resistor should be mounted on metal and away from plastic materials.&lt;/p>&#xd;&#xa;&lt;p>To learn more about how to upgrade from incandescent to&amp;nbsp;&lt;a href=&quot;https://www.delcity.net/store/LED-Lights/p_809822&quot;>LED tail lights, turn lights, break lights&lt;/a>,&amp;nbsp;and other LED lighting, watch the video below as our tech, Scott, explains how to use a LED load&amp;nbsp;resistor to get the job done right.&lt;/p>&#xd;&#xa;"
                        textIsRich="true">
                        <cq:responsive jcr:primaryType="nt:unstructured">
                            <default
                                jcr:primaryType="nt:unstructured"
                                offset="0"
                                width="11"/>
                        </cq:responsive>
                    </text_copy>
                    <embed_copy
                        jcr:created="{Date}2022-02-23T16:06:44.862+05:30"
                        jcr:createdBy="admin"
                        jcr:lastModified="{Date}2022-02-23T16:31:50.827+05:30"
                        jcr:lastModifiedBy="admin"
                        jcr:primaryType="nt:unstructured"
                        sling:resourceType="ecomm-framework/components/content/embed"
                        html="&lt;iframe width=&quot;560&quot; height=&quot;314&quot; src=&quot;https://www.youtube.com/embed/VR9BI3USRd0&quot; title=&quot;YouTube video player&quot; frameborder=&quot;0&quot; allow=&quot;accelerometer; autoplay; clipboard-write; encrypted-media; gyroscope; picture-in-picture&quot; allowfullscreen>&lt;/iframe>"
                        type="html">
                        <cq:responsive jcr:primaryType="nt:unstructured">
                            <default
                                jcr:primaryType="nt:unstructured"
                                offset="2"
                                width="4"/>
                        </cq:responsive>
                    </embed_copy>
                    <text_51507163_copy
                        jcr:created="{Date}2022-02-23T16:14:38.424+05:30"
                        jcr:createdBy="admin"
                        jcr:lastModified="{Date}2022-02-23T16:32:27.284+05:30"
                        jcr:lastModifiedBy="admin"
                        jcr:primaryType="nt:unstructured"
                        sling:resourceType="delcity/components/content/text"
                        text="&lt;h6>Posted in&amp;nbsp;&lt;a href=&quot;https://blog.delcity.net/category/how-to/&quot;>How To&lt;/a>,&amp;nbsp;&lt;a href=&quot;https://blog.delcity.net/category/lighting/&quot;>Lighting&lt;/a>.&lt;/h6>&#xd;&#xa;"
                        textIsRich="true">
                        <cq:responsive jcr:primaryType="nt:unstructured">
                            <default
                                jcr:primaryType="nt:unstructured"
                                offset="0"
                                width="11"/>
                        </cq:responsive>
                    </text_51507163_copy>
                    <separator_copy
                        jcr:created="{Date}2022-02-23T16:24:05.444+05:30"
                        jcr:createdBy="admin"
                        jcr:lastModified="{Date}2022-02-23T16:24:05.444+05:30"
                        jcr:lastModifiedBy="admin"
                        jcr:primaryType="nt:unstructured"
                        sling:resourceType="ecomm-framework/components/content/separator"/>
                    <button_copy
                        jcr:created="{Date}2022-02-23T16:27:11.256+05:30"
                        jcr:createdBy="admin"
                        jcr:lastModified="{Date}2022-02-23T16:34:40.469+05:30"
                        jcr:lastModifiedBy="admin"
                        jcr:primaryType="nt:unstructured"
                        jcr:title=" Benefits of Lead-Free Terminals"
                        sling:resourceType="ecomm-framework/components/content/button"
                        icon="&lt;---"
                        link="https://blog.delcity.net/benefits-of-lead-free-terminals/">
                        <cq:responsive jcr:primaryType="nt:unstructured">
                            <default
                                jcr:primaryType="nt:unstructured"
                                offset="1"
                                width="3"/>
                        </cq:responsive>
                    </button_copy>
                    <button_copy_copy
                        jcr:created="{Date}2022-02-23T16:27:11.256+05:30"
                        jcr:createdBy="admin"
                        jcr:lastModified="{Date}2022-02-23T16:35:39.899+05:30"
                        jcr:lastModifiedBy="admin"
                        jcr:primaryType="nt:unstructured"
                        jcr:title="Self-Cutting Cable Ties"
                        sling:resourceType="ecomm-framework/components/content/button"
                        icon="--->"
                        link="https://blog.delcity.net/self-cutting-cable-ties-2/">
                        <cq:responsive jcr:primaryType="nt:unstructured">
                            <default
                                jcr:primaryType="nt:unstructured"
                                offset="4"
                                width="3"/>
                        </cq:responsive>
                    </button_copy_copy>
                </responsivegrid>
            </responsivegrid>
        </root>
    </jcr:content>
</jcr:root>
