<?xml version="1.0" encoding="UTF-8"?>
<jcr:root xmlns:sling="http://sling.apache.org/jcr/sling/1.0" xmlns:cq="http://www.day.com/jcr/cq/1.0" xmlns:jcr="http://www.jcp.org/jcr/1.0" xmlns:mix="http://www.jcp.org/jcr/mix/1.0" xmlns:nt="http://www.jcp.org/jcr/nt/1.0"
    jcr:primaryType="cq:Page">
    <jcr:content
        cq:lastModified="{Date}2022-02-28T15:41:13.033+05:30"
        cq:lastModifiedBy="admin"
        cq:template="/conf/delcity/settings/wcm/templates/delcity-generic-template"
        jcr:isCheckedOut="{Boolean}true"
        jcr:mixinTypes="[mix:versionable]"
        jcr:primaryType="cq:PageContent"
        jcr:title="Different Systems of Wire Connectors &amp; Their Varying Benefits"
        jcr:uuid="00d629ef-9e23-4e59-a33e-36f558af2106"
        sling:resourceType="delcity/components/structure/page">
        <root
            jcr:primaryType="nt:unstructured"
            sling:resourceType="wcm/foundation/components/responsivegrid">
            <footer
                jcr:created="{Date}2021-06-21T14:21:52.357+05:30"
                jcr:createdBy="admin"
                jcr:lastModified="{Date}2022-02-01T17:04:20.028+05:30"
                jcr:lastModifiedBy="admin"
                jcr:primaryType="nt:unstructured"
                sling:resourceType="delcity/components/structure/footer"
                menutitle1="About Us"
                sendIcon="/content/dam/delcity/images/Icon-send@2x.png">
                <aboutus jcr:primaryType="nt:unstructured">
                    <item0
                        jcr:primaryType="nt:unstructured"
                        pagetitle="About Us"/>
                    <item1
                        jcr:primaryType="nt:unstructured"
                        pagetitle="Contact Us"/>
                    <item2
                        jcr:primaryType="nt:unstructured"
                        pagetitle="FAQs"/>
                </aboutus>
            </footer>
            <responsivegrid
                jcr:created="{Date}2021-06-21T14:21:44.042+05:30"
                jcr:createdBy="admin"
                jcr:lastModified="{Date}2022-02-01T17:04:38.578+05:30"
                jcr:lastModifiedBy="admin"
                jcr:primaryType="nt:unstructured"
                sling:resourceType="wcm/foundation/components/responsivegrid">
                <blogteaser_copy_copy
                    jcr:created="{Date}2022-02-23T15:11:31.309+05:30"
                    jcr:createdBy="admin"
                    jcr:lastModified="{Date}2022-02-28T11:15:45.351+05:30"
                    jcr:lastModifiedBy="admin"
                    jcr:primaryType="nt:unstructured"
                    sling:resourceType="ecomm-framework/components/content/blogteaser"
                    authoringDate="July 19, 2015"
                    authorName="Kelsey Scherf"
                    blogImage="/content/dam/delcity/images/blogs/image-not-available-image.png"
                    selectBrand="DC"
                    teaserDescription="Wire connectors and electrical connector systems are multi-pieced setups which are commonly used when making wiring connections in applications varying from automotive and marine to agriculture and other electrical connections. "
                    teaserHeader="Different Systems of Wire Connectors &amp; Their Varying Benefits">
                    <categoryList jcr:primaryType="nt:unstructured">
                        <item0
                            jcr:primaryType="nt:unstructured"
                            delcitycategories="Wire Connectors &amp; Quick Splices"/>
                    </categoryList>
                </blogteaser_copy_copy>
                <text_copy_copy
                    cq:styleIds="[1629979545994]"
                    jcr:created="{Date}2022-02-23T15:13:54.731+05:30"
                    jcr:createdBy="admin"
                    jcr:lastModified="{Date}2022-02-28T11:46:41.308+05:30"
                    jcr:lastModifiedBy="admin"
                    jcr:primaryType="nt:unstructured"
                    sling:resourceType="delcity/components/content/text"
                    text="&lt;p>Wire connectors and electrical connector systems are multi-pieced setups which are commonly used when making wiring connections in applications varying from automotive and marine to agriculture and other electrical connections. There are many different system selections to choose from and each series carries a unique set of characteristics depending on the use and application of the electrical connectors. Knowing what these different connection types, benefits, characteristics, and uses are makes creating a positive connection simple and efficient.&lt;/p>&#xd;&#xa;"
                    textIsRich="true">
                    <cq:responsive jcr:primaryType="nt:unstructured">
                        <default
                            jcr:primaryType="nt:unstructured"
                            offset="0"
                            width="12"/>
                    </cq:responsive>
                </text_copy_copy>
                <text_317136058_copy_
                    jcr:created="{Date}2022-02-22T15:21:35.313+05:30"
                    jcr:createdBy="admin"
                    jcr:lastModified="{Date}2022-02-28T11:47:40.440+05:30"
                    jcr:lastModifiedBy="admin"
                    jcr:primaryType="nt:unstructured"
                    sling:resourceType="delcity/components/content/text"
                    text="&lt;p>&lt;b>Weather Pack Wire Connectors&lt;/b>&lt;/p>&#xd;&#xa;&lt;p>&lt;a href=&quot;http://www.delcity.net/store/Weather-Pack-Wire-Connectors-&amp;amp;-Components/p_797633&quot;>Weather Pack wire connectors&lt;/a> are the premium and environmental line of sealed connections from Delphi/Packard. They are designed for the engine compartment of a vehicle and can be used many different applications, whether it be building a customized wire harness or just replacing individual components. However, they are not strictly for vehicle use. Weather Pack electrical connectors are also an ideal choice for marine, agriculture, and other harsh environment applications. Weather Pack wire connectors are a desirable connection choice not only for their high performance and quality but also because they are compatible with many of the common automobile models out there.&lt;/p>&#xd;&#xa;"
                    textIsRich="true">
                    <cq:responsive jcr:primaryType="nt:unstructured">
                        <default
                            jcr:primaryType="nt:unstructured"
                            offset="0"
                            width="8"/>
                    </cq:responsive>
                </text_317136058_copy_>
                <image_993918915_copy
                    jcr:created="{Date}2022-02-22T15:28:13.344+05:30"
                    jcr:createdBy="admin"
                    jcr:lastModified="{Date}2022-02-22T15:28:23.809+05:30"
                    jcr:lastModifiedBy="admin"
                    jcr:primaryType="nt:unstructured"
                    sling:resourceType="ecomm-framework/components/content/image"
                    altValueFromDAM="true"
                    displayPopupTitle="true"
                    fileReference="/content/dam/delcity/images/blogs/image-not-available-image.png"
                    isDecorative="false"
                    titleValueFromDAM="true">
                    <cq:responsive jcr:primaryType="nt:unstructured">
                        <default
                            jcr:primaryType="nt:unstructured"
                            offset="0"
                            width="2"/>
                    </cq:responsive>
                </image_993918915_copy>
                <text_copy_copy_copy
                    cq:styleIds="[1629979545994]"
                    jcr:created="{Date}2022-02-23T15:13:54.731+05:30"
                    jcr:createdBy="admin"
                    jcr:lastModified="{Date}2022-02-28T11:47:57.072+05:30"
                    jcr:lastModifiedBy="admin"
                    jcr:primaryType="nt:unstructured"
                    sling:resourceType="delcity/components/content/text"
                    text="&lt;p>The housing components of the Weather Pack wire connectors have an audible snap-action lock and secondary terminal lock to help reduce terminal stress and provide proper terminal positioning while allowing easy access for service. 1-way to 6-way&amp;nbsp;&lt;a href=&quot;http://www.delcity.net/store/Weather-Pack-Female-Housing/p_809164.h_809165.t_1&quot;>female housing&lt;/a>&amp;nbsp;and&amp;nbsp;&lt;a href=&quot;http://www.delcity.net/store/Weather-Pack-Male-Housing/p_809144&quot;>male housing&lt;/a>&amp;nbsp;options are available.&lt;/p>&#xd;&#xa;"
                    textIsRich="true">
                    <cq:responsive jcr:primaryType="nt:unstructured">
                        <default
                            jcr:primaryType="nt:unstructured"
                            offset="0"
                            width="12"/>
                    </cq:responsive>
                </text_copy_copy_copy>
                <image_copy_copy
                    jcr:created="{Date}2022-02-22T15:18:47.296+05:30"
                    jcr:createdBy="admin"
                    jcr:lastModified="{Date}2022-02-22T15:19:08.192+05:30"
                    jcr:lastModifiedBy="admin"
                    jcr:primaryType="nt:unstructured"
                    sling:resourceType="ecomm-framework/components/content/image"
                    altValueFromDAM="true"
                    displayPopupTitle="true"
                    fileReference="/content/dam/delcity/images/blogs/image-not-available-image.png"
                    isDecorative="false"
                    titleValueFromDAM="true">
                    <cq:responsive jcr:primaryType="nt:unstructured">
                        <default
                            jcr:primaryType="nt:unstructured"
                            offset="1"
                            width="5"/>
                    </cq:responsive>
                </image_copy_copy>
                <text_copy_copy_21010
                    cq:styleIds="[1629979545994]"
                    jcr:created="{Date}2022-02-23T15:13:54.731+05:30"
                    jcr:createdBy="admin"
                    jcr:lastModified="{Date}2022-02-28T11:49:16.853+05:30"
                    jcr:lastModifiedBy="admin"
                    jcr:primaryType="nt:unstructured"
                    sling:resourceType="delcity/components/content/text"
                    text="&lt;p>The terminals required for the Weather Pack electrical connectors have a flex-pin and lap-lock design giving them a positive connection while allowing them to be locked into the connector cavity. Strain on the able core is reduced with cable seal crimp wings that also assure proper positioning of the&amp;nbsp;seal. The&amp;nbsp;&lt;a href=&quot;http://www.delcity.net/store/Weather-Pack-Terminals/p_797654.h_797659.t_1&quot;>male terminals&lt;/a>&amp;nbsp;and&amp;nbsp;&lt;a href=&quot;http://www.delcity.net/store/Weather-Pack-Terminals/p_797654.h_797655.t_1&quot;>female terminals&lt;/a>&amp;nbsp;are available in 20-18 gauge, 16-14 gauge, and 12 gauge sizes. The silicone Weather Pack seals and plugs help protect the electrical connectors against dust, moisture, engine fluids, and chemicals. The&amp;nbsp;&lt;a href=&quot;http://www.delcity.net/store/Cavity-Seals-&amp;amp;-Plugs/p_797663&quot;>cavity seals and plugs&lt;/a>&amp;nbsp;are offered in varying sizes and colors.&lt;/p>&#xd;&#xa;"
                    textIsRich="true">
                    <cq:responsive jcr:primaryType="nt:unstructured">
                        <default
                            jcr:primaryType="nt:unstructured"
                            offset="0"
                            width="12"/>
                    </cq:responsive>
                </text_copy_copy_21010>
                <image_copy_copy_copy
                    jcr:created="{Date}2022-02-22T15:18:47.296+05:30"
                    jcr:createdBy="admin"
                    jcr:lastModified="{Date}2022-02-22T15:19:08.192+05:30"
                    jcr:lastModifiedBy="admin"
                    jcr:primaryType="nt:unstructured"
                    sling:resourceType="ecomm-framework/components/content/image"
                    altValueFromDAM="true"
                    displayPopupTitle="true"
                    fileReference="/content/dam/delcity/images/blogs/image-not-available-image.png"
                    isDecorative="false"
                    titleValueFromDAM="true">
                    <cq:responsive jcr:primaryType="nt:unstructured">
                        <default
                            jcr:primaryType="nt:unstructured"
                            offset="1"
                            width="5"/>
                    </cq:responsive>
                </image_copy_copy_copy>
                <text_copy_copy_21010_1843016364
                    cq:styleIds="[1629979545994]"
                    jcr:created="{Date}2022-02-23T15:13:54.731+05:30"
                    jcr:createdBy="admin"
                    jcr:lastModified="{Date}2022-02-28T12:03:00.839+05:30"
                    jcr:lastModifiedBy="admin"
                    jcr:primaryType="nt:unstructured"
                    sling:resourceType="delcity/components/content/text"
                    text="&lt;p>&lt;b>Deutsch Compatible A-Series™ Electrical Connectors&lt;/b>&lt;/p>&#xd;&#xa;&lt;p>&lt;a href=&quot;http://www.delcity.net/store/Deutsch-Compatible-A-Series-Electrical-Connectors/p_797538&quot;>Deutsch Compatible A-Series&lt;/a>&amp;nbsp;line of electrical connectors contains four different sets of connector systems, including AT Series™, ATM Series™, ATP Series™, and AHD Series™. Each series offers its own set of benefits depending on your electrical and application needs.&lt;/p>&#xd;&#xa;"
                    textIsRich="true">
                    <cq:responsive jcr:primaryType="nt:unstructured">
                        <default
                            jcr:primaryType="nt:unstructured"
                            offset="0"
                            width="12"/>
                    </cq:responsive>
                </text_copy_copy_21010_1843016364>
                <text_317136058_copy__171665561
                    jcr:created="{Date}2022-02-22T15:21:35.313+05:30"
                    jcr:createdBy="admin"
                    jcr:lastModified="{Date}2022-02-28T12:03:48.420+05:30"
                    jcr:lastModifiedBy="admin"
                    jcr:primaryType="nt:unstructured"
                    sling:resourceType="delcity/components/content/text"
                    text="&lt;p>The&amp;nbsp;&lt;b>&lt;a href=&quot;http://www.delcity.net/store/Deutsch-Compatible-AT-Series-Connectors/p_808420&quot;>AT Series&lt;/a>™&lt;/b>&amp;nbsp;line of Deutsch compatible wire connectors have multiple AT plug type options. First off is the standard AT Series™ that provides protection, durability, and UV resistance. Second there is the AT Series™ with Strain Relief which is specifically designed to protect the wire seals, eliminate stress, and provide a highly-reliable solution. Finally, the AT Series™ is also available with LED lights on the plug that determine if the device is receiving power.&lt;/p>&#xd;&#xa;"
                    textIsRich="true">
                    <cq:responsive jcr:primaryType="nt:unstructured">
                        <default
                            jcr:primaryType="nt:unstructured"
                            offset="0"
                            width="8"/>
                    </cq:responsive>
                </text_317136058_copy__171665561>
                <image_993918915_copy_1277520298
                    jcr:created="{Date}2022-02-22T15:28:13.344+05:30"
                    jcr:createdBy="admin"
                    jcr:lastModified="{Date}2022-02-22T15:28:23.809+05:30"
                    jcr:lastModifiedBy="admin"
                    jcr:primaryType="nt:unstructured"
                    sling:resourceType="ecomm-framework/components/content/image"
                    altValueFromDAM="true"
                    displayPopupTitle="true"
                    fileReference="/content/dam/delcity/images/blogs/image-not-available-image.png"
                    isDecorative="false"
                    titleValueFromDAM="true">
                    <cq:responsive jcr:primaryType="nt:unstructured">
                        <default
                            jcr:primaryType="nt:unstructured"
                            offset="0"
                            width="2"/>
                    </cq:responsive>
                </image_993918915_copy_1277520298>
                <text_317136058_copy__1021191231
                    jcr:created="{Date}2022-02-22T15:21:35.313+05:30"
                    jcr:createdBy="admin"
                    jcr:lastModified="{Date}2022-02-28T12:04:49.657+05:30"
                    jcr:lastModifiedBy="admin"
                    jcr:primaryType="nt:unstructured"
                    sling:resourceType="delcity/components/content/text"
                    text="&lt;p>The&amp;nbsp;&lt;b>&lt;a href=&quot;http://www.delcity.net/store/Deutsch-Compatible-ATM-Series-Connectors/p_808470&quot;>ATM Series&lt;/a>™&lt;/b>&amp;nbsp;electrical connectors are a high-performance, cost-effective solution for smaller gauge wire applications. The ATM Series connectors may be mini but they still maintain the expected strengths of the standard AT Series™ product line.&lt;/p>&#xd;&#xa;"
                    textIsRich="true">
                    <cq:responsive jcr:primaryType="nt:unstructured">
                        <default
                            jcr:primaryType="nt:unstructured"
                            offset="0"
                            width="8"/>
                    </cq:responsive>
                </text_317136058_copy__1021191231>
                <image_993918915_copy_967745904
                    jcr:created="{Date}2022-02-22T15:28:13.344+05:30"
                    jcr:createdBy="admin"
                    jcr:lastModified="{Date}2022-02-22T15:28:23.809+05:30"
                    jcr:lastModifiedBy="admin"
                    jcr:primaryType="nt:unstructured"
                    sling:resourceType="ecomm-framework/components/content/image"
                    altValueFromDAM="true"
                    displayPopupTitle="true"
                    fileReference="/content/dam/delcity/images/blogs/image-not-available-image.png"
                    isDecorative="false"
                    titleValueFromDAM="true">
                    <cq:responsive jcr:primaryType="nt:unstructured">
                        <default
                            jcr:primaryType="nt:unstructured"
                            offset="0"
                            width="2"/>
                    </cq:responsive>
                </image_993918915_copy_967745904>
                <text_317136058_copy__1042186779
                    jcr:created="{Date}2022-02-22T15:21:35.313+05:30"
                    jcr:createdBy="admin"
                    jcr:lastModified="{Date}2022-02-28T12:05:18.873+05:30"
                    jcr:lastModifiedBy="admin"
                    jcr:primaryType="nt:unstructured"
                    sling:resourceType="delcity/components/content/text"
                    text="&lt;p>The&amp;nbsp;&lt;b>&lt;a href=&quot;http://www.delcity.net/store/Deutsch-Compatible-ATP-Series-Connectors/p_808436&quot;>ATP Series&lt;/a>™&lt;/b>&amp;nbsp;of wire connectors are a thermoplastic solution that is ideal for marine,&amp;nbsp;heavy equipment, agricultural, automotive, and alternative energy applications. The ATP Series™ connectors contain quality-performance superior seals that are high retention and environmental while being cost-effective.&lt;/p>&#xd;&#xa;"
                    textIsRich="true">
                    <cq:responsive jcr:primaryType="nt:unstructured">
                        <default
                            jcr:primaryType="nt:unstructured"
                            offset="0"
                            width="8"/>
                    </cq:responsive>
                </text_317136058_copy__1042186779>
                <image_993918915_copy_80955355
                    jcr:created="{Date}2022-02-22T15:28:13.344+05:30"
                    jcr:createdBy="admin"
                    jcr:lastModified="{Date}2022-02-22T15:28:23.809+05:30"
                    jcr:lastModifiedBy="admin"
                    jcr:primaryType="nt:unstructured"
                    sling:resourceType="ecomm-framework/components/content/image"
                    altValueFromDAM="true"
                    displayPopupTitle="true"
                    fileReference="/content/dam/delcity/images/blogs/image-not-available-image.png"
                    isDecorative="false"
                    titleValueFromDAM="true">
                    <cq:responsive jcr:primaryType="nt:unstructured">
                        <default
                            jcr:primaryType="nt:unstructured"
                            offset="0"
                            width="2"/>
                    </cq:responsive>
                </image_993918915_copy_80955355>
                <text_317136058_copy__1709185561
                    jcr:created="{Date}2022-02-22T15:21:35.313+05:30"
                    jcr:createdBy="admin"
                    jcr:lastModified="{Date}2022-02-28T12:06:04.944+05:30"
                    jcr:lastModifiedBy="admin"
                    jcr:primaryType="nt:unstructured"
                    sling:resourceType="delcity/components/content/text"
                    text="&lt;p>The final&amp;nbsp;Deutsch compatible&amp;nbsp;line is the&amp;nbsp;&lt;b>&lt;a href=&quot;http://www.delcity.net/store/Deutsch-Compatible-AHD-Series-Connectors/p_808539&quot;>AHD Series&lt;/a>™&lt;/b>&amp;nbsp;connectors. These electrical connectors were developed to be a cost-conscious, reliable alternative to heavy-duty industry standard 6 and 9 pin connectors and are ideal for any controlled or uncontrolled environmental condition application.&lt;/p>&#xd;&#xa;"
                    textIsRich="true">
                    <cq:responsive jcr:primaryType="nt:unstructured">
                        <default
                            jcr:primaryType="nt:unstructured"
                            offset="0"
                            width="8"/>
                    </cq:responsive>
                </text_317136058_copy__1709185561>
                <image_993918915_copy_618707612
                    jcr:created="{Date}2022-02-22T15:28:13.344+05:30"
                    jcr:createdBy="admin"
                    jcr:lastModified="{Date}2022-02-22T15:28:23.809+05:30"
                    jcr:lastModifiedBy="admin"
                    jcr:primaryType="nt:unstructured"
                    sling:resourceType="ecomm-framework/components/content/image"
                    altValueFromDAM="true"
                    displayPopupTitle="true"
                    fileReference="/content/dam/delcity/images/blogs/image-not-available-image.png"
                    isDecorative="false"
                    titleValueFromDAM="true">
                    <cq:responsive jcr:primaryType="nt:unstructured">
                        <default
                            jcr:primaryType="nt:unstructured"
                            offset="0"
                            width="2"/>
                    </cq:responsive>
                </image_993918915_copy_618707612>
                <text_copy_copy_21010_1780960848
                    cq:styleIds="[1629979545994]"
                    jcr:created="{Date}2022-02-23T15:13:54.731+05:30"
                    jcr:createdBy="admin"
                    jcr:lastModified="{Date}2022-02-28T12:07:27.573+05:30"
                    jcr:lastModifiedBy="admin"
                    jcr:primaryType="nt:unstructured"
                    sling:resourceType="delcity/components/content/text"
                    text="&lt;p>Each A-Series wire connectors require additional components to complete the electrical system. There are associating plugs, wedges, receptacles, socket, pins, and seals depending&amp;nbsp;in the type of&amp;nbsp;&lt;a href=&quot;http://www.delcity.net/store/Deutsch-Compatible-A-Series-Connectors/p_797538&quot;>A-Series&lt;/a>&amp;nbsp;connection system.&lt;/p>&#xd;&#xa;"
                    textIsRich="true">
                    <cq:responsive jcr:primaryType="nt:unstructured">
                        <default
                            jcr:primaryType="nt:unstructured"
                            offset="0"
                            width="12"/>
                    </cq:responsive>
                </text_copy_copy_21010_1780960848>
                <image_copy_copy_copy_934917525
                    jcr:created="{Date}2022-02-22T15:18:47.296+05:30"
                    jcr:createdBy="admin"
                    jcr:lastModified="{Date}2022-02-22T15:19:08.192+05:30"
                    jcr:lastModifiedBy="admin"
                    jcr:primaryType="nt:unstructured"
                    sling:resourceType="ecomm-framework/components/content/image"
                    altValueFromDAM="true"
                    displayPopupTitle="true"
                    fileReference="/content/dam/delcity/images/blogs/image-not-available-image.png"
                    isDecorative="false"
                    titleValueFromDAM="true">
                    <cq:responsive jcr:primaryType="nt:unstructured">
                        <default
                            jcr:primaryType="nt:unstructured"
                            offset="1"
                            width="5"/>
                    </cq:responsive>
                </image_copy_copy_copy_934917525>
                <text_copy_copy_21010_2126414235
                    cq:styleIds="[1629979545994]"
                    jcr:created="{Date}2022-02-23T15:13:54.731+05:30"
                    jcr:createdBy="admin"
                    jcr:lastModified="{Date}2022-02-28T12:08:38.189+05:30"
                    jcr:lastModifiedBy="admin"
                    jcr:primaryType="nt:unstructured"
                    sling:resourceType="delcity/components/content/text"
                    text="&lt;p>&lt;b>Metri Pack 280 Sealed Wire Connectors&lt;/b>&lt;/p>&#xd;&#xa;&lt;p>&lt;b>&lt;a href=&quot;http://www.delcity.net/store/Metri-Pack-280-Sealed-Wire-Connectors-&amp;amp;-Components/p_797634&quot;>Metri Pack 280 Series&lt;/a>&lt;/b>&amp;nbsp;wire connectors are OEM connectors commonly used in the engine compartments of automotive, marine, and agricultural vehicles. Delphi/Packard uses nylon plastic with silicone seals to manufacture the 280 series which prevents moisture and dust from entering the connection. The&amp;nbsp;&lt;a href=&quot;http://www.delcity.net/store/Metri-Pack-280-Female-Housing/p_809177.h_809178.t_1&quot;>female housing&lt;/a>&amp;nbsp;and&amp;nbsp;&lt;a href=&quot;http://www.delcity.net/store/Metri-Pack-280-Male-Housing/p_809188.h_809189.t_1&quot;>male housing&lt;/a>&amp;nbsp;components for the Metri Pack electrical connectors are available in 1, 2, 3, 4, and 5-way options.&lt;/p>&#xd;&#xa;"
                    textIsRich="true">
                    <cq:responsive jcr:primaryType="nt:unstructured">
                        <default
                            jcr:primaryType="nt:unstructured"
                            offset="0"
                            width="12"/>
                    </cq:responsive>
                </text_copy_copy_21010_2126414235>
                <image_copy_copy_copy_1862475737
                    jcr:created="{Date}2022-02-22T15:18:47.296+05:30"
                    jcr:createdBy="admin"
                    jcr:lastModified="{Date}2022-02-22T15:19:08.192+05:30"
                    jcr:lastModifiedBy="admin"
                    jcr:primaryType="nt:unstructured"
                    sling:resourceType="ecomm-framework/components/content/image"
                    altValueFromDAM="true"
                    displayPopupTitle="true"
                    fileReference="/content/dam/delcity/images/blogs/image-not-available-image.png"
                    isDecorative="false"
                    titleValueFromDAM="true">
                    <cq:responsive jcr:primaryType="nt:unstructured">
                        <default
                            jcr:primaryType="nt:unstructured"
                            offset="1"
                            width="5"/>
                    </cq:responsive>
                </image_copy_copy_copy_1862475737>
                <text_copy_copy_21010_22846027
                    cq:styleIds="[1629979545994]"
                    jcr:created="{Date}2022-02-23T15:13:54.731+05:30"
                    jcr:createdBy="admin"
                    jcr:lastModified="{Date}2022-02-28T12:09:54.241+05:30"
                    jcr:lastModifiedBy="admin"
                    jcr:primaryType="nt:unstructured"
                    sling:resourceType="delcity/components/content/text"
                    text="&lt;p>Terminals specific to the Metri Pack 280 electrical connectors ensure proper insertion, reduce strain on the&amp;nbsp;cable core, and are tin-plated to protect against corrosion. These terminals are available in&amp;nbsp;&lt;a href=&quot;http://www.delcity.net/store/Metri-Pack-280-Terminals/p_797719&quot;>female tang&lt;/a>&amp;nbsp;and&amp;nbsp;&lt;a href=&quot;http://www.delcity.net/store/Metri-Pack-280-Terminals/p_797719.h_797720.t_1&quot;>male tang&lt;/a>&amp;nbsp;styles that have tangs to lock the terminal into the housing cavity. Also available are&amp;nbsp;&lt;a href=&quot;http://www.delcity.net/store/Metri-Pack-280-Terminals/p_797719.h_804293.t_1&quot;>female tangless&lt;/a>&amp;nbsp;terminals that contain a notch to prevent pull-out. Much like the Weather Pack System,&amp;nbsp;&lt;a href=&quot;http://www.delcity.net/store/Cavity-Seals-&amp;amp;-Plugs/p_797663.h_797664.t_1&quot;>cavity seals and plugs&lt;/a>&amp;nbsp;are offered to protect against dust and moisture.&lt;/p>&#xd;&#xa;"
                    textIsRich="true">
                    <cq:responsive jcr:primaryType="nt:unstructured">
                        <default
                            jcr:primaryType="nt:unstructured"
                            offset="0"
                            width="12"/>
                    </cq:responsive>
                </text_copy_copy_21010_22846027>
                <text_copy_copy_21010_1558232164
                    cq:styleIds="[1629979545994]"
                    jcr:created="{Date}2022-02-23T15:13:54.731+05:30"
                    jcr:createdBy="admin"
                    jcr:lastModified="{Date}2022-02-28T12:10:42.475+05:30"
                    jcr:lastModifiedBy="admin"
                    jcr:primaryType="nt:unstructured"
                    sling:resourceType="delcity/components/content/text"
                    text="&lt;p>&lt;b>Packard 56 Electrical Connectors&lt;/b>&lt;/p>&#xd;&#xa;&lt;p>The&amp;nbsp;&lt;a href=&quot;http://www.delcity.net/store/Packard-56-Series-Connectors-&amp;amp;-Terminals/p_9108&quot;>Packard Type 56&lt;/a>&amp;nbsp;line of electrical connectors and terminals are the standard OEM connectors on American cars for the 50’s, 60’s, 70’s, and early 80’s. These electrical connectors, which were used throughout the engine compartment and vehicle, have since been replaced by sealed connectors. The series is available in 1, 2, 3, or 4 contact options.&lt;/p>&#xd;&#xa;"
                    textIsRich="true">
                    <cq:responsive jcr:primaryType="nt:unstructured">
                        <default
                            jcr:primaryType="nt:unstructured"
                            offset="0"
                            width="12"/>
                    </cq:responsive>
                </text_copy_copy_21010_1558232164>
                <image_copy_copy_copy_1949452759
                    jcr:created="{Date}2022-02-22T15:18:47.296+05:30"
                    jcr:createdBy="admin"
                    jcr:lastModified="{Date}2022-02-22T15:19:08.192+05:30"
                    jcr:lastModifiedBy="admin"
                    jcr:primaryType="nt:unstructured"
                    sling:resourceType="ecomm-framework/components/content/image"
                    altValueFromDAM="true"
                    displayPopupTitle="true"
                    fileReference="/content/dam/delcity/images/blogs/image-not-available-image.png"
                    isDecorative="false"
                    titleValueFromDAM="true">
                    <cq:responsive jcr:primaryType="nt:unstructured">
                        <default
                            jcr:primaryType="nt:unstructured"
                            offset="1"
                            width="5"/>
                    </cq:responsive>
                </image_copy_copy_copy_1949452759>
                <text_copy_copy_21010_33601485
                    cq:styleIds="[1629979545994]"
                    jcr:created="{Date}2022-02-23T15:13:54.731+05:30"
                    jcr:createdBy="admin"
                    jcr:lastModified="{Date}2022-02-28T12:12:01.357+05:30"
                    jcr:lastModifiedBy="admin"
                    jcr:primaryType="nt:unstructured"
                    sling:resourceType="delcity/components/content/text"
                    text="&lt;p>The&amp;nbsp;&lt;a href=&quot;http://www.delcity.net/store/Packard-56-Connector-!-Female/p_9287&quot;>female housings&lt;/a>&amp;nbsp;and&amp;nbsp;&lt;a href=&quot;http://www.delcity.net/store/Packard-56-Connector-!-Male/p_9288&quot;>male housings&lt;/a>&amp;nbsp;both contain a locking tab for the&amp;nbsp;&lt;a href=&quot;http://www.delcity.net/store/Packard-56-Female-Terminals/p_9291&quot;>female terminals&lt;/a>&amp;nbsp;and&amp;nbsp;&lt;a href=&quot;http://www.delcity.net/store/Packard-56-Male-Terminals/p_9292&quot;>male terminals&lt;/a>. Terminals are available in either 16-14 gauge or 20-18 gauge sizes. Positive contact is generated when the bodies containing the terminals are joined and locked together but they can be easily disconnected if needed.&lt;/p>&#xd;&#xa;"
                    textIsRich="true">
                    <cq:responsive jcr:primaryType="nt:unstructured">
                        <default
                            jcr:primaryType="nt:unstructured"
                            offset="0"
                            width="12"/>
                    </cq:responsive>
                </text_copy_copy_21010_33601485>
                <text_copy_copy_21010_1803066225
                    cq:styleIds="[1629979545994]"
                    jcr:created="{Date}2022-02-23T15:13:54.731+05:30"
                    jcr:createdBy="admin"
                    jcr:lastModified="{Date}2022-02-28T12:13:06.696+05:30"
                    jcr:lastModifiedBy="admin"
                    jcr:primaryType="nt:unstructured"
                    sling:resourceType="delcity/components/content/text"
                    text="&lt;p>&lt;b>Kits &amp;amp; Tools&lt;/b>&lt;/p>&#xd;&#xa;&lt;p>Many of these wire&amp;nbsp; connector systems are also available as kits to make it easy and convenient to have the electrical connectors you need on hand. These kits include the&amp;nbsp;&lt;a href=&quot;http://www.delcity.net/store/Weather-Pack-Kits/p_714082&quot;>Weather Pack&lt;/a>,&amp;nbsp;&lt;a href=&quot;http://www.delcity.net/store/Deutsch-Compatible-AT-Series-Connector-Kit/p_799834&quot;>Deutsch Compatible A-Series&lt;/a>, and&amp;nbsp;&lt;a href=&quot;http://www.delcity.net/store/Metri!Pack-280-Terminals-and-Seals-Kit/p_804247&quot;>Metri Pack 280&lt;/a>&amp;nbsp;connectors.&lt;/p>&#xd;&#xa;&lt;p>Tools designed specifically for the different electrical systems are available to complete the proces sof selecting and installing your wire connectors.&amp;nbsp;&lt;a href=&quot;http://www.delcity.net/store/Weather-Pack-Crimping-&amp;amp;-Removal-Tools/p_807692&quot;>Weather Pack&lt;/a>,&amp;nbsp;&lt;a href=&quot;http://www.delcity.net/store/Open-Barrel-Terminal-Crimp-Tool/p_808417.h_268192.t_1&quot;>Deutsch Compatible A-Series&lt;/a>, and&amp;nbsp;&lt;a href=&quot;http://www.delcity.net/store/Metri-Pack-280-Crimper-&amp;amp;-Removal-Tool/p_797739&quot;>Meri Pack 280&lt;/a>&amp;nbsp;connectors all have a specific crimper that provides a high quality crimp and removal tools for easy removal of terminals and other components.&lt;/p>&#xd;&#xa;&lt;p>&amp;nbsp;&lt;/p>&#xd;&#xa;&lt;p>For any additional information on Del City’s selection of wire connectors or any of our other products, please call 1.800.654.4757.&lt;/p>&#xd;&#xa;&lt;p>&amp;nbsp;&lt;/p>&#xd;&#xa;&lt;p>&amp;nbsp;&lt;/p>&#xd;&#xa;&lt;h6 style=&quot;margin-left: 40px;&quot;>Posted in&amp;nbsp;&lt;a href=&quot;https://blog.delcity.net/category/wire-connectors-quick-splices/&quot;>Wire Connectors &amp;amp; Quick Splices&lt;/a>.&lt;/h6>&#xd;&#xa;"
                    textIsRich="true">
                    <cq:responsive jcr:primaryType="nt:unstructured">
                        <default
                            jcr:primaryType="nt:unstructured"
                            offset="0"
                            width="12"/>
                    </cq:responsive>
                </text_copy_copy_21010_1803066225>
                <separator_copy_copy
                    jcr:created="{Date}2022-02-22T15:40:38.839+05:30"
                    jcr:createdBy="admin"
                    jcr:lastModified="{Date}2022-02-22T15:40:38.839+05:30"
                    jcr:lastModifiedBy="admin"
                    jcr:primaryType="nt:unstructured"
                    sling:resourceType="ecomm-framework/components/content/separator"/>
                <button_copy_copy
                    jcr:created="{Date}2022-02-22T15:40:46.505+05:30"
                    jcr:createdBy="admin"
                    jcr:lastModified="{Date}2022-02-28T12:16:29.063+05:30"
                    jcr:lastModifiedBy="admin"
                    jcr:primaryType="nt:unstructured"
                    jcr:title=" How to Jump Start a…"
                    sling:resourceType="ecomm-framework/components/content/button"
                    link="https://blog.delcity.net/how-to-jump-start-a-car-with-a-battery-booster-pack/">
                    <cq:responsive jcr:primaryType="nt:unstructured">
                        <default
                            jcr:primaryType="nt:unstructured"
                            offset="1"
                            width="3"/>
                    </cq:responsive>
                </button_copy_copy>
                <button_1675359256_co
                    jcr:created="{Date}2022-02-22T15:42:14.237+05:30"
                    jcr:createdBy="admin"
                    jcr:lastModified="{Date}2022-02-28T12:17:05.913+05:30"
                    jcr:lastModifiedBy="admin"
                    jcr:primaryType="nt:unstructured"
                    jcr:title="Why Choose Shielded Wire for… "
                    sling:resourceType="ecomm-framework/components/content/button"
                    link="https://blog.delcity.net/why-choose-shielded-wire-for-your-next-wiring-job/">
                    <cq:responsive jcr:primaryType="nt:unstructured">
                        <default
                            jcr:primaryType="nt:unstructured"
                            offset="4"
                            width="3"/>
                    </cq:responsive>
                </button_1675359256_co>
                <text_1636264735_copy
                    jcr:created="{Date}2022-02-24T15:39:12.118+05:30"
                    jcr:createdBy="admin"
                    jcr:lastModified="{Date}2022-02-24T15:39:12.118+05:30"
                    jcr:lastModifiedBy="admin"
                    jcr:primaryType="nt:unstructured"
                    sling:resourceType="delcity/components/content/text">
                    <cq:responsive jcr:primaryType="nt:unstructured">
                        <default
                            jcr:primaryType="nt:unstructured"
                            offset="1"
                            width="11"/>
                    </cq:responsive>
                </text_1636264735_copy>
            </responsivegrid>
        </root>
    </jcr:content>
</jcr:root>
