<?xml version="1.0" encoding="UTF-8"?>
<jcr:root xmlns:sling="http://sling.apache.org/jcr/sling/1.0" xmlns:cq="http://www.day.com/jcr/cq/1.0" xmlns:jcr="http://www.jcp.org/jcr/1.0" xmlns:nt="http://www.jcp.org/jcr/nt/1.0"
    jcr:primaryType="nt:unstructured"
    jcr:title="PLP"
    sling:resourceType="cq/gui/components/authoring/dialog">
    <content
        jcr:primaryType="nt:unstructured"
        sling:resourceType="granite/ui/components/coral/foundation/container">
        <items jcr:primaryType="nt:unstructured">
            <tabs
                jcr:primaryType="nt:unstructured"
                sling:resourceType="granite/ui/components/coral/foundation/tabs"
                maximized="{Boolean}true">
                <items jcr:primaryType="nt:unstructured">
                    <productlisting
                        jcr:primaryType="nt:unstructured"
                        jcr:title="Product Listing"
                        sling:resourceType="granite/ui/components/coral/foundation/container">
                        <items jcr:primaryType="nt:unstructured">
                            <well
                                jcr:primaryType="nt:unstructured"
                                sling:resourceType="granite/ui/components/coral/foundation/well"
                                fieldLabel="plp">
                                <items jcr:primaryType="nt:unstructured">
                                    <wishlist
                                        jcr:primaryType="nt:unstructured"
                                        sling:resourceType="granite/ui/components/foundation/form/textfield"
                                        fieldDescription="Enter Add To Wish List Button Text"
                                        fieldLabel="Add To Wish List Button Text"
                                        name="./wishlistcontent"/>
                                    <gridlistview
                                        jcr:primaryType="nt:unstructured"
                                        sling:resourceType="granite/ui/components/foundation/form/textfield"
                                        fieldDescription="Enter Grid View Label Text"
                                        fieldLabel="Grid View Label Text"
                                        name="./gridview"/>
                                    <hideprice
                                        jcr:primaryType="nt:unstructured"
                                        sling:resourceType="granite/ui/components/foundation/form/textfield"
                                        fieldDescription="Enter Hide Price Label Text"
                                        fieldLabel="Hide Price Label Text"
                                        name="./hideprice"/>
                                    <showprice
                                        jcr:primaryType="nt:unstructured"
                                        sling:resourceType="granite/ui/components/foundation/form/textfield"
                                        fieldDescription="Enter Show Price Label Text"
                                        fieldLabel="Show Price Label Text"
                                        name="./showprice"/>
                                    <listview
                                        jcr:primaryType="nt:unstructured"
                                        sling:resourceType="granite/ui/components/foundation/form/textfield"
                                        fieldDescription="Enter List View Label Text"
                                        fieldLabel="List View Label Text"
                                        name="./listview"/>
                                    <productdetailpage
                                        jcr:primaryType="nt:unstructured"
                                        sling:resourceType="granite/ui/components/coral/foundation/form/pathbrowser"
                                        fieldDescription="Enter PDP Page Base URL"
                                        fieldLabel="PDP Page Base URL"
                                        name="./productDetailPage"
                                        rootPath="/content/ecommerce"/>
                                    <addtocarttext
                                        jcr:primaryType="nt:unstructured"
                                        sling:resourceType="granite/ui/components/foundation/form/textfield"
                                        fieldDescription="Enter Add To Cart Text"
                                        fieldLabel="Add To Cart Text"
                                        name="./addtocarttext"/>
                                </items>
                            </well>
                        </items>
                    </productlisting>
                </items>
            </tabs>
        </items>
    </content>
</jcr:root>
