<?xml version="1.0" encoding="UTF-8"?>
<jcr:root xmlns:sling="http://sling.apache.org/jcr/sling/1.0" xmlns:cq="http://www.day.com/jcr/cq/1.0" xmlns:jcr="http://www.jcp.org/jcr/1.0" xmlns:mix="http://www.jcp.org/jcr/mix/1.0" xmlns:nt="http://www.jcp.org/jcr/nt/1.0"
    jcr:primaryType="cq:Page">
    <jcr:content
        cq:lastModified="{Date}2022-03-04T03:56:47.696-06:00"
        cq:lastModifiedBy="Anagha.Dwajan@mercmarine.com"
        cq:lastReplicated="{Date}2022-03-01T04:36:37.873-06:00"
        cq:lastReplicatedBy="Anagha.Dwajan@mercmarine.com"
        cq:lastReplicationAction="Activate"
        cq:template="/conf/delcity/settings/wcm/templates/delcity-generic-template"
        jcr:isCheckedOut="{Boolean}true"
        jcr:mixinTypes="[mix:versionable]"
        jcr:primaryType="cq:PageContent"
        jcr:title="Mag Daddy Magnets: Innovation for Today"
        jcr:uuid="7e152044-def0-4de0-ba40-6b8837f939b9"
        sling:resourceType="delcity/components/structure/page">
        <root
            jcr:primaryType="nt:unstructured"
            sling:resourceType="wcm/foundation/components/responsivegrid">
            <footer
                jcr:created="{Date}2021-06-21T14:21:52.357+05:30"
                jcr:createdBy="admin"
                jcr:lastModified="{Date}2022-02-01T17:04:20.028+05:30"
                jcr:lastModifiedBy="admin"
                jcr:primaryType="nt:unstructured"
                sling:resourceType="delcity/components/structure/footer"
                menutitle1="About Us"
                sendIcon="/content/dam/delcity/images/Icon-send@2x.png">
                <aboutus jcr:primaryType="nt:unstructured">
                    <item0
                        jcr:primaryType="nt:unstructured"
                        pagetitle="About Us"/>
                    <item1
                        jcr:primaryType="nt:unstructured"
                        pagetitle="Contact Us"/>
                    <item2
                        jcr:primaryType="nt:unstructured"
                        pagetitle="FAQs"/>
                </aboutus>
            </footer>
            <responsivegrid
                jcr:created="{Date}2021-06-21T14:21:44.042+05:30"
                jcr:createdBy="admin"
                jcr:lastModified="{Date}2022-02-01T17:04:38.578+05:30"
                jcr:lastModifiedBy="admin"
                jcr:primaryType="nt:unstructured"
                sling:resourceType="wcm/foundation/components/responsivegrid">
                <blogteaser
                    jcr:created="{Date}2022-02-25T15:39:06.911+05:30"
                    jcr:createdBy="admin"
                    jcr:lastModified="{Date}2022-03-01T04:35:10.119-06:00"
                    jcr:lastModifiedBy="Anagha.Dwajan@mercmarine.com"
                    jcr:primaryType="nt:unstructured"
                    sling:resourceType="ecomm-framework/components/content/blogteaser"
                    authoringDate="October 31, 2019"
                    authorName="Kelsey Scherf"
                    blogImage="/content/dam/delcity/images/blogs/image-not-available-image.png"
                    selectBrand="DC"
                    teaserHeader="Mag Daddy Magnets: Innovation for Today">
                    <categoryList jcr:primaryType="nt:unstructured">
                        <item0
                            jcr:primaryType="nt:unstructured"
                            delcitycategories="Cable Ties &amp; Wire Fasteners"/>
                        <item1
                            jcr:primaryType="nt:unstructured"
                            delcitycategories="Industrial"/>
                    </categoryList>
                </blogteaser>
                <responsivegrid
                    jcr:created="{Date}2022-02-25T15:39:00.282+05:30"
                    jcr:createdBy="admin"
                    jcr:lastModified="{Date}2022-02-25T15:39:00.282+05:30"
                    jcr:lastModifiedBy="admin"
                    jcr:primaryType="nt:unstructured"
                    sling:resourceType="wcm/foundation/components/responsivegrid">
                    <cq:responsive jcr:primaryType="nt:unstructured"/>
                    <text
                        cq:styleIds="[1629979540972]"
                        jcr:created="{Date}2022-02-25T15:43:51.070+05:30"
                        jcr:createdBy="admin"
                        jcr:lastModified="{Date}2022-02-25T15:44:25.909+05:30"
                        jcr:lastModifiedBy="admin"
                        jcr:primaryType="nt:unstructured"
                        sling:resourceType="delcity/components/content/text"
                        text="&lt;p style=&quot;text-align: center;&quot;>&amp;nbsp;&lt;/p>&#xd;&#xa;&lt;p style=&quot;text-align: center;&quot;>&lt;b>&lt;u>Mag Daddy Magnets: Innovation for Today&lt;/u>&lt;/b>&lt;/p>&#xd;&#xa;&lt;p style=&quot;text-align: center;&quot;>&amp;nbsp;&lt;/p>&#xd;&#xa;"
                        textIsRich="true"/>
                    <image_777226126_copy
                        jcr:created="{Date}2022-02-23T13:42:15.693+05:30"
                        jcr:createdBy="admin"
                        jcr:lastModified="{Date}2022-02-25T15:47:30.231+05:30"
                        jcr:lastModifiedBy="admin"
                        jcr:primaryType="nt:unstructured"
                        sling:resourceType="ecomm-framework/components/content/image"
                        altValueFromDAM="true"
                        displayPopupTitle="true"
                        fileReference="/content/dam/delcity/images/blogs/img_9171_Magnet_tests-200x300.jpg"
                        isDecorative="false"
                        titleValueFromDAM="true">
                        <cq:responsive jcr:primaryType="nt:unstructured">
                            <default
                                jcr:primaryType="nt:unstructured"
                                offset="1"
                                width="3"/>
                        </cq:responsive>
                    </image_777226126_copy>
                    <text_2074569161_copy
                        cq:styleIds="[1629979540972]"
                        jcr:created="{Date}2022-02-23T13:42:23.642+05:30"
                        jcr:createdBy="admin"
                        jcr:lastModified="{Date}2022-02-25T15:45:22.338+05:30"
                        jcr:lastModifiedBy="admin"
                        jcr:primaryType="nt:unstructured"
                        sling:resourceType="delcity/components/content/text"
                        text="&lt;p>We’ll start out with the most important information: how do these magnets work?&amp;nbsp; Magnets work around the concept of magnetic flux. Magnetic flux is basically the number of magnetic lines passing through a surface that creates the force we all think of when it comes to a magnet&amp;nbsp;(Figure 1.)&lt;/p>&#xd;&#xa;"
                        textIsRich="true">
                        <cq:responsive jcr:primaryType="nt:unstructured">
                            <default
                                jcr:primaryType="nt:unstructured"
                                offset="0"
                                width="7"/>
                        </cq:responsive>
                    </text_2074569161_copy>
                    <text_2074569161_copy_887497838
                        jcr:created="{Date}2022-02-23T13:42:23.642+05:30"
                        jcr:createdBy="admin"
                        jcr:lastModified="{Date}2022-02-25T15:54:15.453+05:30"
                        jcr:lastModifiedBy="admin"
                        jcr:primaryType="nt:unstructured"
                        sling:resourceType="delcity/components/content/text"
                        text="&lt;p>Mag Daddy designs their magnets so that the magnetic flux is fully contained within the outer cup. This allows the north and south lines to redirect and not escape the magnet, which creates a superior strength and durability that reinforces with time. Crafted with neodymium, one of the strongest magnets in the world, Mag Daddy’s design is unparalleled. The cupping design of Mag Daddy products (Figure 2) makes for an innovative magnetic base that does not allow magnetic flux to escape meaning no data interference for extra sensitive projects.&lt;/p>&#xd;&#xa;"
                        textIsRich="true">
                        <cq:responsive jcr:primaryType="nt:unstructured">
                            <default
                                jcr:primaryType="nt:unstructured"
                                behavior="none"
                                offset="4"
                                width="4"/>
                        </cq:responsive>
                    </text_2074569161_copy_887497838>
                    <image
                        jcr:created="{Date}2022-02-25T15:51:11.529+05:30"
                        jcr:createdBy="admin"
                        jcr:lastModified="{Date}2022-02-25T15:52:56.830+05:30"
                        jcr:lastModifiedBy="admin"
                        jcr:primaryType="nt:unstructured"
                        sling:resourceType="ecomm-framework/components/content/image"
                        altValueFromDAM="true"
                        displayPopupTitle="true"
                        fileReference="/content/dam/delcity/images/blogs/Mag-daddy-bottom2-200x300.jpg"
                        isDecorative="false"
                        titleValueFromDAM="true">
                        <cq:responsive jcr:primaryType="nt:unstructured">
                            <default
                                jcr:primaryType="nt:unstructured"
                                offset="0"
                                width="3"/>
                        </cq:responsive>
                    </image>
                    <text_583853297
                        cq:styleIds="[1629979540972]"
                        jcr:created="{Date}2022-02-25T15:54:55.786+05:30"
                        jcr:createdBy="admin"
                        jcr:lastModified="{Date}2022-02-25T15:56:51.898+05:30"
                        jcr:lastModifiedBy="admin"
                        jcr:primaryType="nt:unstructured"
                        sling:resourceType="delcity/components/content/text"
                        text="&lt;p>Mag Daddy products aren’t your typical fridge magnets. These industrial strength magnetic hooks, clips, and fasteners find use in a variety of industries. For example, Mag Daddy sees high activity in security installations, automotive, electrical contracting, and more. A major reason for the versatility of these magnets is the industrial strength as well as the durability. In a lot of these industries, magnetic fasteners need to be able to withstand harsh environments. Mag Daddy products can withstand temperatures from -40° C to 176° C. This allows use in most environments year-round. Del City tested Mag Daddy magnets in a food service commercial freezer (Figure 3) and oven (Figure 4) to be sure they live up to their claims. As expected, Mag Daddy held up in these conditions. Being oil, grease, paint, and dirt resistant, these magnets can handle it all.&lt;/p>&#xd;&#xa;&lt;p>&amp;nbsp;&lt;/p>&#xd;&#xa;"
                        textIsRich="true"/>
                    <image_1875852370
                        jcr:created="{Date}2022-02-25T15:55:28.693+05:30"
                        jcr:createdBy="admin"
                        jcr:lastModified="{Date}2022-02-25T15:57:03.857+05:30"
                        jcr:lastModifiedBy="admin"
                        jcr:primaryType="nt:unstructured"
                        sling:resourceType="ecomm-framework/components/content/image"
                        altValueFromDAM="true"
                        displayPopupTitle="true"
                        fileReference="/content/dam/delcity/images/blogs/DS8_1512.jpg"
                        isDecorative="false"
                        titleValueFromDAM="true">
                        <cq:responsive jcr:primaryType="nt:unstructured">
                            <default
                                jcr:primaryType="nt:unstructured"
                                offset="1"
                                width="4"/>
                        </cq:responsive>
                    </image_1875852370>
                    <image_2117095741
                        jcr:created="{Date}2022-02-25T15:55:35.888+05:30"
                        jcr:createdBy="admin"
                        jcr:lastModified="{Date}2022-02-25T15:56:39.534+05:30"
                        jcr:lastModifiedBy="admin"
                        jcr:primaryType="nt:unstructured"
                        sling:resourceType="ecomm-framework/components/content/image"
                        altValueFromDAM="true"
                        displayPopupTitle="true"
                        fileReference="/content/dam/delcity/images/blogs/DS8_1540.jpg"
                        isDecorative="false"
                        titleValueFromDAM="true">
                        <cq:responsive jcr:primaryType="nt:unstructured">
                            <default
                                jcr:primaryType="nt:unstructured"
                                offset="1"
                                width="4"/>
                        </cq:responsive>
                    </image_2117095741>
                    <text_1650873702
                        cq:styleIds="[1629979540972]"
                        jcr:created="{Date}2022-02-25T15:58:03.732+05:30"
                        jcr:createdBy="admin"
                        jcr:lastModified="{Date}2022-02-25T16:00:32.013+05:30"
                        jcr:lastModifiedBy="admin"
                        jcr:primaryType="nt:unstructured"
                        sling:resourceType="delcity/components/content/text"
                        text="&lt;p>&amp;nbsp;&lt;/p>&#xd;&#xa;&lt;p>Although strength and durability are key factors in choosing a magnet, ease of use also needs to be considered. Mag Daddy prides themselves on their usability and convenience to the customer. Because of their strength, Mag Daddy products requiring no drilling or additional tools. This translates into both time and cost savings to the user. They are easy to uninstall if your plans change and you find yourself needing a magnet in a different location. For other possible changes, Mag Daddy products rotate 360° for versatility and convenience to the project. Coming in a large variety of shapes and sizes, Mag Daddy can fit where other fasteners and clips cannot. The unneeded drilling and welding help protect fragile environments for a cleaner installation.&lt;/p>&#xd;&#xa;&lt;p>&amp;nbsp;&lt;/p>&#xd;&#xa;"
                        textIsRich="true"/>
                    <image_777226126_copy_933919774
                        jcr:created="{Date}2022-02-23T13:42:15.693+05:30"
                        jcr:createdBy="admin"
                        jcr:lastModified="{Date}2022-02-25T15:59:20.030+05:30"
                        jcr:lastModifiedBy="admin"
                        jcr:primaryType="nt:unstructured"
                        sling:resourceType="ecomm-framework/components/content/image"
                        altValueFromDAM="true"
                        displayPopupTitle="true"
                        fileReference="/content/dam/delcity/images/blogs/Mag_Fast_Glam_02-300x200.jpg"
                        isDecorative="false"
                        titleValueFromDAM="true">
                        <cq:responsive jcr:primaryType="nt:unstructured">
                            <default
                                jcr:primaryType="nt:unstructured"
                                offset="1"
                                width="3"/>
                        </cq:responsive>
                    </image_777226126_copy_933919774>
                    <text_2074569161_copy_2043613541
                        cq:styleIds="[1629979540972]"
                        jcr:created="{Date}2022-02-23T13:42:23.642+05:30"
                        jcr:createdBy="admin"
                        jcr:lastModified="{Date}2022-02-25T16:00:17.300+05:30"
                        jcr:lastModifiedBy="admin"
                        jcr:primaryType="nt:unstructured"
                        sling:resourceType="delcity/components/content/text"
                        text="&lt;p>Mag Daddy as a company is recognized for both their innovative products as well as their overall success. Mag Daddy continues to see tremendous&amp;nbsp;growth in multiple industries because of their unique and useful products. They were first recognized in 2013 by the National Electrical Contractors Association (NECA), winning the “Showstopper” award for their product line. Since then, Mag Daddy received awards in innovation from the Electronic Security Expo (ESX) multiple years in a row.The company grew 20% each year for the past three years while tracking to grow 25% in 2019. Mag Daddy doesn’t plan to slow down anytime soon with their expanding product lines and continuous improvement.&amp;nbsp;&lt;/p>&#xd;&#xa;"
                        textIsRich="true">
                        <cq:responsive jcr:primaryType="nt:unstructured">
                            <default
                                jcr:primaryType="nt:unstructured"
                                offset="0"
                                width="7"/>
                        </cq:responsive>
                    </text_2074569161_copy_2043613541>
                    <text_502558591
                        cq:styleIds="[1629979540972]"
                        jcr:created="{Date}2022-02-25T16:30:19.510+05:30"
                        jcr:createdBy="admin"
                        jcr:lastModified="{Date}2022-02-25T19:07:16.011+05:30"
                        jcr:lastModifiedBy="admin"
                        jcr:primaryType="nt:unstructured"
                        sling:resourceType="delcity/components/content/text"
                        text="&lt;p>Mag Daddy is proud to say once their customers join the family, they are usually a customer for life due to the high cost savings, durability, longevity, and ease of use of their product line.&lt;/p>&#xd;&#xa;&lt;p>&amp;nbsp;&lt;/p>&#xd;&#xa;&lt;p>Until 11/31/19, take 20% off all&amp;nbsp;&lt;a href=&quot;https://www.delcity.net/store/Buy-of-the-Month-Special/p_790419&quot;>&lt;u>Mag Daddy products&lt;/u>&lt;/a>&amp;nbsp;with code&amp;nbsp;&lt;b>MAG20!&lt;/b>&amp;nbsp;See Del City’s line of Mag Daddy products&amp;nbsp;&lt;a href=&quot;https://www.delcity.net/store/Buy-of-the-Month-Special/p_790419&quot;>&lt;u>here&lt;/u>.&lt;/a>&amp;nbsp;If you have any additional questions, please don’t hesitate to reach out to our team at 1-800-654-4757 or at&amp;nbsp;&lt;a href=&quot;mailto:info@delcity.net&quot;>&lt;u>info@delcity.net&lt;/u>&lt;/a>. Explore Del City’s full array of over 15,000 products at&amp;nbsp;&lt;a href=&quot;https://www.delcity.net/&quot;>&lt;u>www.delcity.net&lt;/u>.&lt;/a>&lt;/p>&#xd;&#xa;&lt;p>&amp;nbsp;&lt;/p>&#xd;&#xa;&lt;p>See our&amp;nbsp;&lt;a href=&quot;https://blog.delcity.net/mag-daddy-more-than-your-average-magnet-infographic/&quot;>&lt;u>infographic&lt;/u>&lt;/a>&amp;nbsp;for a visual representation of Mag Daddy and magnets!&lt;/p>&#xd;&#xa;&lt;p>&amp;nbsp;&lt;/p>&#xd;&#xa;&lt;p>Posted in&amp;nbsp;&lt;u>&lt;a href=&quot;https://blog.delcity.net/category/cable-ties-wire-fasteners/&quot;>Cable Ties &amp;amp; Wire Fasteners&lt;/a>,&amp;nbsp;&lt;a href=&quot;https://blog.delcity.net/category/industrial/&quot;>Industrial&lt;/a>&lt;/u>.&lt;/p>&#xd;&#xa;&lt;p>&amp;nbsp;&lt;/p>&#xd;&#xa;"
                        textIsRich="true"/>
                    <separator
                        jcr:created="{Date}2022-02-25T18:54:40.058+05:30"
                        jcr:createdBy="admin"
                        jcr:lastModified="{Date}2022-02-25T18:54:40.058+05:30"
                        jcr:lastModifiedBy="admin"
                        jcr:primaryType="nt:unstructured"
                        sling:resourceType="ecomm-framework/components/content/separator"/>
                    <button
                        jcr:created="{Date}2022-02-25T18:56:16.047+05:30"
                        jcr:createdBy="admin"
                        jcr:lastModified="{Date}2022-02-25T18:57:19.978+05:30"
                        jcr:lastModifiedBy="admin"
                        jcr:primaryType="nt:unstructured"
                        jcr:title="Why Choose Maxxima Lighting for Your Lighting Needs?"
                        sling:resourceType="ecomm-framework/components/content/button"
                        link="https://blog.delcity.net/why-choose-maxxima-lighting-for-your-lighting-needs/">
                        <cq:responsive jcr:primaryType="nt:unstructured">
                            <default
                                jcr:primaryType="nt:unstructured"
                                offset="1"
                                width="4"/>
                        </cq:responsive>
                    </button>
                    <button_1748408171
                        jcr:created="{Date}2022-02-25T18:56:23.976+05:30"
                        jcr:createdBy="admin"
                        jcr:lastModified="{Date}2022-02-25T18:57:54.432+05:30"
                        jcr:lastModifiedBy="admin"
                        jcr:primaryType="nt:unstructured"
                        jcr:title="Infographic Mag Daddy: More Than Your Average Magnet"
                        sling:resourceType="ecomm-framework/components/content/button"
                        link="https://blog.delcity.net/mag-daddy-more-than-your-average-magnet-infographic/">
                        <cq:responsive jcr:primaryType="nt:unstructured">
                            <default
                                jcr:primaryType="nt:unstructured"
                                offset="3"
                                width="4"/>
                        </cq:responsive>
                    </button_1748408171>
                    <text_1113226072
                        cq:styleIds="[1629979540972]"
                        jcr:created="{Date}2022-02-25T18:58:38.012+05:30"
                        jcr:createdBy="admin"
                        jcr:lastModified="{Date}2022-02-25T19:04:25.509+05:30"
                        jcr:lastModifiedBy="admin"
                        jcr:primaryType="nt:unstructured"
                        sling:resourceType="delcity/components/content/text"
                        text="&lt;h4>&amp;nbsp; &amp;nbsp;&lt;/h4>&#xd;&#xa;&lt;h4>&amp;nbsp;&amp;nbsp;&amp;nbsp;&lt;u>One Comment&lt;/u>&lt;/h4>&#xd;&#xa;&lt;h4>&amp;nbsp;&lt;/h4>&#xd;&#xa;&lt;ol>&#xd;&#xa;&lt;li>&lt;p>Pingback:&amp;nbsp;&lt;a href=&quot;https://blog.delcity.net/mag-daddy-more-than-your-average-magnet-infographic/&quot;>&lt;u>Mag Daddy: More Than Your Average Magnet Infographic - Del City Blog&lt;/u>&lt;/a>&lt;/p>&#xd;&#xa;&lt;p>&amp;nbsp;&lt;/p>&#xd;&#xa;&lt;p>&amp;nbsp;&lt;/p>&#xd;&#xa;&lt;/li>&#xd;&#xa;&lt;/ol>&#xd;&#xa;&lt;p>Comments are closed.&lt;/p>&#xd;&#xa;&lt;p>&amp;nbsp;&lt;/p>&#xd;&#xa;&lt;p>&amp;nbsp;&lt;/p>&#xd;&#xa;"
                        textIsRich="true"/>
                </responsivegrid>
            </responsivegrid>
        </root>
    </jcr:content>
</jcr:root>
