<?xml version="1.0" encoding="UTF-8"?>
<jcr:root xmlns:sling="http://sling.apache.org/jcr/sling/1.0" xmlns:cq="http://www.day.com/jcr/cq/1.0" xmlns:jcr="http://www.jcp.org/jcr/1.0" xmlns:nt="http://www.jcp.org/jcr/nt/1.0"
    jcr:primaryType="cq:Page">
    <jcr:content
        cq:lastModified="{Date}2022-03-04T02:59:26.696-06:00"
        cq:lastModifiedBy="Praveen.Vatchavayi@mercmarine.com"
        cq:template="/conf/delcity/settings/wcm/templates/delcity-generic-template"
        jcr:primaryType="cq:PageContent"
        jcr:title="Automotive &amp; Solar Fast Facts"
        sling:resourceType="delcity/components/structure/page">
        <root
            jcr:primaryType="nt:unstructured"
            sling:resourceType="wcm/foundation/components/responsivegrid">
            <footer
                jcr:created="{Date}2021-06-21T14:21:52.357+05:30"
                jcr:createdBy="admin"
                jcr:lastModified="{Date}2022-02-01T17:04:20.028+05:30"
                jcr:lastModifiedBy="admin"
                jcr:primaryType="nt:unstructured"
                sling:resourceType="delcity/components/structure/footer"
                menutitle1="About Us"
                sendIcon="/content/dam/delcity/images/Icon-send@2x.png">
                <aboutus jcr:primaryType="nt:unstructured">
                    <item0
                        jcr:primaryType="nt:unstructured"
                        pagetitle="About Us"/>
                    <item1
                        jcr:primaryType="nt:unstructured"
                        pagetitle="Contact Us"/>
                    <item2
                        jcr:primaryType="nt:unstructured"
                        pagetitle="FAQs"/>
                </aboutus>
            </footer>
            <responsivegrid
                jcr:created="{Date}2021-06-21T14:21:44.042+05:30"
                jcr:createdBy="admin"
                jcr:lastModified="{Date}2022-02-01T17:04:38.578+05:30"
                jcr:lastModifiedBy="admin"
                jcr:primaryType="nt:unstructured"
                sling:resourceType="wcm/foundation/components/responsivegrid">
                <blogteaser
                    jcr:created="{Date}2022-02-23T11:04:02.095+05:30"
                    jcr:createdBy="admin"
                    jcr:lastModified="{Date}2022-02-23T11:05:06.749+05:30"
                    jcr:lastModifiedBy="admin"
                    jcr:primaryType="nt:unstructured"
                    sling:resourceType="ecomm-framework/components/content/blogteaser"
                    authoringDate="July 03, 2018"
                    authorName="Kelsey Scherf"
                    blogImage="/content/dam/delcity/images/blogs/image-not-available-image.png"
                    selectBrand="DC"
                    teaserHeader="Automotive &amp; Solar Fast Facts">
                    <categoryList jcr:primaryType="nt:unstructured">
                        <item0
                            jcr:primaryType="nt:unstructured"
                            delcitycategories="Automotive"/>
                        <item1
                            jcr:primaryType="nt:unstructured"
                            delcitycategories="Solar"/>
                    </categoryList>
                </blogteaser>
                <responsivegrid
                    jcr:created="{Date}2022-02-23T11:03:55.677+05:30"
                    jcr:createdBy="admin"
                    jcr:lastModified="{Date}2022-02-23T11:03:55.677+05:30"
                    jcr:lastModifiedBy="admin"
                    jcr:primaryType="nt:unstructured"
                    sling:resourceType="wcm/foundation/components/responsivegrid">
                    <cq:responsive jcr:primaryType="nt:unstructured"/>
                    <text
                        cq:styleIds="[1629979540972]"
                        jcr:created="{Date}2022-02-23T11:05:32.095+05:30"
                        jcr:createdBy="admin"
                        jcr:lastModified="{Date}2022-02-23T11:05:58.184+05:30"
                        jcr:lastModifiedBy="admin"
                        jcr:primaryType="nt:unstructured"
                        sling:resourceType="delcity/components/content/text"
                        text="&lt;p>&amp;nbsp;&lt;/p>&#xd;&#xa;&lt;p>Solar power can benefit the automotive industry in more ways than one. Download our&amp;nbsp;&lt;a href=&quot;http://blog.delcity.net/wp-content/uploads/2018/07/Automotive_Solar.pdf&quot;>infographic&lt;/a>&amp;nbsp;to learn Automotive &amp;amp; Solar Fast Facts. For more detailed information on solar power, get our free&amp;nbsp;&lt;a href=&quot;http://blog.delcity.net/wp-content/uploads/2019/04/Complete_Guide_to_Solar_4.pdf&quot;>ebook!&lt;/a>&lt;/p>&#xd;&#xa;&lt;p>&amp;nbsp;&lt;/p>&#xd;&#xa;"
                        textIsRich="true"/>
                    <image
                        jcr:created="{Date}2022-02-23T11:06:06.629+05:30"
                        jcr:createdBy="admin"
                        jcr:lastModified="{Date}2022-02-23T11:46:30.376+05:30"
                        jcr:lastModifiedBy="admin"
                        jcr:primaryType="nt:unstructured"
                        sling:resourceType="ecomm-framework/components/content/image"
                        altValueFromDAM="true"
                        displayPopupTitle="true"
                        fileReference="/content/dam/delcity/images/blogs/Automotive-300x270.png"
                        isDecorative="false"
                        titleValueFromDAM="true">
                        <cq:responsive jcr:primaryType="nt:unstructured">
                            <default
                                jcr:primaryType="nt:unstructured"
                                offset="4"
                                width="4"/>
                        </cq:responsive>
                    </image>
                    <text_761501183
                        cq:styleIds="[1629979540972]"
                        jcr:created="{Date}2022-02-23T11:06:17.494+05:30"
                        jcr:createdBy="admin"
                        jcr:lastModified="{Date}2022-02-23T11:07:37.067+05:30"
                        jcr:lastModifiedBy="admin"
                        jcr:primaryType="nt:unstructured"
                        sling:resourceType="delcity/components/content/text"
                        text="&lt;p style=&quot;text-align: center;&quot;>&lt;img src=&quot;https://track.hubspot.com/__ptq.gif?a=338245&amp;amp;k=14&amp;amp;r=http%3A%2F%2Fblog.delcity.net%2Fautomotive-solar-infographic&amp;amp;bu=http%253A%252F%252Fblog.delcity.net&amp;amp;bvt=rss&quot; alt=&quot;&quot; width=&quot;1&quot;>&lt;a href=&quot;http://delcity.wpengine.com/wp-content/uploads/2018/07/Automotive_Solar.pdf&quot;>Automotive &amp;amp; Solar Fast Facts&lt;/a>&lt;/p>&#xd;&#xa;&lt;p style=&quot;text-align: center;&quot;>&amp;nbsp;&lt;/p>&#xd;&#xa;&lt;h6>&amp;nbsp; &amp;nbsp; &amp;nbsp; &amp;nbsp;Posted in&amp;nbsp;&lt;a href=&quot;https://blog.delcity.net/category/automotive/&quot;>Automotive&lt;/a>,&amp;nbsp;&lt;a href=&quot;https://blog.delcity.net/category/solar/&quot;>Solar&lt;/a>.&lt;/h6>&#xd;&#xa;&lt;h6>&amp;nbsp;&lt;/h6>&#xd;&#xa;"
                        textIsRich="true"/>
                    <separator
                        jcr:created="{Date}2022-02-23T11:07:47.509+05:30"
                        jcr:createdBy="admin"
                        jcr:lastModified="{Date}2022-02-23T11:07:47.509+05:30"
                        jcr:lastModifiedBy="admin"
                        jcr:primaryType="nt:unstructured"
                        sling:resourceType="ecomm-framework/components/content/separator"/>
                    <button
                        jcr:created="{Date}2022-02-23T11:07:55.713+05:30"
                        jcr:createdBy="admin"
                        jcr:lastModified="{Date}2022-02-23T11:13:08.091+05:30"
                        jcr:lastModifiedBy="admin"
                        jcr:primaryType="nt:unstructured"
                        jcr:title="Solar Power Product Guide"
                        sling:resourceType="ecomm-framework/components/content/button"
                        link="https://blog.delcity.net/solar-power-product-guide/">
                        <cq:responsive jcr:primaryType="nt:unstructured">
                            <default
                                jcr:primaryType="nt:unstructured"
                                offset="1"
                                width="4"/>
                        </cq:responsive>
                    </button>
                    <button_25675402
                        jcr:created="{Date}2022-02-23T11:08:10.923+05:30"
                        jcr:createdBy="admin"
                        jcr:lastModified="{Date}2022-02-23T11:13:34.665+05:30"
                        jcr:lastModifiedBy="admin"
                        jcr:primaryType="nt:unstructured"
                        jcr:title="Automotive &amp; Solar Fast Facts"
                        sling:resourceType="ecomm-framework/components/content/button"
                        link="https://blog.delcity.net/automotive-solar-fast-facts/">
                        <cq:responsive jcr:primaryType="nt:unstructured">
                            <default
                                jcr:primaryType="nt:unstructured"
                                offset="5"
                                width="2"/>
                        </cq:responsive>
                    </button_25675402>
                    <text_567041442
                        jcr:created="{Date}2022-02-23T11:41:07.592+05:30"
                        jcr:createdBy="admin"
                        jcr:lastModified="{Date}2022-02-23T11:41:07.592+05:30"
                        jcr:lastModifiedBy="admin"
                        jcr:primaryType="nt:unstructured"
                        sling:resourceType="delcity/components/content/text"/>
                </responsivegrid>
            </responsivegrid>
        </root>
    </jcr:content>
</jcr:root>
