<?xml version="1.0" encoding="UTF-8"?>
<jcr:root xmlns:sling="http://sling.apache.org/jcr/sling/1.0" xmlns:cq="http://www.day.com/jcr/cq/1.0" xmlns:jcr="http://www.jcp.org/jcr/1.0" xmlns:nt="http://www.jcp.org/jcr/nt/1.0"
    jcr:primaryType="cq:Page">
    <jcr:content
        cq:lastModified="{Date}2022-03-04T06:56:52.090-06:00"
        cq:lastModifiedBy="Anagha.Dwajan@mercmarine.com"
        cq:template="/conf/delcity/settings/wcm/templates/delcity-generic-template"
        jcr:primaryType="cq:PageContent"
        jcr:title="How to Jump Start a Car with a Battery Booster Pack"
        sling:resourceType="delcity/components/structure/page">
        <root
            jcr:primaryType="nt:unstructured"
            sling:resourceType="wcm/foundation/components/responsivegrid">
            <footer
                jcr:created="{Date}2021-06-21T14:21:52.357+05:30"
                jcr:createdBy="admin"
                jcr:lastModified="{Date}2022-02-01T17:04:20.028+05:30"
                jcr:lastModifiedBy="admin"
                jcr:primaryType="nt:unstructured"
                sling:resourceType="delcity/components/structure/footer"
                menutitle1="About Us"
                sendIcon="/content/dam/delcity/images/Icon-send@2x.png">
                <aboutus jcr:primaryType="nt:unstructured">
                    <item0
                        jcr:primaryType="nt:unstructured"
                        pagetitle="About Us"/>
                    <item1
                        jcr:primaryType="nt:unstructured"
                        pagetitle="Contact Us"/>
                    <item2
                        jcr:primaryType="nt:unstructured"
                        pagetitle="FAQs"/>
                </aboutus>
            </footer>
            <responsivegrid
                jcr:created="{Date}2021-06-21T14:21:44.042+05:30"
                jcr:createdBy="admin"
                jcr:lastModified="{Date}2022-02-01T17:04:38.578+05:30"
                jcr:lastModifiedBy="admin"
                jcr:primaryType="nt:unstructured"
                sling:resourceType="wcm/foundation/components/responsivegrid">
                <blogteaser
                    jcr:created="{Date}2022-02-23T12:13:46.287+05:30"
                    jcr:createdBy="admin"
                    jcr:lastModified="{Date}2022-03-04T06:56:52.080-06:00"
                    jcr:lastModifiedBy="Anagha.Dwajan@mercmarine.com"
                    jcr:primaryType="nt:unstructured"
                    sling:resourceType="ecomm-framework/components/content/blogteaser"
                    authoringDate="June 06, 2015"
                    authorName="Kelsey Scherf"
                    blogImage="/content/dam/delcity/images/blogs/image-not-available-image.png"
                    selectBrand="DC"
                    teaserDescription="Having a dead battery is killer. Especially if you’re on a job or out in the field and you don’t have another car to give you a jump. "
                    teaserHeader="How to Jump Start a Car with a Battery Booster Pac">
                    <categoryList jcr:primaryType="nt:unstructured">
                        <item0
                            jcr:primaryType="nt:unstructured"
                            delcitycategories="Automotive"/>
                        <item1
                            jcr:primaryType="nt:unstructured"
                            delcitycategories="Battery Cables &amp; Accessories"/>
                        <item2
                            jcr:primaryType="nt:unstructured"
                            delcitycategories="How-To"/>
                    </categoryList>
                </blogteaser>
                <text
                    jcr:created="{Date}2022-02-23T12:18:16.580+05:30"
                    jcr:createdBy="admin"
                    jcr:lastModified="{Date}2022-02-23T12:18:25.853+05:30"
                    jcr:lastModifiedBy="admin"
                    jcr:primaryType="nt:unstructured"
                    sling:resourceType="delcity/components/content/text"
                    text="&lt;p>Having a dead battery is killer. Especially if you’re on a job or out in the field and you don’t have another car to&amp;nbsp;give you a jump.&lt;/p>&#xd;&#xa;"
                    textIsRich="true">
                    <cq:responsive jcr:primaryType="nt:unstructured">
                        <default
                            jcr:primaryType="nt:unstructured"
                            offset="0"
                            width="11"/>
                    </cq:responsive>
                </text>
                <embed
                    jcr:created="{Date}2022-02-23T12:19:24.825+05:30"
                    jcr:createdBy="admin"
                    jcr:lastModified="{Date}2022-02-23T12:19:40.978+05:30"
                    jcr:lastModifiedBy="admin"
                    jcr:primaryType="nt:unstructured"
                    sling:resourceType="ecomm-framework/components/content/embed"
                    html="&lt;iframe width=&quot;425&quot; height=&quot;350&quot; src=&quot;https://www.youtube.com/embed/1r5DtEVKPik&quot; title=&quot;YouTube video player&quot; frameborder=&quot;0&quot; allow=&quot;accelerometer; autoplay; clipboard-write; encrypted-media; gyroscope; picture-in-picture&quot; allowfullscreen>&lt;/iframe>"
                    type="html">
                    <cq:responsive jcr:primaryType="nt:unstructured">
                        <default
                            jcr:primaryType="nt:unstructured"
                            offset="1"
                            width="7"/>
                    </cq:responsive>
                </embed>
                <text_99319228
                    jcr:created="{Date}2022-02-23T12:20:32.249+05:30"
                    jcr:createdBy="admin"
                    jcr:lastModified="{Date}2022-02-23T12:20:52.160+05:30"
                    jcr:lastModifiedBy="admin"
                    jcr:primaryType="nt:unstructured"
                    sling:resourceType="delcity/components/content/text"
                    text="&lt;p>To learn how to jump start a car with a battery booster pack, like the&amp;nbsp;&lt;a href=&quot;http://www.delcity.net/store/Battery-Booster-Packs/p_809139&quot;>Rescue 1060 Booster Pack&lt;/a>, check out the video above. This booster pack is fool-proof, and comes with all the bells and whistles you need to make the jump fast and easy.&lt;/p>&#xd;&#xa;&lt;p>If you’re looking for other battery charger options, you can&amp;nbsp;&lt;a href=&quot;http://www.delcity.net/store/Battery-Chargers:Maintainers/p_789158&quot;>click here&lt;/a>&amp;nbsp;to view what Del City has available.&lt;/p>&#xd;&#xa;&lt;p>&amp;nbsp;&lt;/p>&#xd;&#xa;&lt;h6 style=&quot;margin-left: 40px;&quot;>Posted in&amp;nbsp;&lt;a href=&quot;https://blog.delcity.net/category/automotive/&quot;>Automotive&lt;/a>,&amp;nbsp;&lt;a href=&quot;https://blog.delcity.net/category/battery-cables-accessories/&quot;>Battery Cables &amp;amp; Accessories&lt;/a>,&amp;nbsp;&lt;a href=&quot;https://blog.delcity.net/category/how-to/&quot;>How To&lt;/a>.&lt;/h6>&#xd;&#xa;"
                    textIsRich="true">
                    <cq:responsive jcr:primaryType="nt:unstructured">
                        <default
                            jcr:primaryType="nt:unstructured"
                            offset="0"
                            width="11"/>
                    </cq:responsive>
                </text_99319228>
                <separator
                    jcr:created="{Date}2022-02-23T12:21:01.507+05:30"
                    jcr:createdBy="admin"
                    jcr:lastModified="{Date}2022-02-23T12:21:01.507+05:30"
                    jcr:lastModifiedBy="admin"
                    jcr:primaryType="nt:unstructured"
                    sling:resourceType="ecomm-framework/components/content/separator"/>
                <button
                    jcr:created="{Date}2022-02-23T12:21:09.266+05:30"
                    jcr:createdBy="admin"
                    jcr:lastModified="{Date}2022-02-23T12:53:22.320+05:30"
                    jcr:lastModifiedBy="admin"
                    jcr:primaryType="nt:unstructured"
                    jcr:title=" New Blue Sea Systems Bus Bars"
                    sling:resourceType="ecomm-framework/components/content/button"
                    link="https://blog.delcity.net/new-blue-sea-systems-bus-bars-2/">
                    <cq:responsive jcr:primaryType="nt:unstructured">
                        <default
                            jcr:primaryType="nt:unstructured"
                            offset="1"
                            width="4"/>
                    </cq:responsive>
                </button>
                <button_1742990363
                    jcr:created="{Date}2022-02-23T12:22:50.757+05:30"
                    jcr:createdBy="admin"
                    jcr:lastModified="{Date}2022-02-23T12:23:18.873+05:30"
                    jcr:lastModifiedBy="admin"
                    jcr:primaryType="nt:unstructured"
                    jcr:title="Different Systems of Wire Connectors… "
                    sling:resourceType="ecomm-framework/components/content/button"
                    link="https://blog.delcity.net/different-systems-of-wire-connectors-their-varying-benefits/">
                    <cq:responsive jcr:primaryType="nt:unstructured">
                        <default
                            jcr:primaryType="nt:unstructured"
                            offset="3"
                            width="4"/>
                    </cq:responsive>
                </button_1742990363>
            </responsivegrid>
        </root>
    </jcr:content>
</jcr:root>
