<?xml version="1.0" encoding="UTF-8"?>
<jcr:root xmlns:sling="http://sling.apache.org/jcr/sling/1.0" xmlns:cq="http://www.day.com/jcr/cq/1.0" xmlns:jcr="http://www.jcp.org/jcr/1.0" xmlns:nt="http://www.jcp.org/jcr/nt/1.0"
    jcr:primaryType="cq:Page">
    <jcr:content
        cq:lastModified="{Date}2022-03-04T04:09:49.763-06:00"
        cq:lastModifiedBy="Anagha.Dwajan@mercmarine.com"
        cq:template="/conf/delcity/settings/wcm/templates/delcity-generic-template"
        jcr:primaryType="cq:PageContent"
        jcr:title="What Is A Fuse?"
        sling:resourceType="delcity/components/structure/page">
        <root
            jcr:primaryType="nt:unstructured"
            sling:resourceType="wcm/foundation/components/responsivegrid">
            <footer
                jcr:created="{Date}2021-06-21T14:21:52.357+05:30"
                jcr:createdBy="admin"
                jcr:lastModified="{Date}2022-02-01T17:04:20.028+05:30"
                jcr:lastModifiedBy="admin"
                jcr:primaryType="nt:unstructured"
                sling:resourceType="delcity/components/structure/footer"
                menutitle1="About Us"
                sendIcon="/content/dam/delcity/images/Icon-send@2x.png">
                <aboutus jcr:primaryType="nt:unstructured">
                    <item0
                        jcr:primaryType="nt:unstructured"
                        pagetitle="About Us"/>
                    <item1
                        jcr:primaryType="nt:unstructured"
                        pagetitle="Contact Us"/>
                    <item2
                        jcr:primaryType="nt:unstructured"
                        pagetitle="FAQs"/>
                </aboutus>
            </footer>
            <responsivegrid
                jcr:created="{Date}2021-06-21T14:21:44.042+05:30"
                jcr:createdBy="admin"
                jcr:lastModified="{Date}2022-02-01T17:04:38.578+05:30"
                jcr:lastModifiedBy="admin"
                jcr:primaryType="nt:unstructured"
                sling:resourceType="wcm/foundation/components/responsivegrid">
                <blogteaser_copy_copy
                    jcr:created="{Date}2022-02-18T12:11:12.828+05:30"
                    jcr:createdBy="admin"
                    jcr:lastModified="{Date}2022-02-26T15:17:46.688+05:30"
                    jcr:lastModifiedBy="admin"
                    jcr:primaryType="nt:unstructured"
                    sling:resourceType="ecomm-framework/components/content/blogteaser"
                    authoringDate="December 02, 2016"
                    authorName="Kelsey Scherf"
                    blogImage="/content/dam/delcity/images/blogs/image-not-available-image.png"
                    selectBrand="DC"
                    teaserHeader="What Is A Fuse?">
                    <categoryList jcr:primaryType="nt:unstructured">
                        <item0
                            jcr:primaryType="nt:unstructured"
                            delcitycategories="Fuses &amp; Fuse Accessories"/>
                    </categoryList>
                </blogteaser_copy_copy>
                <responsivegrid
                    jcr:created="{Date}2022-02-26T15:14:04.038+05:30"
                    jcr:createdBy="admin"
                    jcr:lastModified="{Date}2022-02-26T15:14:04.038+05:30"
                    jcr:lastModifiedBy="admin"
                    jcr:primaryType="nt:unstructured"
                    sling:resourceType="wcm/foundation/components/responsivegrid">
                    <cq:responsive jcr:primaryType="nt:unstructured"/>
                    <image_777226126_copy
                        jcr:created="{Date}2022-02-23T13:42:15.693+05:30"
                        jcr:createdBy="admin"
                        jcr:lastModified="{Date}2022-02-23T13:43:00.588+05:30"
                        jcr:lastModifiedBy="admin"
                        jcr:primaryType="nt:unstructured"
                        sling:resourceType="ecomm-framework/components/content/image"
                        altValueFromDAM="true"
                        displayPopupTitle="true"
                        fileReference="/content/dam/delcity/images/blogs/image-not-available-image.png"
                        isDecorative="false"
                        titleValueFromDAM="true">
                        <cq:responsive jcr:primaryType="nt:unstructured">
                            <default
                                jcr:primaryType="nt:unstructured"
                                offset="1"
                                width="3"/>
                        </cq:responsive>
                    </image_777226126_copy>
                    <text_2074569161_copy
                        jcr:created="{Date}2022-02-23T13:42:23.642+05:30"
                        jcr:createdBy="admin"
                        jcr:lastModified="{Date}2022-02-26T15:21:34.356+05:30"
                        jcr:lastModifiedBy="admin"
                        jcr:primaryType="nt:unstructured"
                        sling:resourceType="delcity/components/content/text"
                        text="&lt;h3>&lt;b>What is a fuse?&lt;/b>&lt;/h3>&#xd;&#xa;"
                        textIsRich="true">
                        <cq:responsive jcr:primaryType="nt:unstructured">
                            <default
                                jcr:primaryType="nt:unstructured"
                                offset="0"
                                width="7"/>
                        </cq:responsive>
                    </text_2074569161_copy>
                    <text
                        jcr:created="{Date}2022-02-26T15:22:16.674+05:30"
                        jcr:createdBy="admin"
                        jcr:lastModified="{Date}2022-02-27T15:40:50.556+05:30"
                        jcr:lastModifiedBy="admin"
                        jcr:primaryType="nt:unstructured"
                        sling:resourceType="delcity/components/content/text"
                        text="&lt;p>What is a fuse? Simply put, it’s your first line of defense against a short circuit.&lt;/p>&#xd;&#xa;&lt;p>When a circuit experiences an excessive amount of current flow,&amp;nbsp;&lt;a href=&quot;https://www.delcity.net/store/Fuses-&amp;amp;-Fuse-Taps/p_182&quot;>&lt;u>fuses&lt;/u>&lt;/a>&amp;nbsp;heat up and blow to protect the circuit from damage, such as fires. Usually, fuses are found close to the battery in order to avoid battery damage from a direct short in the cables coming off the posts. Often times you’ll find one larger fuse block closer to the battery, and then have the circuit branch out further away with additional, smaller fuse blocks.&lt;/p>&#xd;&#xa;&lt;p>Fuses function similar to circuit breakers, except circuit breakers are often more accessible. Typically, engineering schematics will dictate when and where you’ll need to use fuses versus circuit breakers.&amp;nbsp;&lt;b>&lt;/b>&lt;/p>&#xd;&#xa;&lt;h1>&lt;b>&amp;nbsp; &amp;nbsp; &amp;nbsp;Types of Fuses&lt;/b>&lt;/h1>&#xd;&#xa;&lt;p>There are a few main types of fuses. Most common are the blade and bolt down fuses. However, cartridge fuses and glass fuses have their place too. Let’s dive in:&lt;/p>&#xd;&#xa;"
                        textIsRich="true"/>
                    <text_copy_1668765296
                        cq:styleIds="[1629979540972]"
                        jcr:created="{Date}2022-02-23T13:30:18.772+05:30"
                        jcr:createdBy="admin"
                        jcr:lastModified="{Date}2022-02-26T15:26:07.618+05:30"
                        jcr:lastModifiedBy="admin"
                        jcr:primaryType="nt:unstructured"
                        sling:resourceType="delcity/components/content/text"
                        text="&lt;h3>&lt;b>&amp;nbsp; &amp;nbsp;Blade Fuses&lt;/b>&lt;/h3>&#xd;&#xa;&lt;h3>&amp;nbsp;&lt;/h3>&#xd;&#xa;&lt;p>One of the most common types of fuses are blade fuses, which typically have two flat terminals protruding from the fuse element housing. The housings are colored by amperage according to&amp;nbsp;the industry standards, and indicator fuse style housings appear clear. The clear housing of indicator fuses allows easy visibility to the indicator light showing a fuse is blown.&lt;/p>&#xd;&#xa;"
                        textIsRich="true">
                        <cq:responsive jcr:primaryType="nt:unstructured">
                            <default
                                jcr:primaryType="nt:unstructured"
                                offset="0"
                                width="8"/>
                        </cq:responsive>
                    </text_copy_1668765296>
                    <image_copy_200286822
                        jcr:created="{Date}2022-02-23T13:26:34.627+05:30"
                        jcr:createdBy="admin"
                        jcr:lastModified="{Date}2022-02-23T13:39:34.952+05:30"
                        jcr:lastModifiedBy="admin"
                        jcr:primaryType="nt:unstructured"
                        sling:resourceType="ecomm-framework/components/content/image"
                        altValueFromDAM="true"
                        displayPopupTitle="true"
                        fileReference="/content/dam/delcity/images/blogs/image-not-available-image.png"
                        isDecorative="false"
                        titleValueFromDAM="true">
                        <cq:responsive jcr:primaryType="nt:unstructured">
                            <default
                                jcr:primaryType="nt:unstructured"
                                offset="0"
                                width="3"/>
                        </cq:responsive>
                    </image_copy_200286822>
                    <text_50654304
                        cq:styleIds="[1629979540972]"
                        jcr:created="{Date}2022-02-26T15:26:21.337+05:30"
                        jcr:createdBy="admin"
                        jcr:lastModified="{Date}2022-02-27T15:42:11.740+05:30"
                        jcr:lastModifiedBy="admin"
                        jcr:primaryType="nt:unstructured"
                        sling:resourceType="delcity/components/content/text"
                        text="&lt;p>To begin, consider the most common type of blade fuse,&amp;nbsp;&lt;a href=&quot;https://www.delcity.net/store/ATO:ATC-Blade-Fuses/p_795488.h_795507&quot;>&lt;u>ATO fuses&lt;/u>&lt;/a>. This basic type of fuse is widely used automotive and marine applications. With standard size, color, and varied mounting options, they are an easy choice. This style of blade fuse even has a&amp;nbsp;&lt;a href=&quot;https://www.delcity.net/store/Smart-Glow-ATO-Fuses/p_800317&quot;>&lt;u>Smart Glow fuse&lt;/u>&lt;/a>&amp;nbsp;to indicate when a fuse is blown and makes it easy to find.&lt;/p>&#xd;&#xa;&lt;p>Another type of blade fuse you’ll see are the&amp;nbsp;&lt;a href=&quot;https://www.delcity.net/store/Mini-Fuses/p_800330&quot;>&lt;u>Mini fuses&lt;/u>&lt;/a>. Mini fuses were considered standard in newer vehicles for quite some time, being found in both domestic and foreign cars. There is also a&amp;nbsp;&lt;a href=&quot;https://www.delcity.net/store/Mini-Indicator-Fuses/p_805801&quot;>&lt;u>Mini indicator fuse&lt;/u>&lt;/a>&amp;nbsp;to show when your fuse has blown. A&amp;nbsp;&lt;a href=&quot;https://www.delcity.net/store/Mini-Indicator-Fuses/p_805801of&quot;>&lt;u>Low-profile mini fuse&lt;/u>&lt;/a>&amp;nbsp;is&amp;nbsp;a great choice for when there are numerous electrical circuits, especially due to their small size. However, there are some blade fuses even smaller than the Mini fuses!&lt;/p>&#xd;&#xa;&lt;p>&lt;a href=&quot;https://www.delcity.net/store/Micro2-Fuses/p_804907&quot;>&lt;u>Micro2 fuses&lt;/u>&lt;/a>&amp;nbsp;and&amp;nbsp;&lt;a href=&quot;https://www.delcity.net/store/Micro3-Fuses/p_805896&quot;>&lt;u>Micro3 fuses&lt;/u>&lt;/a>&amp;nbsp;have now surpassed Mini fuses in being the new vehicle standard. Micro2 fuses are great for high temperature environments, and are RoHS compliant. On the other hand, Micro3 fuses are similar to Micro2 fuses except the Micro3s have a different footprint. Instead of just having 2 terminals, they have 3 terminals. The center terminal in Micro3 fuse is common to both of its fuse elements.&lt;/p>&#xd;&#xa;&lt;p>Last, but not least, are the&amp;nbsp;&lt;a href=&quot;https://www.delcity.net/store/Maxi-Fuses/p_11504&quot;>&lt;u>Maxi blade fuses&lt;/u>&lt;/a>. These are the largest type of blade fuse, and are often found in older vehicles with high amperage circuits. Maxi fuses are found in both foreign and domestic cars.&amp;nbsp;&lt;a href=&quot;https://www.delcity.net/store/Maxi-Indicator-Fuse/p_805815&quot;>&lt;u>Maxi indicator fuses&lt;/u>&lt;/a>&amp;nbsp;are also available.&lt;/p>&#xd;&#xa;&lt;p>&amp;nbsp;&lt;/p>&#xd;&#xa;&lt;h3>&lt;b>&amp;nbsp;&amp;nbsp;&amp;nbsp;&amp;nbsp;Bolt Down&amp;nbsp;Fuses&lt;/b>&lt;/h3>&#xd;&#xa;&lt;p>When more amperage is required, bolt-down fuses come into play. Plus, having a bolt-down design allows for easy installation and replacement.&lt;/p>&#xd;&#xa;&lt;p>&lt;a href=&quot;https://www.delcity.net/store/MEGA-Fuse/p_819019&quot;>&lt;u>MEGA fuses&lt;/u>&lt;/a>&amp;nbsp;provide the best battery and alternator protection, with their ultra-high current protection. Similar to other fuses, MEGA fuses are an industry standard for high current automotive applications. Available in 100A-500A.&amp;nbsp;&lt;a href=&quot;https://www.delcity.net/store/BF2-MEGA-Fuses/p_819020&quot;>&lt;u>BF2 MEGA fuses&lt;/u>&lt;/a>&amp;nbsp;are now also available, which provide tin-plated contacts and clear housing for identifying blown fuses fast and easy.&lt;/p>&#xd;&#xa;"
                        textIsRich="true"/>
                    <text_copy_1668765296_900782568
                        cq:styleIds="[1629979540972]"
                        jcr:created="{Date}2022-02-23T13:30:18.772+05:30"
                        jcr:createdBy="admin"
                        jcr:lastModified="{Date}2022-02-27T15:42:37.038+05:30"
                        jcr:lastModifiedBy="admin"
                        jcr:primaryType="nt:unstructured"
                        sling:resourceType="delcity/components/content/text"
                        text="&lt;p>On the other hand,&amp;nbsp;&lt;a href=&quot;https://www.delcity.net/store/MIDI-Fuses/p_819005&quot;>&lt;u>MIDI fuses&lt;/u>&lt;/a>&amp;nbsp;are not only a space saver for high current applications, but they are cost-effective. Plus, with tin-plated contacts there is a superior resistance to corrosion.&amp;nbsp;Available 30A-300A. Now, also available is the&amp;nbsp;&lt;a href=&quot;https://www.delcity.net/store/BF1-MIDI-Fuses/p_819006&quot;>&lt;u>BF1 MIDI fuse&lt;/u>&lt;/a>&amp;nbsp;which has a clear housing for quick identification of a blown fuse.&lt;/p>&#xd;&#xa;&lt;p>For inductive circuits, there are&amp;nbsp;&lt;a href=&quot;https://www.delcity.net/store/ANL-Low-Voltage-Limited-Non-Time-Delay-Fuses/p_808853&quot;>&lt;u>ANL fuses&lt;/u>&lt;/a>. Designed as a low-voltage fuse with time-delay sizing, these fuses are an excellent choice for fork lifts, marine, aviation, and more. Plus, &amp;nbsp;the small footprint is a space saver! ANL fuses isolate equipment faults in battery operated systems. These fuses come standard with a visible indicator of a blown fuse, and have silver-plated contacts to resist corrosion.&lt;/p>&#xd;&#xa;"
                        textIsRich="true">
                        <cq:responsive jcr:primaryType="nt:unstructured">
                            <default
                                jcr:primaryType="nt:unstructured"
                                offset="0"
                                width="8"/>
                        </cq:responsive>
                    </text_copy_1668765296_900782568>
                    <image_copy_200286822_1204280874
                        jcr:created="{Date}2022-02-23T13:26:34.627+05:30"
                        jcr:createdBy="admin"
                        jcr:lastModified="{Date}2022-02-23T13:39:34.952+05:30"
                        jcr:lastModifiedBy="admin"
                        jcr:primaryType="nt:unstructured"
                        sling:resourceType="ecomm-framework/components/content/image"
                        altValueFromDAM="true"
                        displayPopupTitle="true"
                        fileReference="/content/dam/delcity/images/blogs/image-not-available-image.png"
                        isDecorative="false"
                        titleValueFromDAM="true">
                        <cq:responsive jcr:primaryType="nt:unstructured">
                            <default
                                jcr:primaryType="nt:unstructured"
                                offset="0"
                                width="3"/>
                        </cq:responsive>
                    </image_copy_200286822_1204280874>
                    <text_453157952
                        cq:styleIds="[1629979540972]"
                        jcr:created="{Date}2022-02-26T15:29:13.608+05:30"
                        jcr:createdBy="admin"
                        jcr:lastModified="{Date}2022-02-27T15:44:27.462+05:30"
                        jcr:lastModifiedBy="admin"
                        jcr:primaryType="nt:unstructured"
                        sling:resourceType="delcity/components/content/text"
                        text="&lt;p>&lt;a href=&quot;https://www.delcity.net/store/ZCase-Fuses/p_809230&quot;>&lt;u>ZCase fuses&lt;/u>&lt;/a>&amp;nbsp;are great when a minimal footprint is required, and are similar to MEGA fuses in their time current characteristic. They can actually be used directly on a battery post!&lt;/p>&#xd;&#xa;&lt;p>For marine applications, the&amp;nbsp;&lt;a href=&quot;https://www.delcity.net/store/Marine-Rated-Battery-Fuses/p_808921&quot;>&lt;u>Marine Rated Battery Fuse&lt;/u>&lt;/a>&amp;nbsp;offers high current protection, minimal space, and a clear view inspection window to see if it is blown. MRB fuses are commonly used in main and auxiliary circuit protection such as alternator outputs, start motor inputs, and accessory circuits.&lt;/p>&#xd;&#xa;&lt;p>Finally, we have the&amp;nbsp;&lt;a href=&quot;https://www.delcity.net/store/Class-T-Fuses/p_812001&quot;>&lt;u>Class T fuses&lt;/u>&lt;/a>&amp;nbsp;which are preferred when a high-degree of current-limitation is needed on short-circuits. With that, Class Ts are commonly used for load centers, disconnect switches, and meters. Easily install these fuses in panel boards&amp;nbsp;and control centers due to their size. This is often times a safer option when the existing&amp;nbsp;&lt;a href=&quot;https://www.delcity.net/store/Circuit-Breakers/&quot;>&lt;u>circuit breakers&lt;/u>&lt;/a>&amp;nbsp;cannot be used.&lt;/p>&#xd;&#xa;"
                        textIsRich="true"/>
                    <text_copy_1668765296_1045624251
                        cq:styleIds="[1629979540972]"
                        jcr:created="{Date}2022-02-23T13:30:18.772+05:30"
                        jcr:createdBy="admin"
                        jcr:lastModified="{Date}2022-02-27T15:43:52.318+05:30"
                        jcr:lastModifiedBy="admin"
                        jcr:primaryType="nt:unstructured"
                        sling:resourceType="delcity/components/content/text"
                        text="&lt;h3>&lt;b>&amp;nbsp; Cartridge Fuses&lt;/b>&lt;/h3>&#xd;&#xa;&lt;p>Designed reverse to other fuses, cartridge fuses are a female version of a blade fuse in&amp;nbsp;to avoid wear and tear.&amp;nbsp;&lt;/p>&#xd;&#xa;&lt;p>Cartridge fuse styles include&amp;nbsp;&lt;a href=&quot;https://www.delcity.net/store/JCase-Fuses/p_557868&quot;>&lt;u>JCASE&lt;/u>&lt;/a>,&amp;nbsp;&lt;a href=&quot;https://www.delcity.net/store/MCASE-Fuses/p_805613.h_805614&quot;>&lt;u>MCASE&lt;/u>&lt;/a>, and&amp;nbsp;&lt;a href=&quot;https://www.delcity.net/store/PAL-Fuses/p_800292&quot;>&lt;u>PAL&lt;/u>&lt;/a>. The style you choose largely depends&amp;nbsp;on the application demands. For example, if you need a time delay,&amp;nbsp;&lt;a href=&quot;https://www.delcity.net/store/MCase-Fuses/p_805613&quot;>&lt;u>MCASE&lt;/u>&lt;/a>&amp;nbsp;is probably a good option to consider.&lt;/p>&#xd;&#xa;"
                        textIsRich="true">
                        <cq:responsive jcr:primaryType="nt:unstructured">
                            <default
                                jcr:primaryType="nt:unstructured"
                                offset="0"
                                width="8"/>
                        </cq:responsive>
                    </text_copy_1668765296_1045624251>
                    <image_copy_200286822_2030715515
                        jcr:created="{Date}2022-02-23T13:26:34.627+05:30"
                        jcr:createdBy="admin"
                        jcr:lastModified="{Date}2022-02-23T13:39:34.952+05:30"
                        jcr:lastModifiedBy="admin"
                        jcr:primaryType="nt:unstructured"
                        sling:resourceType="ecomm-framework/components/content/image"
                        altValueFromDAM="true"
                        displayPopupTitle="true"
                        fileReference="/content/dam/delcity/images/blogs/image-not-available-image.png"
                        isDecorative="false"
                        titleValueFromDAM="true">
                        <cq:responsive jcr:primaryType="nt:unstructured">
                            <default
                                jcr:primaryType="nt:unstructured"
                                offset="0"
                                width="3"/>
                        </cq:responsive>
                    </image_copy_200286822_2030715515>
                    <text_copy_1668765296_1450546899
                        cq:styleIds="[1629979540972]"
                        jcr:created="{Date}2022-02-23T13:30:18.772+05:30"
                        jcr:createdBy="admin"
                        jcr:lastModified="{Date}2022-02-27T15:43:21.368+05:30"
                        jcr:lastModifiedBy="admin"
                        jcr:primaryType="nt:unstructured"
                        sling:resourceType="delcity/components/content/text"
                        text="&lt;h3>&lt;b>&amp;nbsp; Glass Fuses&lt;/b>&lt;/h3>&#xd;&#xa;&lt;p>Glass fuses are often found in older vehicles, yet can still be found in electrical applications today. The&amp;nbsp;&lt;a href=&quot;https://www.delcity.net/store/AGC-Glass-Fuses/p_800358&quot;>&lt;u>AGC style&lt;/u>&lt;/a>&amp;nbsp;fuses&amp;nbsp;are a classic fuse and are the style you’ll find in the older&amp;nbsp;vehicles. On the other hand, the&amp;nbsp;&lt;a href=&quot;https://www.delcity.net/store/MDL-Slow-Blow-Glass-Fuses/p_808945&quot;>&lt;u>MDL Slow Blow fuse&lt;/u>&lt;/a>&amp;nbsp;is a time delay glass fuse that is found in a variety of applications. The one you choose largely depends on your application’s specs.&lt;/p>&#xd;&#xa;"
                        textIsRich="true">
                        <cq:responsive jcr:primaryType="nt:unstructured">
                            <default
                                jcr:primaryType="nt:unstructured"
                                offset="0"
                                width="8"/>
                        </cq:responsive>
                    </text_copy_1668765296_1450546899>
                    <image_copy_200286822_1429523439
                        jcr:created="{Date}2022-02-23T13:26:34.627+05:30"
                        jcr:createdBy="admin"
                        jcr:lastModified="{Date}2022-02-23T13:39:34.952+05:30"
                        jcr:lastModifiedBy="admin"
                        jcr:primaryType="nt:unstructured"
                        sling:resourceType="ecomm-framework/components/content/image"
                        altValueFromDAM="true"
                        displayPopupTitle="true"
                        fileReference="/content/dam/delcity/images/blogs/image-not-available-image.png"
                        isDecorative="false"
                        titleValueFromDAM="true">
                        <cq:responsive jcr:primaryType="nt:unstructured">
                            <default
                                jcr:primaryType="nt:unstructured"
                                offset="0"
                                width="3"/>
                        </cq:responsive>
                    </image_copy_200286822_1429523439>
                    <text_254766057
                        jcr:created="{Date}2022-02-26T15:38:32.645+05:30"
                        jcr:createdBy="admin"
                        jcr:lastModified="{Date}2022-02-27T15:43:00.174+05:30"
                        jcr:lastModifiedBy="admin"
                        jcr:primaryType="nt:unstructured"
                        sling:resourceType="delcity/components/content/text"
                        text="&lt;p>Like many things, the type of fuse you need to use depends on the application in which you’re using it. If you still have questions on the best fit for your application,&amp;nbsp;&lt;b>give our Technical Support a call at 1.800.654.4757.&amp;nbsp;&lt;/b>&lt;/p>&#xd;&#xa;&lt;p>To read more articles and how-to content, check out our blog, “The Current”&amp;nbsp;&lt;a href=&quot;https://blog.delcity.net/&quot;>&lt;u>here&lt;/u>!&lt;/a>&lt;/p>&#xd;&#xa;&lt;h6>&amp;nbsp;&amp;nbsp;&amp;nbsp;&amp;nbsp;&amp;nbsp;&amp;nbsp;&amp;nbsp;&amp;nbsp;&amp;nbsp;&amp;nbsp;&amp;nbsp;&amp;nbsp;&amp;nbsp;&amp;nbsp;Posted in&amp;nbsp;&lt;a href=&quot;https://blog.delcity.net/category/fuses-fuse-accessories/&quot;>&lt;u>Fuses &amp;amp; Fuse Accessories&lt;/u>&lt;/a>.&lt;/h6>&#xd;&#xa;"
                        textIsRich="true"/>
                    <separator
                        jcr:created="{Date}2022-02-26T15:40:10.847+05:30"
                        jcr:createdBy="admin"
                        jcr:lastModified="{Date}2022-02-26T15:40:10.847+05:30"
                        jcr:lastModifiedBy="admin"
                        jcr:primaryType="nt:unstructured"
                        sling:resourceType="ecomm-framework/components/content/separator"/>
                    <button_copy
                        jcr:created="{Date}2022-02-26T15:06:50.820+05:30"
                        jcr:createdBy="admin"
                        jcr:lastModified="{Date}2022-02-26T15:41:24.796+05:30"
                        jcr:lastModifiedBy="admin"
                        jcr:primaryType="nt:unstructured"
                        jcr:title="How To Install Battery Cable Repair Splices"
                        sling:resourceType="ecomm-framework/components/content/button"
                        link="https://blog.delcity.net/how-to-install-battery-cable-repair-splices/">
                        <cq:responsive jcr:primaryType="nt:unstructured">
                            <default
                                jcr:primaryType="nt:unstructured"
                                offset="1"
                                width="3"/>
                        </cq:responsive>
                    </button_copy>
                    <button_1313561546_co
                        jcr:created="{Date}2022-02-26T15:06:58.991+05:30"
                        jcr:createdBy="admin"
                        jcr:lastModified="{Date}2022-02-26T15:42:13.799+05:30"
                        jcr:lastModifiedBy="admin"
                        jcr:primaryType="nt:unstructured"
                        jcr:title="7 Way Trailer Plug Diagram"
                        sling:resourceType="ecomm-framework/components/content/button"
                        link="https://blog.delcity.net/7-way-trailer-plug-diagram/">
                        <cq:responsive jcr:primaryType="nt:unstructured">
                            <default
                                jcr:primaryType="nt:unstructured"
                                offset="6"
                                width="2"/>
                        </cq:responsive>
                    </button_1313561546_co>
                </responsivegrid>
            </responsivegrid>
        </root>
    </jcr:content>
</jcr:root>
