<?xml version="1.0" encoding="UTF-8"?>
<jcr:root xmlns:sling="http://sling.apache.org/jcr/sling/1.0" xmlns:cq="http://www.day.com/jcr/cq/1.0" xmlns:jcr="http://www.jcp.org/jcr/1.0" xmlns:nt="http://www.jcp.org/jcr/nt/1.0"
    jcr:primaryType="cq:Page">
    <jcr:content
        cq:lastModified="{Date}2022-03-04T07:11:14.627-06:00"
        cq:lastModifiedBy="Praveen.Vatchavayi@mercmarine.com"
        cq:template="/conf/delcity/settings/wcm/templates/delcity-generic-template"
        jcr:primaryType="cq:PageContent"
        jcr:title="Del City Lowers All Wire Prices"
        sling:resourceType="delcity/components/structure/page">
        <root
            jcr:primaryType="nt:unstructured"
            sling:resourceType="wcm/foundation/components/responsivegrid">
            <footer
                jcr:created="{Date}2021-06-21T14:21:52.357+05:30"
                jcr:createdBy="admin"
                jcr:lastModified="{Date}2022-02-01T17:04:20.028+05:30"
                jcr:lastModifiedBy="admin"
                jcr:primaryType="nt:unstructured"
                sling:resourceType="delcity/components/structure/footer"
                menutitle1="About Us"
                sendIcon="/content/dam/delcity/images/Icon-send@2x.png">
                <aboutus jcr:primaryType="nt:unstructured">
                    <item0
                        jcr:primaryType="nt:unstructured"
                        pagetitle="About Us"/>
                    <item1
                        jcr:primaryType="nt:unstructured"
                        pagetitle="Contact Us"/>
                    <item2
                        jcr:primaryType="nt:unstructured"
                        pagetitle="FAQs"/>
                </aboutus>
            </footer>
            <responsivegrid
                jcr:created="{Date}2021-06-21T14:21:44.042+05:30"
                jcr:createdBy="admin"
                jcr:lastModified="{Date}2022-02-01T17:04:38.578+05:30"
                jcr:lastModifiedBy="admin"
                jcr:primaryType="nt:unstructured"
                sling:resourceType="wcm/foundation/components/responsivegrid">
                <blogteaser
                    jcr:created="{Date}2022-02-21T16:11:22.291+05:30"
                    jcr:createdBy="admin"
                    jcr:lastModified="{Date}2022-02-28T12:16:35.525+05:30"
                    jcr:lastModifiedBy="admin"
                    jcr:primaryType="nt:unstructured"
                    sling:resourceType="ecomm-framework/components/content/blogteaser"
                    authoringDate="November 07, 2018"
                    authorName="Kelsey Scherf"
                    blogImage="/content/dam/delcity/images/blogs/image-not-available-image.png"
                    selectBrand="DC"
                    teaserHeader="Del City Lowers All Wire Prices">
                    <categoryList jcr:primaryType="nt:unstructured">
                        <item0
                            jcr:primaryType="nt:unstructured"
                            delcitycategories="Industry News"/>
                        <item1
                            jcr:primaryType="nt:unstructured"
                            delcitycategories="Wire &amp; Cable"/>
                    </categoryList>
                </blogteaser>
                <responsivegrid
                    jcr:created="{Date}2022-02-21T16:11:14.803+05:30"
                    jcr:createdBy="admin"
                    jcr:lastModified="{Date}2022-02-21T16:11:14.803+05:30"
                    jcr:lastModifiedBy="admin"
                    jcr:primaryType="nt:unstructured"
                    sling:resourceType="wcm/foundation/components/responsivegrid">
                    <cq:responsive jcr:primaryType="nt:unstructured"/>
                    <image
                        jcr:created="{Date}2022-02-21T16:23:45.412+05:30"
                        jcr:createdBy="admin"
                        jcr:lastModified="{Date}2022-02-21T16:32:17.355+05:30"
                        jcr:lastModifiedBy="admin"
                        jcr:primaryType="nt:unstructured"
                        sling:resourceType="ecomm-framework/components/content/image"
                        altValueFromDAM="true"
                        displayPopupTitle="true"
                        fileReference="/content/dam/delcity/images/blogs/image-not-available-image.png"
                        isDecorative="false"
                        titleValueFromDAM="true">
                        <cq:responsive jcr:primaryType="nt:unstructured">
                            <default
                                jcr:primaryType="nt:unstructured"
                                offset="1"
                                width="3"/>
                        </cq:responsive>
                    </image>
                    <text
                        jcr:created="{Date}2022-02-21T16:23:55.442+05:30"
                        jcr:createdBy="admin"
                        jcr:lastModified="{Date}2022-02-21T16:49:30.836+05:30"
                        jcr:lastModifiedBy="admin"
                        jcr:primaryType="nt:unstructured"
                        sling:resourceType="delcity/components/content/text"
                        text="&lt;p>&lt;b>Del City Lowers All Wire Prices&lt;/b>&lt;/p>&#xd;&#xa;"
                        textIsRich="true">
                        <cq:responsive jcr:primaryType="nt:unstructured">
                            <default
                                jcr:primaryType="nt:unstructured"
                                offset="1"
                                width="7"/>
                        </cq:responsive>
                    </text>
                    <text_1124906462
                        cq:styleIds="[1629979540972]"
                        jcr:created="{Date}2022-02-21T16:49:55.879+05:30"
                        jcr:createdBy="admin"
                        jcr:lastModified="{Date}2022-02-28T12:17:11.997+05:30"
                        jcr:lastModifiedBy="admin"
                        jcr:primaryType="nt:unstructured"
                        sling:resourceType="delcity/components/content/text"
                        text="&lt;p>&amp;nbsp;&lt;/p>&#xd;&#xa;&lt;p>(Menomonee Falls, WI)- Del City is proud to announce an overall price decrease on wire. This includes all Del City wire lines including primary, cross-link, parallel, RVI, marine grade, ripcord, speaker, and shielded wire. This decision was made in response to decreasing copper prices and industry changes. Del City wants to pass these cost savings onto their customers both to show appreciation as well as provide fair prices.&lt;/p>&#xd;&#xa;&lt;p>&amp;nbsp;&lt;/p>&#xd;&#xa;&lt;p>The wire price decrease will be in place on November 6th, 2018 with an overall 6% decrease on the price of Del City’s wire. Wire is one of Del City’s largest product categories used in industries such as automotive, marine, industrial, and more. Del City is extending this pricing to all wire categories to increase ease for customers. Kevin Lois, Pricing Manager, states “Del City wants to decrease wire prices across the board to appeal to all customers. We are excited to implement this change to stay an industry leader.”&lt;/p>&#xd;&#xa;&lt;p>&amp;nbsp;&lt;/p>&#xd;&#xa;&lt;p>For any questions regarding the price decrease of wire, please reach out to Del City at 1.800.654.4757. Del City strives to be your one stop shop for all your 12V electrical and transportation needs. &amp;nbsp;To see the variety of products and to learn more about the company, visit&amp;nbsp;&lt;a href=&quot;http://www.delcity.net/&quot;>&lt;u>www.delcity.net&lt;/u>&lt;/a>.&lt;/p>&#xd;&#xa;&lt;p>&amp;nbsp;&lt;/p>&#xd;&#xa;&lt;p style=&quot;text-align: center;&quot;>###&lt;/p>&#xd;&#xa;&lt;p style=&quot;text-align: center;&quot;>&amp;nbsp;&lt;/p>&#xd;&#xa;&lt;h6>&amp;nbsp; &amp;nbsp; &amp;nbsp; &amp;nbsp;Posted in&amp;nbsp;&lt;a href=&quot;https://blog.delcity.net/category/industry-news/&quot;>&lt;u>Industry News&lt;/u>&lt;/a>,&amp;nbsp;&lt;a href=&quot;https://blog.delcity.net/category/wire-cable/&quot;>&lt;u>Wire &amp;amp; Cable&lt;/u>&lt;/a>.&lt;/h6>&#xd;&#xa;"
                        textIsRich="true"/>
                    <separator
                        jcr:created="{Date}2022-02-21T16:53:31.370+05:30"
                        jcr:createdBy="admin"
                        jcr:lastModified="{Date}2022-02-21T16:53:31.370+05:30"
                        jcr:lastModifiedBy="admin"
                        jcr:primaryType="nt:unstructured"
                        sling:resourceType="ecomm-framework/components/content/separator"/>
                    <button
                        jcr:created="{Date}2022-02-21T16:53:40.550+05:30"
                        jcr:createdBy="admin"
                        jcr:lastModified="{Date}2022-02-21T16:54:49.669+05:30"
                        jcr:lastModifiedBy="admin"
                        jcr:primaryType="nt:unstructured"
                        jcr:title="Growth in the Marine Industry"
                        sling:resourceType="ecomm-framework/components/content/button"
                        link="https://blog.delcity.net/growth-in-the-marine-industry/">
                        <cq:responsive jcr:primaryType="nt:unstructured">
                            <default
                                jcr:primaryType="nt:unstructured"
                                offset="1"
                                width="3"/>
                        </cq:responsive>
                    </button>
                    <button_1549819737
                        jcr:created="{Date}2022-02-21T16:53:48.275+05:30"
                        jcr:createdBy="admin"
                        jcr:lastModified="{Date}2022-02-21T16:55:15.806+05:30"
                        jcr:lastModifiedBy="admin"
                        jcr:primaryType="nt:unstructured"
                        jcr:title="Del City’s Marine Catalog"
                        sling:resourceType="ecomm-framework/components/content/button"
                        link="https://blog.delcity.net/del-city-marine-catalog/">
                        <cq:responsive jcr:primaryType="nt:unstructured">
                            <default
                                jcr:primaryType="nt:unstructured"
                                offset="5"
                                width="3"/>
                        </cq:responsive>
                    </button_1549819737>
                </responsivegrid>
            </responsivegrid>
        </root>
    </jcr:content>
</jcr:root>
